Walmart.com Order #,Walmart.com Order Line #,Walmart.com PO #,Walmart.com P.O. Line #,Partner Order #,Transaction Type,Transaction Date Time,Shipped Qty,Partner Item ID,Partner GTIN,Partner Item name,Product tax code,Shipping tax code,Gift wrap tax code,Ship to state,Ship to county,County Code,Ship to city,Zip code,shipping_method,Total tender to / from customer,Payable to Partner from Sale,Commission from Sale,Commission Rate,Gross Sales Revenue,Refunded Retail Sales,Sales refund for Escalation,Gross Shipping Revenue,Gross Shipping Refunded,Shipping refund for Escalation,Net Shipping Revenue,Gross Fee Revenue,Gross Fee Refunded,Fee refund for Escalation,Net Fee Revenue,Gift Wrap Quantity,Gross Gift-Wrap Revenue,Gross Gift-Wrap Refunded,Gift wrap refund for Escalation,Net Gift Wrap Revenue,Tax on Sales Revenue,Tax on Shipping Revenue,Tax on Gift-Wrap Revenue,Tax on Fee Revenue,Effective tax rate,Tax on Refunded Sales,Tax on Shipping Refund,Tax on Gift-Wrap Refund,Tax on Fee Refund,Tax on Sales refund for Escalation,Tax on Shipping Refund for Escalation,Tax on Gift-Wrap Refund for escalation,Tax on Fee Refund for escalation,Total NET Tax Collected,Tax Withheld,Adjustment Description,Adjustment Code,Original Item price,Original Commission Amount,Spec Category,Contract Category,Product Type,Flex Commission Rule,Return Reason Code,Return Reason Description,Fee Withheld Flag,Fulfillment Type,Fulfillment Details,Commission Incentive Program,Commission Saving,Customer Promo Type,Total Walmart Funded Savings,Total Walmart Funded Savings Program,Item Condition
200012375485826,1,108920288454447,1,,SALE,07/20/2024,1,JGWLMD020SL,06973813987629,Tolead 15.8 Diameter Hexagonal Chicken Coop with Galvanized Steel Frame & Water-Resistant Oxford Tarp,2038710,,,AL,,,Eight Mile,36613,Marketplace value,269.99,220.99,39.00,15.00,249.99,0.00,0.00,0.00,0.00,0.00,0.00,0.00,0.00,0.00,0.00,0,0.00,0.00,0.00,0.00,20.00,0.00,0.00,0.00,0.00,0.00,0.00,0.00,0.00,0.00,0.00,0.00,0.00,20.00,Y,,,259.99,-39.00,Animal Accessories,Pet Supplies,Chicken Coops,BSE-53-12.0,,,N,Seller Fulfilled,Delivery,,0.00,,-10.00,WM_DISC,New
200012358653927,1,108920392724220,1,,SALE,07/21/2024,1,NFN002NL,06973813984277,Tolead Rattan Nightstand Boho Side Table with Handmade Rattan Decorated Drawer Bedroom Living Room Natural,2038710,,,FL,,,Longboat Key,34228,Marketplace value,66.33,52.69,9.30,15.00,61.99,0.00,0.00,0.00,0.00,0.00,0.00,0.00,0.00,0.00,0.00,0,0.00,0.00,0.00,0.00,4.34,0.00,0.00,0.00,0.00,0.00,0.00,0.00,0.00,0.00,0.00,0.00,0.00,4.34,Y,,,,-9.30,Furniture,Furniture & Decor,Nightstands,BSE-82-2.0,,,N,Seller Fulfilled,Delivery,,0.00,,,,
200012333586446,1,108920611764596,1,,SALE,07/23/2024,1,JGWLMB027GR,06976391068018,Tolead 10 x 15 Outdoor Metal Carport Heavy Duty Galvanized Steel Car Canopy for Truck SUV Boat Grey,2038710,,,MN,,,Princeton,55371,Marketplace value,751.61,619.98,80.01,11.43,699.99,0.00,0.00,0.00,0.00,0.00,0.00,0.00,0.00,0.00,0.00,0,0.00,0.00,0.00,0.00,51.62,0.00,0.00,0.00,0.00,0.00,0.00,0.00,0.00,0.00,0.00,0.00,0.00,51.62,Y,,,,-80.01,Garden & Patio,Home & Garden,Carports,BSE-83-3.0,,,N,Seller Fulfilled,Delivery,,0.00,,,,
200012315101841,1,108920699915065,1,,SALE,07/22/2024,1,PTB005GR,06973813986738,Tolead Wood Dog Crate Kennel Side End Table Indoor Dog Cage,2038710,,,OR,,,Forest Grove,97116,Marketplace standard,149.99,127.49,22.50,15.00,149.99,0.00,0.00,0.00,0.00,0.00,0.00,0.00,0.00,0.00,0.00,0,0.00,0.00,0.00,0.00,0.00,0.00,0.00,0.00,0.00,0.00,0.00,0.00,0.00,0.00,0.00,0.00,0.00,0.00,N,,,,-22.50,Animal Accessories,Furniture & Decor,End Tables,BSE-82-2.0,,,N,Seller Fulfilled,Delivery,,0.00,,,,
200012286675166,1,108920599369300,1,,SALE,07/22/2024,1,NFJ002GR,06973813984550,Tolead Convertible Folding Sleeper Sofa Chair Bed with Adjustable Backrest Reading Bedroom Living Room,2038710,,,NC,,,Powells Point,27966,Marketplace value,233.77,187.08,31.91,14.57,218.99,0.00,0.00,0.00,0.00,0.00,0.00,0.00,0.00,0.00,0.00,0,0.00,0.00,0.00,0.00,14.78,0.00,0.00,0.00,0.00,0.00,0.00,0.00,0.00,0.00,0.00,0.00,0.00,14.78,Y,,,,-31.91,Furniture,Furniture & Decor,Sofas & Couches,BSE-82-2.0,,,N,Seller Fulfilled,Delivery,,0.00,,,,
200012286673190,6,108919980188584,1,,SALE,07/16/2024,1,NFN002NL,06973813984277,Tolead Rattan Nightstand Boho Side Table with Handmade Rattan Decorated Drawer Bedroom Living Room Natural,2038710,,,FL,,,Deland,32720,Marketplace value,66.02,52.69,9.30,15.00,61.99,0.00,0.00,0.00,0.00,0.00,0.00,0.00,0.00,0.00,0.00,0,0.00,0.00,0.00,0.00,4.03,0.00,0.00,0.00,0.00,0.00,0.00,0.00,0.00,0.00,0.00,0.00,0.00,4.03,Y,,,,-9.30,Furniture,Furniture & Decor,Nightstands,BSE-82-2.0,,,N,Seller Fulfilled,Delivery,,0.00,,,,
200012280957569,5,108920393151408,1,,SALE,07/21/2024,1,NFP012GR,06973813987711,Tolead 6pcs Adjustable Orthopedic Bed Wedge Pillow Set Sleeping Sitting Pillow Gray,2039972,,,TX,,,San Angelo,76904,Marketplace value,108.23,84.99,15.00,15.00,99.99,0.00,0.00,0.00,0.00,0.00,0.00,0.00,0.00,0.00,0.00,0,0.00,0.00,0.00,0.00,8.24,0.00,0.00,0.00,0.00,0.00,0.00,0.00,0.00,0.00,0.00,0.00,0.00,8.24,Y,,,,-15.00,Bedding,Home & Garden,Wedge Pillows,BSE-67-9.0,,,N,Seller Fulfilled,Delivery,,0.00,,,,New
200012278108475,1,108920598569211,1,,SALE,07/22/2024,1,NFN017NL,06973813988381,Tolead 2Pcs Rattan Nightstand Set Boho Side Table with Handmade Rattan Decorated Drawer Natural,2038710,,,FL,,,North Miami,33161,Marketplace value,128.39,101.99,18.00,15.00,119.99,0.00,0.00,0.00,0.00,0.00,0.00,0.00,0.00,0.00,0.00,0,0.00,0.00,0.00,0.00,8.40,0.00,0.00,0.00,0.00,0.00,0.00,0.00,0.00,0.00,0.00,0.00,0.00,8.40,Y,,,,-18.00,Furniture,Furniture & Decor,Nightstands,BSE-82-2.0,,,N,Seller Fulfilled,Delivery,,0.00,,,,
200012270946929,1,108920715371272,1,,SALE,07/24/2024,1,NFJ003RE,06973813980859,Tolead Royal Velvet High Back Armless Chairs Retro Elegant Luxury Throne Chair Upholstered Tufted Accent Seat w/Storage Red,2038710,,,NY,,,New York,10002,Marketplace standard,206.85,161.49,28.50,15.00,189.99,0.00,0.00,0.00,0.00,0.00,0.00,0.00,0.00,0.00,0.00,0,0.00,0.00,0.00,0.00,16.86,0.00,0.00,0.00,0.00,0.00,0.00,0.00,0.00,0.00,0.00,0.00,0.00,16.86,Y,,,,-28.50,Furniture,Furniture & Decor,Armchairs & Accent Chairs,BSE-82-2.0,,,N,Seller Fulfilled,Delivery,,0.00,,,,
200012257533126,2,108920610129511,1,,SALE,07/22/2024,1,JGWLMC007GD,06976391061422,Tolead 3-in-1 Convertible Baby High Chair with 2-Level Height Adjustable Legs 3-Level Adjustable Tray for Babies and Toddlers Baby Highchair with 5-Point Safety Belt & Footrest Dark Gray,2038710,,,WA,,,Longview,98632,Marketplace value,68.08,53.53,9.45,15.00,62.98,0.00,0.00,0.00,0.00,0.00,0.00,0.00,0.00,0.00,0.00,0,0.00,0.00,0.00,0.00,5.10,0.00,0.00,0.00,0.00,0.00,0.00,0.00,0.00,0.00,0.00,0.00,0.00,5.10,Y,,,,-9.45,Baby Furniture,Baby,Baby Feeding Chairs,BSE-48-11.0,,,N,Seller Fulfilled,Delivery,,0.00,,,,
200012255855195,1,108920493541863,1,,SALE,07/21/2024,1,NFN026NL,06973813988411,Tolead 2Pcs Rattan Nightstand with Charging Station Boho Side Table with Handmade Rattan Decorated Door Bedroom Living Room Natural,2038710,,,WI,,,Green Bay,54304,Marketplace value,137.14,110.49,19.50,15.00,129.99,0.00,0.00,0.00,0.00,0.00,0.00,0.00,0.00,0.00,0.00,0,0.00,0.00,0.00,0.00,7.15,0.00,0.00,0.00,0.00,0.00,0.00,0.00,0.00,0.00,0.00,0.00,0.00,7.15,Y,,,,-19.50,Furniture,Furniture & Decor,Nightstands,BSE-82-2.0,,,N,Seller Fulfilled,Delivery,,0.00,,,,
200012254428339,1,108919979109279,1,,SALE,07/16/2024,1,NFN004BK,08711777054845,Tolead Black Wood Nightstand with Charging Station 2 Storage Drawer & Open Shelf Bedroom Office Adult,2038710,,,DE,,,Georgetown,19947,Marketplace standard,45.99,39.09,6.90,15.00,45.99,0.00,0.00,0.00,0.00,0.00,0.00,0.00,0.00,0.00,0.00,0,0.00,0.00,0.00,0.00,0.00,0.00,0.00,0.00,0.00,0.00,0.00,0.00,0.00,0.00,0.00,0.00,0.00,0.00,N,,,,-6.90,Furniture,Furniture & Decor,Nightstands,BSE-82-2.0,,,N,Seller Fulfilled,Delivery,,0.00,,,,
200012251622999,1,108920818634664,1,,SALE,07/25/2024,1,OFL001PU,08711777064592,Tolead 4 Pack 120 Expandable Fence Privacy Screen Balcony Patio Outdoor Garden Purple Flower,2038710,,,MI,,,Big Rapids,49307,Marketplace value,122.83,101.14,17.85,15.00,115.88,0.00,0.00,0.00,0.00,0.00,0.00,0.00,0.00,0.00,0.00,0,0.00,0.00,0.00,0.00,6.95,0.00,0.00,0.00,0.00,0.00,0.00,0.00,0.00,0.00,0.00,0.00,0.00,6.95,Y,,,118.99,-17.85,Garden & Patio,Home & Garden,Artificial Greenery Panel,BSE-65-6.0,,,N,Seller Fulfilled,Delivery,,0.00,,-3.11,WM_DISC,
200012251198057,1,108920392386458,1,,SALE,07/21/2024,1,NFJ003BG,06973813980309,Tolead Living Room Chair Royal Velvet High Back Armless Chairs Retro Elegant Luxury Throne Chair Upholstered Tufted Accent Seat w/Storage Living Room Beige,2038710,,,CO,,,Greeley,80631,Marketplace value,171.19,135.98,24.00,15.00,159.98,0.00,0.00,0.00,0.00,0.00,0.00,0.00,0.00,0.00,0.00,0,0.00,0.00,0.00,0.00,11.21,0.00,0.00,0.00,0.00,0.00,0.00,0.00,0.00,0.00,0.00,0.00,0.00,11.21,Y,,,,-24.00,Furniture,Furniture & Decor,Armchairs & Accent Chairs,BSE-82-2.0,,,N,Seller Fulfilled,Delivery,,0.00,,,,
200012250955860,1,108919669551988,1,,SALE,07/14/2024,1,NFP012GR,06973813987711,Tolead 6pcs Adjustable Orthopedic Bed Wedge Pillow Set Sleeping Sitting Pillow Gray,2039972,,,LA,,,Fenton,70640,Marketplace value,108.44,84.99,15.00,15.00,99.99,0.00,0.00,0.00,0.00,0.00,0.00,0.00,0.00,0.00,0.00,0,0.00,0.00,0.00,0.00,8.45,0.00,0.00,0.00,0.00,0.00,0.00,0.00,0.00,0.00,0.00,0.00,0.00,8.45,Y,,,,-15.00,Bedding,Home & Garden,Wedge Pillows,BSE-67-9.0,,,N,Seller Fulfilled,Delivery,,0.00,,,,New
200012250859822,3,108920715335991,1,,SALE,07/24/2024,1,NFN065WH-WL,06973813983997,Tolead Modern Diamond Embossed Nightstand with 2 Drawers Luxury Metal Legs Bedroom White & Gold,2038710,,,MA,,,Worcester,01610,Marketplace standard,66.93,53.54,9.45,15.00,62.99,0.00,0.00,0.00,0.00,0.00,0.00,0.00,0.00,0.00,0.00,0,0.00,0.00,0.00,0.00,3.94,0.00,0.00,0.00,0.00,0.00,0.00,0.00,0.00,0.00,0.00,0.00,0.00,3.94,Y,,,,-9.45,Furniture,Furniture & Decor,Nightstands,BSE-82-2.0,,,N,Seller Fulfilled,Delivery,,0.00,,,,
200012250632948,1,108919876501628,1,,SALE,07/15/2024,1,NFN018NL,06973813988398,Tolead 2 Piece Rattan Nightstand Set with Drawer & Open Shelf Natural,2038710,,,FL,,,Winter Garden,34787,Marketplace value,117.14,93.49,16.50,15.00,109.99,0.00,0.00,0.00,0.00,0.00,0.00,0.00,0.00,0.00,0.00,0,0.00,0.00,0.00,0.00,7.15,0.00,0.00,0.00,0.00,0.00,0.00,0.00,0.00,0.00,0.00,0.00,0.00,7.15,Y,,,,-16.50,Furniture,Furniture & Decor,Nightstands,BSE-82-2.0,,,N,Seller Fulfilled,Delivery,,0.00,,,,
200012238333370,3,108919668607592,1,,SALE,07/14/2024,1,NFN002NL,06973813984277,Tolead Rattan Nightstand Boho Side Table with Handmade Rattan Decorated Drawer Bedroom Living Room Natural,2038710,,,CO,,,Monument,80132,Marketplace value,65.17,52.69,9.30,15.00,61.99,0.00,0.00,0.00,0.00,0.00,0.00,0.00,0.00,0.00,0.00,0,0.00,0.00,0.00,0.00,3.18,0.00,0.00,0.00,0.00,0.00,0.00,0.00,0.00,0.00,0.00,0.00,0.00,3.18,Y,,,,-9.30,Furniture,Furniture & Decor,Nightstands,BSE-82-2.0,,,N,Seller Fulfilled,Delivery,,0.00,,,,
200012227905142,12,108920597075386,1,,SALE,07/21/2024,1,NFN004BK,08711777054845,Tolead Black Wood Nightstand with Charging Station 2 Storage Drawer & Open Shelf Bedroom Office Adult,2038710,,,NY,,,seneca falls,13148,Marketplace standard,49.67,39.09,6.90,15.00,45.99,0.00,0.00,0.00,0.00,0.00,0.00,0.00,0.00,0.00,0.00,0,0.00,0.00,0.00,0.00,3.68,0.00,0.00,0.00,0.00,0.00,0.00,0.00,0.00,0.00,0.00,0.00,0.00,3.68,Y,,,,-6.90,Furniture,Furniture & Decor,Nightstands,BSE-82-2.0,,,N,Seller Fulfilled,Delivery,,0.00,,,,
200012227264428,1,108920920022527,1,,SALE,07/26/2024,1,TLH014NL,06973813984536,Tolead 60 Heavy-Duty Adjustable Rubber Wood Workbench Wheels & Double Pegboards & Drawer,2038710,,,IN,,,VALPARAISO,46383,Marketplace value,246.09,200.59,35.40,15.00,229.99,0.00,0.00,0.00,0.00,0.00,0.00,0.00,0.00,0.00,0.00,0,0.00,0.00,0.00,0.00,16.10,0.00,0.00,0.00,0.00,0.00,0.00,0.00,0.00,0.00,0.00,0.00,0.00,16.10,Y,,,235.99,-35.40,Furniture,Tools & Home Improvement,Workbenches,BSE-61-16.0,,,N,Seller Fulfilled,Delivery,,0.00,,-6.00,WM_DISC,
200012227131333,3,108920082900090,1,,SALE,07/17/2024,1,NFN008BN,06973813984147,Tolead TV Stand with Sliding Barn Door Up to 65 TV Brown,2038710,,,MI,,,Kentwood,49548,Marketplace value,190.78,152.98,27.00,15.00,179.98,0.00,0.00,0.00,0.00,0.00,0.00,0.00,0.00,0.00,0.00,0,0.00,0.00,0.00,0.00,10.80,0.00,0.00,0.00,0.00,0.00,0.00,0.00,0.00,0.00,0.00,0.00,0.00,10.80,Y,,,,-27.00,Furniture,Furniture & Decor,Television Stands,BSE-82-2.0,,,N,Seller Fulfilled,Delivery,,0.00,,,,
200012227084446,1,108920496343387,1,,SALE,07/21/2024,1,NFN056NL-WL,06976391060005,Tolead Wood Sideboard Buffet Cabinet with Storage Rattan Doors Rustic Modern Kitchen Shelf,2038710,,,FL,,,Sarasota,34243,Marketplace value,96.29,76.49,13.50,15.00,89.99,0.00,0.00,0.00,0.00,0.00,0.00,0.00,0.00,0.00,0.00,0,0.00,0.00,0.00,0.00,6.30,0.00,0.00,0.00,0.00,0.00,0.00,0.00,0.00,0.00,0.00,0.00,0.00,6.30,Y,,,,-13.50,Furniture,Furniture & Decor,Credenzas & Sideboards,BSE-82-2.0,,,N,Seller Fulfilled,Delivery,,0.00,,,,New
200012226194602,1,108920713039862,1,,SALE,07/23/2024,1,NFN004BK,08711777054845,Tolead Black Wood Nightstand with Charging Station 2 Storage Drawer & Open Shelf Bedroom Office Adult,2038710,,,PA,,,Gibsonia,15044,Marketplace standard,49.21,39.09,6.90,15.00,45.99,0.00,0.00,0.00,0.00,0.00,0.00,0.00,0.00,0.00,0.00,0,0.00,0.00,0.00,0.00,3.22,0.00,0.00,0.00,0.00,0.00,0.00,0.00,0.00,0.00,0.00,0.00,0.00,3.22,Y,,,,-6.90,Furniture,Furniture & Decor,Nightstands,BSE-82-2.0,,,N,Seller Fulfilled,Delivery,,0.00,,,,
200012222941788,1,108920598419647,1,,SALE,07/22/2024,1,NFN026NL,06973813988411,Tolead 2Pcs Rattan Nightstand with Charging Station Boho Side Table with Handmade Rattan Decorated Door Bedroom Living Room Natural,2038710,,,LA,,,Gretna,70053,Marketplace value,140.97,110.49,19.50,15.00,129.99,0.00,0.00,0.00,0.00,0.00,0.00,0.00,0.00,0.00,0.00,0,0.00,0.00,0.00,0.00,10.98,0.00,0.00,0.00,0.00,0.00,0.00,0.00,0.00,0.00,0.00,0.00,0.00,10.98,Y,,,,-19.50,Furniture,Furniture & Decor,Nightstands,BSE-82-2.0,,,N,Seller Fulfilled,Delivery,,0.00,,,,
200012222445966,1,108920287963333,1,,SALE,07/18/2024,1,NFN049GB,06973813987339,Tolead 47 Nightstand with Bookshelf with Charging Station,2038710,,,PA,,,Waynesboro,17268,Marketplace standard,74.19,59.49,10.50,15.00,69.99,0.00,0.00,0.00,0.00,0.00,0.00,0.00,0.00,0.00,0.00,0,0.00,0.00,0.00,0.00,4.20,0.00,0.00,0.00,0.00,0.00,0.00,0.00,0.00,0.00,0.00,0.00,0.00,4.20,Y,,,,-10.50,Furniture,Furniture & Decor,Nightstands,BSE-82-2.0,,,N,Seller Fulfilled,Delivery,,0.00,,,,New
200012221618086,2,108920599322129,1,,SALE,07/22/2024,1,NFN002NL,06973813984277,Tolead Rattan Nightstand Boho Side Table with Handmade Rattan Decorated Drawer Bedroom Living Room Natural,2038710,,,NE,,,Omaha,68138,Marketplace value,65.40,52.69,9.30,15.00,61.99,0.00,0.00,0.00,0.00,0.00,0.00,0.00,0.00,0.00,0.00,0,0.00,0.00,0.00,0.00,3.41,0.00,0.00,0.00,0.00,0.00,0.00,0.00,0.00,0.00,0.00,0.00,0.00,3.41,Y,,,,-9.30,Furniture,Furniture & Decor,Nightstands,BSE-82-2.0,,,N,Seller Fulfilled,Delivery,,0.00,,,,
200012220857641,1,108919773059298,1,,SALE,07/14/2024,1,NFJ002GR,06973813984550,Tolead Convertible Folding Sleeper Sofa Chair Bed with Adjustable Backrest Reading Bedroom Living Room,2038710,,,NY,,,Jamaica,11423,Marketplace standard,238.43,187.08,31.91,14.57,218.99,0.00,0.00,0.00,0.00,0.00,0.00,0.00,0.00,0.00,0.00,0,0.00,0.00,0.00,0.00,19.44,0.00,0.00,0.00,0.00,0.00,0.00,0.00,0.00,0.00,0.00,0.00,0.00,19.44,Y,,,,-31.91,Furniture,Furniture & Decor,Sofas & Couches,BSE-82-2.0,,,N,Seller Fulfilled,Delivery,,0.00,,,,
200012220319200,1,108920818681033,1,,SALE,07/25/2024,1,NFN002NL,06973813984277,Tolead Rattan Nightstand Boho Side Table with Handmade Rattan Decorated Drawer Bedroom Living Room Natural,2038710,,,CA,,,Fremont,94536,Marketplace standard,68.34,52.69,9.30,15.00,61.99,0.00,0.00,0.00,0.00,0.00,0.00,0.00,0.00,0.00,0.00,0,0.00,0.00,0.00,0.00,6.35,0.00,0.00,0.00,0.00,0.00,0.00,0.00,0.00,0.00,0.00,0.00,0.00,6.35,Y,,,,-9.30,Furniture,Furniture & Decor,Nightstands,BSE-82-2.0,,,N,Seller Fulfilled,Delivery,,0.00,,,,
200012220230869,7,108919669863604,1,,SALE,07/14/2024,1,NFP014BU,06973813986561,Tolead 5pcs Adjustable Orthopedic Bed Wedge Pillow Set Blue,2039972,,,AZ,,,Scottsdale,85257,Marketplace value,92.90,76.49,13.50,15.00,85.99,0.00,0.00,0.00,0.00,0.00,0.00,0.00,0.00,0.00,0.00,0,0.00,0.00,0.00,0.00,6.91,0.00,0.00,0.00,0.00,0.00,0.00,0.00,0.00,0.00,0.00,0.00,0.00,6.91,Y,,,89.99,-13.50,Bedding,Home & Garden,Wedge Pillows,BSE-67-9.0,,,N,Seller Fulfilled,Delivery,,0.00,,-4.00,WM_DISC,
200012220134258,1,108920612778222,1,,SALE,07/23/2024,1,OFL001PU,08711777064592,Tolead 4 Pack 120 Expandable Fence Privacy Screen Balcony Patio Outdoor Garden Purple Flower,2038710,,,OR,,,Happy Valley,97086,Marketplace value,118.99,101.14,17.85,15.00,118.99,0.00,0.00,0.00,0.00,0.00,0.00,0.00,0.00,0.00,0.00,0,0.00,0.00,0.00,0.00,0.00,0.00,0.00,0.00,0.00,0.00,0.00,0.00,0.00,0.00,0.00,0.00,0.00,0.00,N,,,,-17.85,Garden & Patio,Home & Garden,Artificial Greenery Panel,BSE-65-6.0,,,N,Seller Fulfilled,Delivery,,0.00,,,,
200012219895761,14,108920699827236,1,,SALE,07/22/2024,1,NFN017NL,06973813988381,Tolead 2Pcs Rattan Nightstand Set Boho Side Table with Handmade Rattan Decorated Drawer Natural,2038710,,,KY,,,Mount Washington,40047,Marketplace value,127.19,101.99,18.00,15.00,119.99,0.00,0.00,0.00,0.00,0.00,0.00,0.00,0.00,0.00,0.00,0,0.00,0.00,0.00,0.00,7.20,0.00,0.00,0.00,0.00,0.00,0.00,0.00,0.00,0.00,0.00,0.00,0.00,7.20,Y,,,,-18.00,Furniture,Furniture & Decor,Nightstands,BSE-82-2.0,,,N,Seller Fulfilled,Delivery,,0.00,,,,
200012217595837,2,108919670604426,1,,SALE,07/14/2024,1,NFN014WH,06973813985496,Tolead Single Tilt Out Trash Cabinet with Hideaway Drawer Coffee 10 Gallon White,2038710,,,TN,,,Buffalo Valley,38548,Marketplace value,102.60,79.89,14.10,15.00,93.49,0.00,0.00,0.00,0.00,0.00,0.00,0.00,0.00,0.00,0.00,0,0.00,0.00,0.00,0.00,9.11,0.00,0.00,0.00,0.00,0.00,0.00,0.00,0.00,0.00,0.00,0.00,0.00,9.11,Y,,,93.99,-14.10,Home Decor  Kitchen  & Other,Furniture & Decor,Cabinets,BSE-82-2.0,,,N,Seller Fulfilled,Delivery,,0.00,,-0.50,WM_DISC,New
200012216675699,1,108920815898647,1,,SALE,07/24/2024,1,NFP014BU,06973813986561,Tolead 5pcs Adjustable Orthopedic Bed Wedge Pillow Set Blue,2039972,,,NY,,,Peru,12972,Marketplace standard,92.87,76.49,13.50,15.00,85.99,0.00,0.00,0.00,0.00,0.00,0.00,0.00,0.00,0.00,0.00,0,0.00,0.00,0.00,0.00,6.88,0.00,0.00,0.00,0.00,0.00,0.00,0.00,0.00,0.00,0.00,0.00,0.00,6.88,Y,,,89.99,-13.50,Bedding,Home & Garden,Wedge Pillows,BSE-67-9.0,,,N,Seller Fulfilled,Delivery,,0.00,,-4.00,WM_DISC,
200012214160653,1,108920818386324,1,,SALE,07/25/2024,1,JGWLMC007GD,06976391061422,Tolead 3-in-1 Convertible Baby High Chair with 2-Level Height Adjustable Legs 3-Level Adjustable Tray for Babies and Toddlers Baby Highchair with 5-Point Safety Belt & Footrest Dark Gray,2038710,,,FL,,,Holiday,34691,Marketplace value,67.39,53.53,9.45,15.00,62.98,0.00,0.00,0.00,0.00,0.00,0.00,0.00,0.00,0.00,0.00,0,0.00,0.00,0.00,0.00,4.41,0.00,0.00,0.00,0.00,0.00,0.00,0.00,0.00,0.00,0.00,0.00,0.00,4.41,Y,,,,-9.45,Baby Furniture,Baby,Baby Feeding Chairs,BSE-48-11.0,,,N,Seller Fulfilled,Delivery,,0.00,,,,
200012210028474,1,108920287892161,1,,SALE,07/18/2024,1,NFN056NL-WL,06976391060005,Tolead Wood Sideboard Buffet Cabinet with Storage Rattan Doors Rustic Modern Kitchen Shelf,2038710,,,NJ,,,Cresskill,07626,Marketplace standard,95.95,76.49,13.50,15.00,89.99,0.00,0.00,0.00,0.00,0.00,0.00,0.00,0.00,0.00,0.00,0,0.00,0.00,0.00,0.00,5.96,0.00,0.00,0.00,0.00,0.00,0.00,0.00,0.00,0.00,0.00,0.00,0.00,5.96,Y,,,,-13.50,Furniture,Furniture & Decor,Credenzas & Sideboards,BSE-82-2.0,,,N,Seller Fulfilled,Delivery,,0.00,,,,New
200012210028474,1,108920287892161,2,,SALE,07/18/2024,1,NFN056NL-WL,06976391060005,Tolead Wood Sideboard Buffet Cabinet with Storage Rattan Doors Rustic Modern Kitchen Shelf,2038710,,,NJ,,,Cresskill,07626,Marketplace standard,95.95,76.49,13.50,15.00,89.99,0.00,0.00,0.00,0.00,0.00,0.00,0.00,0.00,0.00,0.00,0,0.00,0.00,0.00,0.00,5.96,0.00,0.00,0.00,0.00,0.00,0.00,0.00,0.00,0.00,0.00,0.00,0.00,5.96,Y,,,,-13.50,Furniture,Furniture & Decor,Credenzas & Sideboards,BSE-82-2.0,,,N,Seller Fulfilled,Delivery,,0.00,,,,New
200012208031482,1,108920287665148,1,,SALE,07/18/2024,1,JGWLMC007GD,06976391061422,Tolead 3-in-1 Convertible Baby High Chair with 2-Level Height Adjustable Legs 3-Level Adjustable Tray for Babies and Toddlers Baby Highchair with 5-Point Safety Belt & Footrest Dark Gray,2038710,,,PA,,,Nesquehoning,18240,Marketplace standard,66.76,53.53,9.45,15.00,62.98,0.00,0.00,0.00,0.00,0.00,0.00,0.00,0.00,0.00,0.00,0,0.00,0.00,0.00,0.00,3.78,0.00,0.00,0.00,0.00,0.00,0.00,0.00,0.00,0.00,0.00,0.00,0.00,3.78,Y,,,,-9.45,Baby Furniture,Baby,Baby Feeding Chairs,BSE-48-11.0,,,N,Seller Fulfilled,Delivery,,0.00,,,,
200012206286459,3,108920713263876,1,,SALE,07/24/2024,1,JGWLMA026GB,06973813987001,Tolead Wood Double Tilt Out Trash Cabinet Recycling Cabinet with Hideaway Drawer Gray,2038710,,,WV,,,Beckley,25801,Marketplace standard,171.19,144.49,25.50,15.00,159.99,0.00,0.00,0.00,0.00,0.00,0.00,0.00,0.00,0.00,0.00,0,0.00,0.00,0.00,0.00,11.20,0.00,0.00,0.00,0.00,0.00,0.00,0.00,0.00,0.00,0.00,0.00,0.00,11.20,Y,,,169.99,-25.50,Home Decor  Kitchen  & Other,Furniture & Decor,Pantry Cabinets,BSE-82-2.0,,,N,Seller Fulfilled,Delivery,,0.00,,-10.00,WM_DISC,
200012203833284,1,108919670994349,1,,SALE,07/14/2024,1,NFP012GR,06973813987711,Tolead 6pcs Adjustable Orthopedic Bed Wedge Pillow Set Sleeping Sitting Pillow Gray,2039972,,,TX,,,Montgomery,77316,Marketplace value,108.24,84.99,15.00,15.00,99.99,0.00,0.00,0.00,0.00,0.00,0.00,0.00,0.00,0.00,0.00,0,0.00,0.00,0.00,0.00,8.25,0.00,0.00,0.00,0.00,0.00,0.00,0.00,0.00,0.00,0.00,0.00,0.00,8.25,Y,,,,-15.00,Bedding,Home & Garden,Wedge Pillows,BSE-67-9.0,,,N,Seller Fulfilled,Delivery,,0.00,,,,New
200012203641161,1,108920715210299,1,,SALE,07/24/2024,1,WL-BBC001GR,06973813988329,Betterhood Play Couch Sofa for Kids Imaginative Play Set Medium Gray Suede Covers Sponge Filled,2038710,,,KY,,,Erlanger,41018,Marketplace standard,129.99,110.49,19.50,15.00,129.99,0.00,0.00,0.00,0.00,0.00,0.00,0.00,0.00,0.00,0.00,0,0.00,0.00,0.00,0.00,0.00,0.00,0.00,0.00,0.00,0.00,0.00,0.00,0.00,0.00,0.00,0.00,0.00,0.00,Y,,,,-19.50,Furniture,Furniture & Decor,Sofas & Couches,BSE-82-2.0,,,N,Seller Fulfilled,Delivery,,0.00,,,,
200012200450782,1,108920390730828,1,,SALE,07/20/2024,1,JGWLMD022SL,06973813987612,Tolead 9.2 Diameter Hexagonal Chicken Coop with Galvanized Steel Frame & Water-Resistant Oxford Tarp,2038710,,,GA,,,Savannah,31404,Marketplace value,160.49,127.49,22.50,15.00,149.99,0.00,0.00,0.00,0.00,0.00,0.00,0.00,0.00,0.00,0.00,0,0.00,0.00,0.00,0.00,10.50,0.00,0.00,0.00,0.00,0.00,0.00,0.00,0.00,0.00,0.00,0.00,0.00,10.50,Y,,,,-22.50,Animal Accessories,Pet Supplies,Chicken Coops,BSE-53-12.0,,,N,Seller Fulfilled,Delivery,,0.00,,,,
200012199531967,1,108919979917625,1,,SALE,07/16/2024,1,PTB002WH,06973813984260,Tolead Wooden Hidden Cat Litter Box Enclosure with Drawer and Shelf White,2038710,,,AL,,,Birmingham,35243,Marketplace value,80.99,67.99,12.00,15.00,74.99,0.00,0.00,0.00,0.00,0.00,0.00,0.00,0.00,0.00,0.00,0,0.00,0.00,0.00,0.00,6.00,0.00,0.00,0.00,0.00,0.00,0.00,0.00,0.00,0.00,0.00,0.00,0.00,6.00,Y,,,79.99,-12.00,Furniture,Pet Supplies,Cat Litter Boxes,BSE-53-12.0,,,N,Seller Fulfilled,Delivery,,0.00,,-5.00,WM_DISC,
200012197126537,11,108920496624989,1,,SALE,07/21/2024,1,NFN019NL,06973813985595,Tolead Rattan Nightstand with Charging Station Boho Side Table with Handmade Rattan Decorated Door Bedroom Living Room Natural,2038710,,,TX,,,Seabrook,77586,Marketplace value,73.06,57.37,10.12,15.00,67.49,0.00,0.00,0.00,0.00,0.00,0.00,0.00,0.00,0.00,0.00,0,0.00,0.00,0.00,0.00,5.57,0.00,0.00,0.00,0.00,0.00,0.00,0.00,0.00,0.00,0.00,0.00,0.00,5.57,Y,,,,-10.12,Furniture,Furniture & Decor,Nightstands,BSE-82-2.0,,,N,Seller Fulfilled,Delivery,,0.00,,,,New
200012195268985,1,108920079698925,1,,SALE,07/16/2024,1,NFN056NL-WL,06976391060005,Tolead Wood Sideboard Buffet Cabinet with Storage Rattan Doors Rustic Modern Kitchen Shelf,2038710,,,NY,,,Smithtown,11787,Marketplace standard,97.75,76.49,13.50,15.00,89.99,0.00,0.00,0.00,0.00,0.00,0.00,0.00,0.00,0.00,0.00,0,0.00,0.00,0.00,0.00,7.76,0.00,0.00,0.00,0.00,0.00,0.00,0.00,0.00,0.00,0.00,0.00,0.00,7.76,Y,,,,-13.50,Furniture,Furniture & Decor,Credenzas & Sideboards,BSE-82-2.0,,,N,Seller Fulfilled,Delivery,,0.00,,,,New
200012195268985,1,108920079698925,2,,SALE,07/16/2024,1,NFN056NL-WL,06976391060005,Tolead Wood Sideboard Buffet Cabinet with Storage Rattan Doors Rustic Modern Kitchen Shelf,2038710,,,NY,,,Smithtown,11787,Marketplace standard,97.75,76.49,13.50,15.00,89.99,0.00,0.00,0.00,0.00,0.00,0.00,0.00,0.00,0.00,0.00,0,0.00,0.00,0.00,0.00,7.76,0.00,0.00,0.00,0.00,0.00,0.00,0.00,0.00,0.00,0.00,0.00,0.00,7.76,Y,,,,-13.50,Furniture,Furniture & Decor,Credenzas & Sideboards,BSE-82-2.0,,,N,Seller Fulfilled,Delivery,,0.00,,,,New
200012195268985,1,108920079698925,3,,SALE,07/17/2024,1,NFN056NL-WL,06976391060005,Tolead Wood Sideboard Buffet Cabinet with Storage Rattan Doors Rustic Modern Kitchen Shelf,2038710,,,NY,,,Smithtown,11787,Marketplace standard,97.75,76.49,13.50,15.00,89.99,0.00,0.00,0.00,0.00,0.00,0.00,0.00,0.00,0.00,0.00,0,0.00,0.00,0.00,0.00,7.76,0.00,0.00,0.00,0.00,0.00,0.00,0.00,0.00,0.00,0.00,0.00,0.00,7.76,Y,,,,-13.50,Furniture,Furniture & Decor,Credenzas & Sideboards,BSE-82-2.0,,,N,Seller Fulfilled,Delivery,,0.00,,,,New
200012195189899,2,108917913674026,1,,REFUNDED,07/26/2024,1,TLH010NL,06973813987445,Tolead 48 Heavy-Duty Adjustable Workbench with Power Outlets Rubber Wood Shop Table Workstation,2038710,,,,,,Stamford,06902,,-167.49,-133.87,-23.62,0.00,0.00,-157.49,0.00,0.00,0.00,0.00,0.00,0.00,0.00,0.00,0.00,0,0.00,0.00,0.00,0.00,0.00,0.00,0.00,0.00,0.00,-10.00,0.00,0.00,0.00,0.00,0.00,0.00,0.00,-10.00,Y,Return Refund,5010,,,Tools & Hardware Other,Tools & Home Improvement,,,1000,No Longer Wanted,N,Seller Fulfilled,,,,,,,
200012194761835,1,108920290108304,1,,SALE,07/21/2024,1,JGWLMB035BK,06976391068094,Tolead Outdoor Rolling Wicker Bar Cart Patio Rattan Wicker Table with Cabinet Storage Glass Countertop and Spice Rack for Pool Party Backyard,2038710,,,TX,,,Katy,77450,Marketplace value,173.19,135.99,24.00,15.00,159.99,0.00,0.00,0.00,0.00,0.00,0.00,0.00,0.00,0.00,0.00,0,0.00,0.00,0.00,0.00,13.20,0.00,0.00,0.00,0.00,0.00,0.00,0.00,0.00,0.00,0.00,0.00,0.00,13.20,Y,,,,-24.00,Garden & Patio,Home & Garden,Kitchen Serving Carts,BSE-83-3.0,,,N,Seller Fulfilled,Delivery,,0.00,,,,
200012192053522,2,108920080966307,1,,SALE,07/16/2024,1,NFP012GR,06973813987711,Tolead 6pcs Adjustable Orthopedic Bed Wedge Pillow Set Sleeping Sitting Pillow Gray,2039972,,,OK,,,Poteau,74953,Marketplace value,106.49,84.99,15.00,15.00,99.99,0.00,0.00,0.00,0.00,0.00,0.00,0.00,0.00,0.00,0.00,0,0.00,0.00,0.00,0.00,6.50,0.00,0.00,0.00,0.00,0.00,0.00,0.00,0.00,0.00,0.00,0.00,0.00,6.50,Y,,,,-15.00,Bedding,Home & Garden,Wedge Pillows,BSE-67-9.0,,,Y,Seller Fulfilled,Delivery,,0.00,,,,New
200012191084438,1,108920610168204,1,,SALE,07/22/2024,1,NFP016WH,06973813983690,Tolead 7.5 Inch Bed Inclined Mattress Topper with Washable Cover King,3001205,,,NY,,,New York,10065,Marketplace standard,124.11,101.14,17.85,15.00,113.99,0.00,0.00,0.00,0.00,0.00,0.00,0.00,0.00,0.00,0.00,0,0.00,0.00,0.00,0.00,10.12,0.00,0.00,0.00,0.00,0.00,0.00,0.00,0.00,0.00,0.00,0.00,0.00,10.12,Y,,,118.99,-17.85,Bedding,Home & Garden,Mattress Toppers,BSE-66-7.0,,,N,Seller Fulfilled,Delivery,,0.00,,-5.00,WM_DISC,New
200012190478447,1,108920596730006,1,,SALE,07/21/2024,1,NFN018NL,06973813988398,Tolead 2 Piece Rattan Nightstand Set with Drawer & Open Shelf Natural,2038710,,,MD,,,Halethorpe,21227,Marketplace standard,116.59,93.49,16.50,15.00,109.99,0.00,0.00,0.00,0.00,0.00,0.00,0.00,0.00,0.00,0.00,0,0.00,0.00,0.00,0.00,6.60,0.00,0.00,0.00,0.00,0.00,0.00,0.00,0.00,0.00,0.00,0.00,0.00,6.60,Y,,,,-16.50,Furniture,Furniture & Decor,Nightstands,BSE-82-2.0,,,N,Seller Fulfilled,Delivery,,0.00,,,,
200012189553449,1,108920288178263,1,,SALE,07/18/2024,1,NFP012GR,06973813987711,Tolead 6pcs Adjustable Orthopedic Bed Wedge Pillow Set Sleeping Sitting Pillow Gray,2039972,,,OR,,,Blachly,97412,Marketplace standard,99.99,84.99,15.00,15.00,99.99,0.00,0.00,0.00,0.00,0.00,0.00,0.00,0.00,0.00,0.00,0,0.00,0.00,0.00,0.00,0.00,0.00,0.00,0.00,0.00,0.00,0.00,0.00,0.00,0.00,0.00,0.00,0.00,0.00,N,,,,-15.00,Bedding,Home & Garden,Wedge Pillows,BSE-67-9.0,,,N,Seller Fulfilled,Delivery,,0.00,,,,New
200012188068154,1,108919670459255,1,,SALE,07/14/2024,1,JGWLMD020SL,06973813987629,Tolead 15.8 Diameter Hexagonal Chicken Coop with Galvanized Steel Frame & Water-Resistant Oxford Tarp,2038710,,,VA,,,Sperryville,22740,Marketplace standard,263.24,220.99,39.00,15.00,249.99,0.00,0.00,0.00,0.00,0.00,0.00,0.00,0.00,0.00,0.00,0,0.00,0.00,0.00,0.00,13.25,0.00,0.00,0.00,0.00,0.00,0.00,0.00,0.00,0.00,0.00,0.00,0.00,13.25,Y,,,259.99,-39.00,Animal Accessories,Pet Supplies,Chicken Coops,BSE-53-12.0,,,N,Seller Fulfilled,Delivery,,0.00,,-10.00,WM_DISC,New
200012186154735,1,108921022367566,1,,SALE,07/26/2024,1,NFN014BK,06973813985502,Tolead Wood Single Tilt Out Trash Cabinet with Hideaway Drawer Coffee Microwave KitchenBlack,2038710,,,LA,,,Deridder,70634,Marketplace value,107.35,93.49,16.50,15.00,98.99,0.00,0.00,0.00,0.00,0.00,0.00,0.00,0.00,0.00,0.00,0,0.00,0.00,0.00,0.00,8.36,0.00,0.00,0.00,0.00,0.00,0.00,0.00,0.00,0.00,0.00,0.00,0.00,8.36,Y,,,109.99,-16.50,Home Decor  Kitchen  & Other,Furniture & Decor,Cabinets,BSE-82-2.0,,,N,Seller Fulfilled,Delivery,,0.00,,-11.00,WM_DISC,
200012184484209,1,108919979936761,1,,SALE,07/16/2024,1,NFN026NL,06973813988411,Tolead 2Pcs Rattan Nightstand with Charging Station Boho Side Table with Handmade Rattan Decorated Door Bedroom Living Room Natural,2038710,,,FL,,,Miami,33142,Marketplace value,139.09,110.49,19.50,15.00,129.99,0.00,0.00,0.00,0.00,0.00,0.00,0.00,0.00,0.00,0.00,0,0.00,0.00,0.00,0.00,9.10,0.00,0.00,0.00,0.00,0.00,0.00,0.00,0.00,0.00,0.00,0.00,0.00,9.10,Y,,,,-19.50,Furniture,Furniture & Decor,Nightstands,BSE-82-2.0,,,N,Seller Fulfilled,Delivery,,0.00,,,,
200012183839127,2,108920699625412,1,,SALE,07/22/2024,1,NFK006WH,06976391060593,Tolead 2 Piece 29 Swivel Bar Stools with X-Back Upholstered 360 Degree Swivel Dining Chair with PVC Cushioned Seat White,2038710,,,SC,,,Manning,29102,Marketplace value,165.23,130.04,22.95,15.00,152.99,0.00,0.00,0.00,0.00,0.00,0.00,0.00,0.00,0.00,0.00,0,0.00,0.00,0.00,0.00,12.24,0.00,0.00,0.00,0.00,0.00,0.00,0.00,0.00,0.00,0.00,0.00,0.00,12.24,Y,,,,-22.95,Furniture,Furniture & Decor,Bar Stools,BSE-82-2.0,,,N,Seller Fulfilled,Delivery,,0.00,,,,
200012183405122,1,108920287686395,1,,SALE,07/18/2024,1,TLH010NL,06973813987445,Tolead 48 Heavy-Duty Adjustable Workbench with Power Outlets Rubber Wood Shop Table Workstation,2038710,,,TX,,,Garland,75041,Marketplace value,170.48,133.87,23.62,15.00,157.49,0.00,0.00,0.00,0.00,0.00,0.00,0.00,0.00,0.00,0.00,0,0.00,0.00,0.00,0.00,12.99,0.00,0.00,0.00,0.00,0.00,0.00,0.00,0.00,0.00,0.00,0.00,0.00,12.99,Y,,,,-23.62,Tools & Hardware Other,Tools & Home Improvement,Workbenches,BSE-61-16.0,,,N,Seller Fulfilled,Delivery,,0.00,,,,
200012183405122,1,108920287686395,2,,SALE,07/18/2024,1,TLH010NL,06973813987445,Tolead 48 Heavy-Duty Adjustable Workbench with Power Outlets Rubber Wood Shop Table Workstation,2038710,,,TX,,,Garland,75041,Marketplace value,170.48,133.87,23.62,15.00,157.49,0.00,0.00,0.00,0.00,0.00,0.00,0.00,0.00,0.00,0.00,0,0.00,0.00,0.00,0.00,12.99,0.00,0.00,0.00,0.00,0.00,0.00,0.00,0.00,0.00,0.00,0.00,0.00,12.99,Y,,,,-23.62,Tools & Hardware Other,Tools & Home Improvement,Workbenches,BSE-61-16.0,,,N,Seller Fulfilled,Delivery,,0.00,,,,
200012183405122,1,108920287686395,3,,SALE,07/18/2024,1,TLH010NL,06973813987445,Tolead 48 Heavy-Duty Adjustable Workbench with Power Outlets Rubber Wood Shop Table Workstation,2038710,,,TX,,,Garland,75041,Marketplace value,170.48,133.87,23.62,15.00,157.49,0.00,0.00,0.00,0.00,0.00,0.00,0.00,0.00,0.00,0.00,0,0.00,0.00,0.00,0.00,12.99,0.00,0.00,0.00,0.00,0.00,0.00,0.00,0.00,0.00,0.00,0.00,0.00,12.99,Y,,,,-23.62,Tools & Hardware Other,Tools & Home Improvement,Workbenches,BSE-61-16.0,,,N,Seller Fulfilled,Delivery,,0.00,,,,
200012183405122,1,108920287686395,4,,SALE,07/18/2024,1,TLH010NL,06973813987445,Tolead 48 Heavy-Duty Adjustable Workbench with Power Outlets Rubber Wood Shop Table Workstation,2038710,,,TX,,,Garland,75041,Marketplace value,170.48,133.87,23.62,15.00,157.49,0.00,0.00,0.00,0.00,0.00,0.00,0.00,0.00,0.00,0.00,0,0.00,0.00,0.00,0.00,12.99,0.00,0.00,0.00,0.00,0.00,0.00,0.00,0.00,0.00,0.00,0.00,0.00,12.99,Y,,,,-23.62,Tools & Hardware Other,Tools & Home Improvement,Workbenches,BSE-61-16.0,,,N,Seller Fulfilled,Delivery,,0.00,,,,
200012181599913,1,108920713124457,1,,SALE,07/23/2024,1,NFN017NL,06973813988381,Tolead 2Pcs Rattan Nightstand Set Boho Side Table with Handmade Rattan Decorated Drawer Natural,2038710,,,GA,,,Atlanta,30308,Marketplace value,130.67,101.99,18.00,15.00,119.99,0.00,0.00,0.00,0.00,0.00,0.00,0.00,0.00,0.00,0.00,0,0.00,0.00,0.00,0.00,10.68,0.00,0.00,0.00,0.00,0.00,0.00,0.00,0.00,0.00,0.00,0.00,0.00,10.68,Y,,,,-18.00,Furniture,Furniture & Decor,Nightstands,BSE-82-2.0,,,N,Seller Fulfilled,Delivery,,0.00,,,,
200012180823033,1,108919874137769,1,,SALE,07/14/2024,1,NFN004BK,08711777054845,Tolead Black Wood Nightstand with Charging Station 2 Storage Drawer & Open Shelf Bedroom Office Adult,2038710,,,IL,,,Monee,60449,Marketplace value,49.67,39.09,6.90,15.00,45.99,0.00,0.00,0.00,0.00,0.00,0.00,0.00,0.00,0.00,0.00,0,0.00,0.00,0.00,0.00,3.68,0.00,0.00,0.00,0.00,0.00,0.00,0.00,0.00,0.00,0.00,0.00,0.00,3.68,Y,,,,-6.90,Furniture,Furniture & Decor,Nightstands,BSE-82-2.0,,,N,Seller Fulfilled,Delivery,,0.00,,,,
200012180823033,1,108919874137769,2,,SALE,07/14/2024,1,NFN004BK,08711777054845,Tolead Black Wood Nightstand with Charging Station 2 Storage Drawer & Open Shelf Bedroom Office Adult,2038710,,,IL,,,Monee,60449,Marketplace value,49.67,39.09,6.90,15.00,45.99,0.00,0.00,0.00,0.00,0.00,0.00,0.00,0.00,0.00,0.00,0,0.00,0.00,0.00,0.00,3.68,0.00,0.00,0.00,0.00,0.00,0.00,0.00,0.00,0.00,0.00,0.00,0.00,3.68,Y,,,,-6.90,Furniture,Furniture & Decor,Nightstands,BSE-82-2.0,,,N,Seller Fulfilled,Delivery,,0.00,,,,
200012180192675,1,108920184118586,1,,SALE,07/17/2024,1,NFN018NL,06973813988398,Tolead 2 Piece Rattan Nightstand Set with Drawer & Open Shelf Natural,2038710,,,IL,,,Machesney Park,61115,Marketplace value,119.61,93.49,16.50,15.00,109.99,0.00,0.00,0.00,0.00,0.00,0.00,0.00,0.00,0.00,0.00,0,0.00,0.00,0.00,0.00,9.62,0.00,0.00,0.00,0.00,0.00,0.00,0.00,0.00,0.00,0.00,0.00,0.00,9.62,Y,,,,-16.50,Furniture,Furniture & Decor,Nightstands,BSE-82-2.0,,,N,Seller Fulfilled,Delivery,,0.00,,,,
200012178502165,2,108920816223886,1,,SALE,07/25/2024,1,NFP003GR-WL,06973813983768,Tolead 5pcs Orthopedic Washable Bed Wedge Pillow Set Adjustable Acid Reflux Reading Recovery Health Surgery,2039972,,,PA,,,Huntingdon Valley,19006,Marketplace standard,85.85,76.49,13.50,15.00,80.99,0.00,0.00,0.00,0.00,0.00,0.00,0.00,0.00,0.00,0.00,0,0.00,0.00,0.00,0.00,4.86,0.00,0.00,0.00,0.00,0.00,0.00,0.00,0.00,0.00,0.00,0.00,0.00,4.86,Y,,,89.99,-13.50,Bedding,Home & Garden,Wedge Pillows,BSE-67-9.0,,,N,Walmart-fulfilled(WFS),Delivery,,0.00,,-9.00,WM_DISC,
200012178502165,2,108920816223886,1,,ADJMNT,07/25/2024,1,NFP003GR-WL,06973813983768,Tolead 5pcs Orthopedic Washable Bed Wedge Pillow Set Adjustable Acid Reflux Reading Recovery Health Surgery,2039972,,,PA,,,Huntingdon Valley,19006,Marketplace standard,0.00,-14.55,14.55,0.00,0.00,0.00,0.00,0.00,0.00,0.00,0.00,0.00,0.00,0.00,0.00,0,0.00,0.00,0.00,0.00,0.00,0.00,0.00,0.00,0.00,0.00,0.00,0.00,0.00,0.00,0.00,0.00,0.00,0.00,Y,WFS Fulfillment fee,5041,89.99,,Bedding,Home & Garden,,,,,N,Walmart-fulfilled(WFS),,,,,,,
200012174900322,1,108920391296843,1,,SALE,07/21/2024,1,PTB020SL,06973813989791,Tolead Large Metal Chicken Coop Upgrade Tri-Supporting Wire Mesh Chicken Run Outdoor,2038710,,,AZ,,,Phoenix,85086,Marketplace standard,212.59,169.99,30.00,15.00,199.99,0.00,0.00,0.00,0.00,0.00,0.00,0.00,0.00,0.00,0.00,0,0.00,0.00,0.00,0.00,12.60,0.00,0.00,0.00,0.00,0.00,0.00,0.00,0.00,0.00,0.00,0.00,0.00,12.60,Y,,,,-30.00,Animal Accessories,Pet Supplies,Chicken Coops,BSE-53-12.0,,,N,Seller Fulfilled,Delivery,,0.00,,,,New
200012173542618,1,108919875735308,1,,SALE,07/15/2024,1,TLH013NL,06976391060364,Tolead 60 Heavy-Duty Adjustable Workbench with Power Outlets Rubber Wood Shop Table Metal Wheels Workstation,2038710,,,IA,,,Urbandale,50323,Marketplace value,221.47,175.93,31.05,15.00,206.98,0.00,0.00,0.00,0.00,0.00,0.00,0.00,0.00,0.00,0.00,0,0.00,0.00,0.00,0.00,14.49,0.00,0.00,0.00,0.00,0.00,0.00,0.00,0.00,0.00,0.00,0.00,0.00,14.49,Y,,,,-31.05,Tools & Hardware Other,Tools & Home Improvement,Workbenches,BSE-61-16.0,,,N,Seller Fulfilled,Delivery,,0.00,,,,
200012173426608,6,108920389215062,1,,SALE,07/20/2024,1,NFN051NL,06976391060470,Tolead Rattan Low Profile TV Stands with Sliding Doors up to 65 TV Natural,2038710,,,FL,,,Largo,33773,Marketplace value,115.55,91.79,16.20,15.00,107.99,0.00,0.00,0.00,0.00,0.00,0.00,0.00,0.00,0.00,0.00,0,0.00,0.00,0.00,0.00,7.56,0.00,0.00,0.00,0.00,0.00,0.00,0.00,0.00,0.00,0.00,0.00,0.00,7.56,Y,,,,-16.20,Furniture,Furniture & Decor,Television Stands,BSE-82-2.0,,,N,Seller Fulfilled,Delivery,,0.00,,,,
200012169156494,1,108919979523297,1,,SALE,07/16/2024,1,TLH013NL,06976391060364,Tolead 60 Heavy-Duty Adjustable Workbench with Power Outlets Rubber Wood Shop Table Metal Wheels Workstation,2038710,,,WA,,,Bainbridge Island,98110,Marketplace value,203.10,175.93,31.05,15.00,185.99,0.00,0.00,0.00,0.00,0.00,0.00,0.00,0.00,0.00,0.00,0,0.00,0.00,0.00,0.00,17.11,0.00,0.00,0.00,0.00,0.00,0.00,0.00,0.00,0.00,0.00,0.00,0.00,17.11,Y,,,206.98,-31.05,Tools & Hardware Other,Tools & Home Improvement,Workbenches,BSE-61-16.0,,,N,Seller Fulfilled,Delivery,,0.00,,-20.99,WM_DISC,
200012163295278,1,108919669619403,1,,ADJMNT,07/13/2024,1,NFP003GR-WL,06973813983768,Tolead 5pcs Orthopedic Washable Bed Wedge Pillow Set Adjustable Acid Reflux Reading Recovery Health Surgery,2039972,,,KY,,,Mc Dowell,41647,Marketplace standard,0.00,-14.55,14.55,0.00,0.00,0.00,0.00,0.00,0.00,0.00,0.00,0.00,0.00,0.00,0.00,0,0.00,0.00,0.00,0.00,0.00,0.00,0.00,0.00,0.00,0.00,0.00,0.00,0.00,0.00,0.00,0.00,0.00,0.00,Y,WFS Fulfillment fee,5041,89.99,,Bedding,Home & Garden,,,,,N,Walmart-fulfilled(WFS),,,,,,,
200012163295278,1,108919669619403,1,,SALE,07/13/2024,1,NFP003GR-WL,06973813983768,Tolead 5pcs Orthopedic Washable Bed Wedge Pillow Set Adjustable Acid Reflux Reading Recovery Health Surgery,2039972,,,KY,,,Mc Dowell,41647,Marketplace standard,91.15,76.49,13.50,15.00,85.99,0.00,0.00,0.00,0.00,0.00,0.00,0.00,0.00,0.00,0.00,0,0.00,0.00,0.00,0.00,5.16,0.00,0.00,0.00,0.00,0.00,0.00,0.00,0.00,0.00,0.00,0.00,0.00,5.16,Y,,,89.99,-13.50,Bedding,Home & Garden,Wedge Pillows,BSE-67-9.0,,,N,Walmart-fulfilled(WFS),Delivery,,0.00,,-4.00,WM_DISC,
200012162760030,1,108920081813772,1,,SALE,07/17/2024,1,JGWLMA040GR,06976391064324,Tolead 4-in-1 Rotating Baby and Toddler High Chair Polypropylene Gray,2038710,,,TX,,,Wharton,77488,Marketplace value,119.06,93.49,16.50,15.00,109.99,0.00,0.00,0.00,0.00,0.00,0.00,0.00,0.00,0.00,0.00,0,0.00,0.00,0.00,0.00,9.07,0.00,0.00,0.00,0.00,0.00,0.00,0.00,0.00,0.00,0.00,0.00,0.00,9.07,Y,,,,-16.50,Baby Furniture,Baby,Baby Feeding Chairs,BSE-48-11.0,,,N,Seller Fulfilled,Delivery,,0.00,,,,
200012162690353,2,108920713931210,1,,ADJMNT,07/24/2024,1,NFN014BU,06973813987063,Tolead Kitchen Single Trash Cabinet Tilt Out Free Standing Storage Can with Hideaway Drawer and Countertop Wood Blue,2038710,,,MD,,,Centreville,21617,Marketplace expedited,0.00,-16.95,16.95,0.00,0.00,0.00,0.00,0.00,0.00,0.00,0.00,0.00,0.00,0.00,0.00,0,0.00,0.00,0.00,0.00,0.00,0.00,0.00,0.00,0.00,0.00,0.00,0.00,0.00,0.00,0.00,0.00,0.00,0.00,Y,WFS Fulfillment fee,5041,,,Home Decor  Kitchen  & Other,Home & Garden,,,,,N,Walmart-fulfilled(WFS),,,,,,,New
200012162690353,2,108920713931210,1,,SALE,07/24/2024,1,NFN014BU,06973813987063,Tolead Kitchen Single Trash Cabinet Tilt Out Free Standing Storage Can with Hideaway Drawer and Countertop Wood Blue,2038710,,,MD,,,Centreville,21617,Marketplace expedited,105.99,84.99,15.00,15.00,99.99,0.00,0.00,0.00,0.00,0.00,0.00,0.00,0.00,0.00,0.00,0,0.00,0.00,0.00,0.00,6.00,0.00,0.00,0.00,0.00,0.00,0.00,0.00,0.00,0.00,0.00,0.00,0.00,6.00,Y,,,,-15.00,Home Decor  Kitchen  & Other,Home & Garden,Garbage Cans & Wastebaskets,BSE-66-7.0,,,N,Walmart-fulfilled(WFS),Delivery,,0.00,,,,New
200012161253064,1,108920921974235,1,,SALE,07/26/2024,1,TLH011NL,06973813987414,Tolead 60 Heavy-Duty Adjustable Workbench with Power Outlets Rubber Wood Shop Table Workstation,2038710,,,UT,,,Manti,84642,Marketplace value,233.54,186.13,32.85,15.00,218.98,0.00,0.00,0.00,0.00,0.00,0.00,0.00,0.00,0.00,0.00,0,0.00,0.00,0.00,0.00,14.56,0.00,0.00,0.00,0.00,0.00,0.00,0.00,0.00,0.00,0.00,0.00,0.00,14.56,Y,,,,-32.85,Tools & Hardware Other,Tools & Home Improvement,Workbenches,BSE-61-16.0,,,N,Seller Fulfilled,Delivery,,0.00,,,,
200012160307468,1,108920184148241,1,,SALE,07/17/2024,1,NFN056NL-WL,06976391060005,Tolead Wood Sideboard Buffet Cabinet with Storage Rattan Doors Rustic Modern Kitchen Shelf,2038710,,,TX,,,Mesquite,75149,Marketplace value,97.41,76.49,13.50,15.00,89.99,0.00,0.00,0.00,0.00,0.00,0.00,0.00,0.00,0.00,0.00,0,0.00,0.00,0.00,0.00,7.42,0.00,0.00,0.00,0.00,0.00,0.00,0.00,0.00,0.00,0.00,0.00,0.00,7.42,Y,,,,-13.50,Furniture,Furniture & Decor,Credenzas & Sideboards,BSE-82-2.0,,,N,Seller Fulfilled,Delivery,,0.00,,,,New
200012160307468,1,108920184148241,2,,SALE,07/17/2024,1,NFN056NL-WL,06976391060005,Tolead Wood Sideboard Buffet Cabinet with Storage Rattan Doors Rustic Modern Kitchen Shelf,2038710,,,TX,,,Mesquite,75149,Marketplace value,97.41,76.49,13.50,15.00,89.99,0.00,0.00,0.00,0.00,0.00,0.00,0.00,0.00,0.00,0.00,0,0.00,0.00,0.00,0.00,7.42,0.00,0.00,0.00,0.00,0.00,0.00,0.00,0.00,0.00,0.00,0.00,0.00,7.42,Y,,,,-13.50,Furniture,Furniture & Decor,Credenzas & Sideboards,BSE-82-2.0,,,N,Seller Fulfilled,Delivery,,0.00,,,,New
200012158404476,1,108919668827920,1,,SALE,07/14/2024,1,NFP014BU,06973813986561,Tolead 5pcs Adjustable Orthopedic Bed Wedge Pillow Set Blue,2039972,,,TX,,,Laredo,78046,Marketplace value,93.08,76.49,13.50,15.00,85.99,0.00,0.00,0.00,0.00,0.00,0.00,0.00,0.00,0.00,0.00,0,0.00,0.00,0.00,0.00,7.09,0.00,0.00,0.00,0.00,0.00,0.00,0.00,0.00,0.00,0.00,0.00,0.00,7.09,Y,,,89.99,-13.50,Bedding,Home & Garden,Wedge Pillows,BSE-67-9.0,,,N,Seller Fulfilled,Delivery,,0.00,,-4.00,WM_DISC,
200012157139100,1,108920184447229,1,,SALE,07/18/2024,1,JGWLMC003GN,06973813983881,Tolead 3-in-1 Convertible Baby High Chair with 2-Level Height Adjustable Legs 3-Level Adjustable Tray for Babies and Toddlers Baby Highchair with 5-Point Safety Belt & Footrest Green,2038710,,,CA,,,Walnut,91789,Marketplace standard,68.95,53.53,9.45,15.00,62.98,0.00,0.00,0.00,0.00,0.00,0.00,0.00,0.00,0.00,0.00,0,0.00,0.00,0.00,0.00,5.97,0.00,0.00,0.00,0.00,0.00,0.00,0.00,0.00,0.00,0.00,0.00,0.00,5.97,Y,,,,-9.45,Baby Furniture,Baby,Baby Feeding Chairs,BSE-48-11.0,,,N,Seller Fulfilled,Delivery,,0.00,,,,New
200012155125450,1,108920496140301,1,,SALE,07/21/2024,1,NFN056NL-WL,06976391060005,Tolead Wood Sideboard Buffet Cabinet with Storage Rattan Doors Rustic Modern Kitchen Shelf,2038710,,,AL,,,auburn,36830,Marketplace value,97.19,76.49,13.50,15.00,89.99,0.00,0.00,0.00,0.00,0.00,0.00,0.00,0.00,0.00,0.00,0,0.00,0.00,0.00,0.00,7.20,0.00,0.00,0.00,0.00,0.00,0.00,0.00,0.00,0.00,0.00,0.00,0.00,7.20,Y,,,,-13.50,Furniture,Furniture & Decor,Credenzas & Sideboards,BSE-82-2.0,,,N,Seller Fulfilled,Delivery,,0.00,,,,New
200012155125450,1,108920496140301,2,,SALE,07/21/2024,1,NFN056NL-WL,06976391060005,Tolead Wood Sideboard Buffet Cabinet with Storage Rattan Doors Rustic Modern Kitchen Shelf,2038710,,,AL,,,auburn,36830,Marketplace value,97.19,76.49,13.50,15.00,89.99,0.00,0.00,0.00,0.00,0.00,0.00,0.00,0.00,0.00,0.00,0,0.00,0.00,0.00,0.00,7.20,0.00,0.00,0.00,0.00,0.00,0.00,0.00,0.00,0.00,0.00,0.00,0.00,7.20,Y,,,,-13.50,Furniture,Furniture & Decor,Credenzas & Sideboards,BSE-82-2.0,,,N,Seller Fulfilled,Delivery,,0.00,,,,New
200012153794955,1,108920391785082,1,,SALE,07/21/2024,1,JGWLMB031BN,06976391068056,Tolead Outdoor Patio Dining Armchair Sets of 6 Patio Stackable Chairs (Brown),2038710,,,NJ,,,Scotch Plains,07076,Marketplace value,239.90,192.50,32.49,14.44,224.99,0.00,0.00,0.00,0.00,0.00,0.00,0.00,0.00,0.00,0.00,0,0.00,0.00,0.00,0.00,14.91,0.00,0.00,0.00,0.00,0.00,0.00,0.00,0.00,0.00,0.00,0.00,0.00,14.91,Y,,,,-32.49,Garden & Patio,Home & Garden,Outdoor Dining Chair,BSE-83-3.0,,,N,Seller Fulfilled,Delivery,,0.00,,,,
200012152468011,1,108920612349477,1,,SALE,07/24/2024,1,NFP003GR-WL,06973813983768,Tolead 5pcs Orthopedic Washable Bed Wedge Pillow Set Adjustable Acid Reflux Reading Recovery Health Surgery,2039972,,,CO,,,Colorado Springs,80917,Marketplace standard,87.63,76.49,13.50,15.00,80.99,0.00,0.00,0.00,0.00,0.00,0.00,0.00,0.00,0.00,0.00,0,0.00,0.00,0.00,0.00,6.64,0.00,0.00,0.00,0.00,0.00,0.00,0.00,0.00,0.00,0.00,0.00,0.00,6.64,Y,,,89.99,-13.50,Bedding,Home & Garden,Wedge Pillows,BSE-67-9.0,,,N,Walmart-fulfilled(WFS),Delivery,,0.00,,-9.00,WM_DISC,
200012152468011,1,108920612349477,1,,ADJMNT,07/24/2024,1,NFP003GR-WL,06973813983768,Tolead 5pcs Orthopedic Washable Bed Wedge Pillow Set Adjustable Acid Reflux Reading Recovery Health Surgery,2039972,,,CO,,,Colorado Springs,80917,Marketplace standard,0.00,-14.55,14.55,0.00,0.00,0.00,0.00,0.00,0.00,0.00,0.00,0.00,0.00,0.00,0.00,0,0.00,0.00,0.00,0.00,0.00,0.00,0.00,0.00,0.00,0.00,0.00,0.00,0.00,0.00,0.00,0.00,0.00,0.00,Y,WFS Fulfillment fee,5041,89.99,,Bedding,Home & Garden,,,,,N,Walmart-fulfilled(WFS),,,,,,,
200012149154364,2,108920187179834,1,,SALE,07/18/2024,1,JGWLMA026GB,06973813987001,Tolead Wood Double Tilt Out Trash Cabinet Recycling Cabinet with Hideaway Drawer Gray,2038710,,,PA,,,Sarver,16055,Marketplace standard,169.59,144.49,25.50,15.00,159.99,0.00,0.00,0.00,0.00,0.00,0.00,0.00,0.00,0.00,0.00,0,0.00,0.00,0.00,0.00,9.60,0.00,0.00,0.00,0.00,0.00,0.00,0.00,0.00,0.00,0.00,0.00,0.00,9.60,Y,,,169.99,-25.50,Home Decor  Kitchen  & Other,Furniture & Decor,Pantry Cabinets,BSE-82-2.0,,,N,Seller Fulfilled,Delivery,,0.00,,-10.00,WM_DISC,
200012148673998,1,108920612834433,1,,SALE,07/23/2024,1,JGWLMB018NL,06976391067905,Tolead 48 Heavy-Duty Adjustable Workbench with Power Outlets Rubber Wood Shop Table Metal Wheels Workstation,2038710,,,MN,,,Plymouth,55447,Marketplace value,184.48,144.49,25.50,15.00,169.99,0.00,0.00,0.00,0.00,0.00,0.00,0.00,0.00,0.00,0.00,0,0.00,0.00,0.00,0.00,14.49,0.00,0.00,0.00,0.00,0.00,0.00,0.00,0.00,0.00,0.00,0.00,0.00,14.49,Y,,,,-25.50,Tools & Hardware Other,Tools & Home Improvement,Workbenches,BSE-61-16.0,,,N,Seller Fulfilled,Delivery,,0.00,,,,
200012147617352,2,108920917403967,1,,SALE,07/26/2024,1,NFN056NL-WL,06976391060005,Tolead Wood Sideboard Buffet Cabinet with Storage Rattan Doors Rustic Modern Kitchen Shelf,2038710,,,TX,,,Alvarado,76009,Marketplace value,97.41,76.49,13.50,15.00,89.99,0.00,0.00,0.00,0.00,0.00,0.00,0.00,0.00,0.00,0.00,0,0.00,0.00,0.00,0.00,7.42,0.00,0.00,0.00,0.00,0.00,0.00,0.00,0.00,0.00,0.00,0.00,0.00,7.42,Y,,,,-13.50,Furniture,Furniture & Decor,Credenzas & Sideboards,BSE-82-2.0,,,N,Seller Fulfilled,Delivery,,0.00,,,,New
200012147617352,2,108920917403967,2,,SALE,07/26/2024,1,NFN056NL-WL,06976391060005,Tolead Wood Sideboard Buffet Cabinet with Storage Rattan Doors Rustic Modern Kitchen Shelf,2038710,,,TX,,,Alvarado,76009,Marketplace value,97.41,76.49,13.50,15.00,89.99,0.00,0.00,0.00,0.00,0.00,0.00,0.00,0.00,0.00,0.00,0,0.00,0.00,0.00,0.00,7.42,0.00,0.00,0.00,0.00,0.00,0.00,0.00,0.00,0.00,0.00,0.00,0.00,7.42,Y,,,,-13.50,Furniture,Furniture & Decor,Credenzas & Sideboards,BSE-82-2.0,,,N,Seller Fulfilled,Delivery,,0.00,,,,New
200012147612375,1,108920714594826,1,,SALE,07/24/2024,1,NFN009WH,06973813985113,Tolead 46 Wood Kitchen Sideboard Cabinet Coffee Bar Large Farmhouse Buffet White,2038710,,,GA,,,Tiger,30576,Marketplace value,156.59,123.24,21.75,15.00,144.99,0.00,0.00,0.00,0.00,0.00,0.00,0.00,0.00,0.00,0.00,0,0.00,0.00,0.00,0.00,11.60,0.00,0.00,0.00,0.00,0.00,0.00,0.00,0.00,0.00,0.00,0.00,0.00,11.60,Y,,,,-21.75,Furniture,Furniture & Decor,Credenzas & Sideboards,BSE-82-2.0,,,N,Seller Fulfilled,Delivery,,0.00,,,,
200012145313918,1,108920919149079,1,,SALE,07/25/2024,1,NFN002NL,06973813984277,Tolead Rattan Nightstand Boho Side Table with Handmade Rattan Decorated Drawer Bedroom Living Room Natural,2038710,,,CA,,,Montecito,93108,Marketplace standard,66.79,52.69,9.30,15.00,61.99,0.00,0.00,0.00,0.00,0.00,0.00,0.00,0.00,0.00,0.00,0,0.00,0.00,0.00,0.00,4.80,0.00,0.00,0.00,0.00,0.00,0.00,0.00,0.00,0.00,0.00,0.00,0.00,4.80,Y,,,,-9.30,Furniture,Furniture & Decor,Nightstands,BSE-82-2.0,,,N,Seller Fulfilled,Delivery,,0.00,,,,
200012143602550,1,108919669947961,1,,SALE,07/14/2024,1,NFP015WH,06976391060951,Tolead 7.5 Inch Bed Inclined Mattress Topper Wedge Pillow with Washable Cover Sleeping,2038710,,,GA,,,Arnoldsville,30619,Marketplace value,100.43,84.14,14.85,15.00,92.99,0.00,0.00,0.00,0.00,0.00,0.00,0.00,0.00,0.00,0.00,0,0.00,0.00,0.00,0.00,7.44,0.00,0.00,0.00,0.00,0.00,0.00,0.00,0.00,0.00,0.00,0.00,0.00,7.44,Y,,,98.99,-14.85,Bedding,Home & Garden,Wedge Pillows,BSE-67-9.0,,,N,Seller Fulfilled,Delivery,,0.00,,-6.00,WM_DISC,New
200012143207310,1,108920817691306,1,,SALE,07/25/2024,1,NFP012GR,06973813987711,Tolead 6pcs Adjustable Orthopedic Bed Wedge Pillow Set Sleeping Sitting Pillow Gray,2039972,,,OH,,,Lima,45807,Marketplace standard,106.84,84.99,15.00,15.00,99.99,0.00,0.00,0.00,0.00,0.00,0.00,0.00,0.00,0.00,0.00,0,0.00,0.00,0.00,0.00,6.85,0.00,0.00,0.00,0.00,0.00,0.00,0.00,0.00,0.00,0.00,0.00,0.00,6.85,Y,,,,-15.00,Bedding,Home & Garden,Wedge Pillows,BSE-67-9.0,,,N,Seller Fulfilled,Delivery,,0.00,,,,New
200012142341020,1,108920598593018,1,,SALE,07/22/2024,1,OFL006BU,08711777064615,4 Pack Expandable Fence Privacy Screen Faux Ivy Greenery Fencing Panel for Balcony Garden Patio Backyard Outdoor Home Decorations Blue & Purple Lilacs,2038710,,,CA,,,Arcata,95521,Marketplace standard,129.10,101.14,17.85,15.00,118.99,0.00,0.00,0.00,0.00,0.00,0.00,0.00,0.00,0.00,0.00,0,0.00,0.00,0.00,0.00,10.11,0.00,0.00,0.00,0.00,0.00,0.00,0.00,0.00,0.00,0.00,0.00,0.00,10.11,Y,,,,-17.85,Garden & Patio,Home & Garden,Outdoor Panel Privacy Screens,BSE-66-7.0,,,N,Seller Fulfilled,Delivery,,0.00,,,,
200012142341020,1,108920598593018,2,,SALE,07/22/2024,1,OFL006BU,08711777064615,4 Pack Expandable Fence Privacy Screen Faux Ivy Greenery Fencing Panel for Balcony Garden Patio Backyard Outdoor Home Decorations Blue & Purple Lilacs,2038710,,,CA,,,Arcata,95521,Marketplace standard,129.10,101.14,17.85,15.00,118.99,0.00,0.00,0.00,0.00,0.00,0.00,0.00,0.00,0.00,0.00,0,0.00,0.00,0.00,0.00,10.11,0.00,0.00,0.00,0.00,0.00,0.00,0.00,0.00,0.00,0.00,0.00,0.00,10.11,Y,,,,-17.85,Garden & Patio,Home & Garden,Outdoor Panel Privacy Screens,BSE-66-7.0,,,N,Seller Fulfilled,Delivery,,0.00,,,,
200012141867942,1,108920714371667,1,,SALE,07/24/2024,1,NFN002NL,06973813984277,Tolead Rattan Nightstand Boho Side Table with Handmade Rattan Decorated Drawer Bedroom Living Room Natural,2038710,,,FL,,,Casselberry,32707,Marketplace value,66.33,52.69,9.30,15.00,61.99,0.00,0.00,0.00,0.00,0.00,0.00,0.00,0.00,0.00,0.00,0,0.00,0.00,0.00,0.00,4.34,0.00,0.00,0.00,0.00,0.00,0.00,0.00,0.00,0.00,0.00,0.00,0.00,4.34,Y,,,,-9.30,Furniture,Furniture & Decor,Nightstands,BSE-82-2.0,,,N,Seller Fulfilled,Delivery,,0.00,,,,
200012139879792,1,108920392242776,1,,SALE,07/21/2024,1,NFP014BG,06973813986578,Tolead 5Pcs Bed Wedge Pillow Set Sit up Pillow Recovery Health Acid Reflux Comfort Memory Foam Beige,2039972,,,OH,,,Hamilton,45011,Marketplace standard,95.84,76.49,13.50,15.00,89.99,0.00,0.00,0.00,0.00,0.00,0.00,0.00,0.00,0.00,0.00,0,0.00,0.00,0.00,0.00,5.85,0.00,0.00,0.00,0.00,0.00,0.00,0.00,0.00,0.00,0.00,0.00,0.00,5.85,Y,,,,-13.50,Bedding,Home & Garden,Wedge Pillows,BSE-67-9.0,,,N,Seller Fulfilled,Delivery,,0.00,,,,
200012139629342,2,108918224079090,1,,REFUNDED,07/22/2024,1,NFP016WH,06973813983690,Tolead 7.5 Inch Bed Inclined Mattress Topper with Washable Cover King,3001205,,,,,,Houston,77072,,-111.48,-91.03,-16.06,0.00,0.00,-102.99,0.00,0.00,0.00,0.00,0.00,0.00,0.00,0.00,0.00,0,0.00,0.00,0.00,0.00,0.00,0.00,0.00,0.00,0.00,-8.49,0.00,0.00,0.00,0.00,0.00,0.00,0.00,-8.49,Y,Return Refund,5010,107.09,,Bedding,Home & Garden,,,1000,No Longer Wanted,N,Seller Fulfilled,,,,,4.10,,New
200012135088095,1,108920918930841,1,,SALE,07/25/2024,1,JGWLMB066BK,06976391069589,Tolead Storage Cabinet with Flower Pattern Panel Modern Sideboard Buffet Cabinet Black,2038710,,,MS,,,Southaven,38671,Marketplace value,149.79,118.99,21.00,15.00,139.99,0.00,0.00,0.00,0.00,0.00,0.00,0.00,0.00,0.00,0.00,0,0.00,0.00,0.00,0.00,9.80,0.00,0.00,0.00,0.00,0.00,0.00,0.00,0.00,0.00,0.00,0.00,0.00,9.80,Y,,,,-21.00,Home Decor  Kitchen  & Other,Furniture & Decor,Cabinets,BSE-82-2.0,,,N,Seller Fulfilled,Delivery,,0.00,,,,
200012130692146,1,108920288921997,1,,SALE,07/21/2024,1,NFN026NL,06973813988411,Tolead 2Pcs Rattan Nightstand with Charging Station Boho Side Table with Handmade Rattan Decorated Door Bedroom Living Room Natural,2038710,,,NY,,,New York,10001,Marketplace standard,141.53,110.49,19.50,15.00,129.99,0.00,0.00,0.00,0.00,0.00,0.00,0.00,0.00,0.00,0.00,0,0.00,0.00,0.00,0.00,11.54,0.00,0.00,0.00,0.00,0.00,0.00,0.00,0.00,0.00,0.00,0.00,0.00,11.54,Y,,,,-19.50,Furniture,Furniture & Decor,Nightstands,BSE-82-2.0,,,N,Seller Fulfilled,Delivery,,0.00,,,,
200012130547492,2,108920815767335,1,,SALE,07/24/2024,1,NFN004BK,08711777054845,Tolead Black Wood Nightstand with Charging Station 2 Storage Drawer & Open Shelf Bedroom Office Adult,2038710,,,IL,,,Carmi,62821,Marketplace value,49.67,39.09,6.90,15.00,45.99,0.00,0.00,0.00,0.00,0.00,0.00,0.00,0.00,0.00,0.00,0,0.00,0.00,0.00,0.00,3.68,0.00,0.00,0.00,0.00,0.00,0.00,0.00,0.00,0.00,0.00,0.00,0.00,3.68,Y,,,,-6.90,Furniture,Furniture & Decor,Nightstands,BSE-82-2.0,,,N,Seller Fulfilled,Delivery,,0.00,,,,
200012125107673,1,108920495552966,1,,SALE,07/21/2024,1,NFN002NL,06973813984277,Tolead Rattan Nightstand Boho Side Table with Handmade Rattan Decorated Drawer Bedroom Living Room Natural,2038710,,,WA,,,Sammamish,98029,Marketplace value,68.31,52.69,9.30,15.00,61.99,0.00,0.00,0.00,0.00,0.00,0.00,0.00,0.00,0.00,0.00,0,0.00,0.00,0.00,0.00,6.32,0.00,0.00,0.00,0.00,0.00,0.00,0.00,0.00,0.00,0.00,0.00,0.00,6.32,Y,,,,-9.30,Furniture,Furniture & Decor,Nightstands,BSE-82-2.0,,,N,Seller Fulfilled,Delivery,,0.00,,,,
200012124860356,1,108920287636840,1,,SALE,07/18/2024,1,TLH001NL,06973813983973,Tolead 48 Heavy-Duty Adjustable Workbench Rubber Wood Shop Table Metal Wheels Workstation,2038710,,,NJ,,,Montville,07045,Marketplace standard,170.59,137.52,24.27,15.00,159.99,0.00,0.00,0.00,0.00,0.00,0.00,0.00,0.00,0.00,0.00,0,0.00,0.00,0.00,0.00,10.60,0.00,0.00,0.00,0.00,0.00,0.00,0.00,0.00,0.00,0.00,0.00,0.00,10.60,Y,,,161.79,-24.27,Tools & Hardware Other,Tools & Home Improvement,Workbenches,BSE-61-16.0,,,N,Seller Fulfilled,Delivery,,0.00,,-1.80,WM_DISC,New
200012124860356,1,108920287636840,2,,SALE,07/18/2024,1,TLH001NL,06973813983973,Tolead 48 Heavy-Duty Adjustable Workbench Rubber Wood Shop Table Metal Wheels Workstation,2038710,,,NJ,,,Montville,07045,Marketplace standard,170.59,137.52,24.27,15.00,159.99,0.00,0.00,0.00,0.00,0.00,0.00,0.00,0.00,0.00,0.00,0,0.00,0.00,0.00,0.00,10.60,0.00,0.00,0.00,0.00,0.00,0.00,0.00,0.00,0.00,0.00,0.00,0.00,10.60,Y,,,161.79,-24.27,Tools & Hardware Other,Tools & Home Improvement,Workbenches,BSE-61-16.0,,,N,Seller Fulfilled,Delivery,,0.00,,-1.80,WM_DISC,New
200012124562405,1,108920083744001,1,,SALE,07/17/2024,1,NFN019NL,06973813985595,Tolead Rattan Nightstand with Charging Station Boho Side Table with Handmade Rattan Decorated Door Bedroom Living Room Natural,2038710,,,TX,,,Leander,78641,Marketplace value,73.06,57.37,10.12,15.00,67.49,0.00,0.00,0.00,0.00,0.00,0.00,0.00,0.00,0.00,0.00,0,0.00,0.00,0.00,0.00,5.57,0.00,0.00,0.00,0.00,0.00,0.00,0.00,0.00,0.00,0.00,0.00,0.00,5.57,Y,,,,-10.12,Furniture,Furniture & Decor,Nightstands,BSE-82-2.0,,,N,Seller Fulfilled,Delivery,,0.00,,,,New
200012123867741,1,108920611812657,1,,SALE,07/23/2024,1,NFN026NL,06973813988411,Tolead 2Pcs Rattan Nightstand with Charging Station Boho Side Table with Handmade Rattan Decorated Door Bedroom Living Room Natural,2038710,,,CA,,,San Luis Obispo,93401,Marketplace standard,141.36,110.49,19.50,15.00,129.99,0.00,0.00,0.00,0.00,0.00,0.00,0.00,0.00,0.00,0.00,0,0.00,0.00,0.00,0.00,11.37,0.00,0.00,0.00,0.00,0.00,0.00,0.00,0.00,0.00,0.00,0.00,0.00,11.37,Y,,,,-19.50,Furniture,Furniture & Decor,Nightstands,BSE-82-2.0,,,N,Seller Fulfilled,Delivery,,0.00,,,,
200012117902020,2,108920597291310,1,,SALE,07/22/2024,1,BPK002SL,06976391064126,Tolead Raised Toilet Seat with Handles Adjustable Bedside Commode Width w/Side Pocket,2038710,,,MI,,,WEST OLIVE,49460,Marketplace value,79.49,68.24,6.75,9.00,74.99,0.00,0.00,0.00,0.00,0.00,0.00,0.00,0.00,0.00,0.00,0,0.00,0.00,0.00,0.00,4.50,0.00,0.00,0.00,0.00,0.00,0.00,0.00,0.00,0.00,0.00,0.00,0.00,4.50,Y,,,,-11.25,Medicine & Supplements,Health & Personal Care,Toilet Seat Elevators,SCE-19850_19940,,,N,Seller Fulfilled,Delivery,Others,4.50,,,,
200012116202912,1,108920184919158,1,,SALE,07/18/2024,1,TLH001NL,06973813983973,Tolead 48 Heavy-Duty Adjustable Workbench Rubber Wood Shop Table Metal Wheels Workstation,2038710,,,TN,,,Murfreesboro,37128,Marketplace value,175.59,137.52,24.27,15.00,159.99,0.00,0.00,0.00,0.00,0.00,0.00,0.00,0.00,0.00,0.00,0,0.00,0.00,0.00,0.00,15.60,0.00,0.00,0.00,0.00,0.00,0.00,0.00,0.00,0.00,0.00,0.00,0.00,15.60,Y,,,161.79,-24.27,Tools & Hardware Other,Tools & Home Improvement,Workbenches,BSE-61-16.0,,,N,Seller Fulfilled,Delivery,,0.00,,-1.80,WM_DISC,New
200012115310845,1,108919565473521,1,,REFUNDED,07/23/2024,1,NFP014BG,06973813986578,Tolead 5Pcs Bed Wedge Pillow Set Sit up Pillow Recovery Health Acid Reflux Comfort Memory Foam Beige,2039972,,,,,,Green Valley,85614,,-85.93,-68.84,-12.15,0.00,0.00,-80.99,0.00,0.00,0.00,0.00,0.00,0.00,0.00,0.00,0.00,0,0.00,0.00,0.00,0.00,0.00,0.00,0.00,0.00,0.00,-4.94,0.00,0.00,0.00,0.00,0.00,0.00,0.00,-4.94,Y,Return Refund,5010,,,Bedding,Home & Garden,,,1000,No Longer Wanted,N,Seller Fulfilled,,,,,,,
200012114633998,1,108919255077819,1,,REFUNDED,07/17/2024,1,NFN026NL,06973813988411,Tolead 2Pcs Rattan Nightstand with Charging Station Boho Side Table with Handmade Rattan Decorated Door Bedroom Living Room Natural,2038710,,,,,,New York,10031,,-141.53,-110.49,-19.50,0.00,0.00,-129.99,0.00,0.00,0.00,0.00,0.00,0.00,0.00,0.00,0.00,0,0.00,0.00,0.00,0.00,0.00,0.00,0.00,0.00,0.00,-11.54,0.00,0.00,0.00,0.00,0.00,0.00,0.00,-11.54,Y,Return Refund,5010,,,Furniture,Furniture & Decor,,,1023,Lost After Delivery,N,Seller Fulfilled,,,,,,,
200012109969805,3,108919978393048,1,,SALE,07/16/2024,1,BPK002SL,06976391064126,Tolead Raised Toilet Seat with Handles Adjustable Bedside Commode Width w/Side Pocket,2038710,,,WA,,,Colville,99114,Marketplace value,75.59,63.69,6.30,9.00,69.99,0.00,0.00,0.00,0.00,0.00,0.00,0.00,0.00,0.00,0.00,0,0.00,0.00,0.00,0.00,5.60,0.00,0.00,0.00,0.00,0.00,0.00,0.00,0.00,0.00,0.00,0.00,0.00,5.60,Y,,,,-10.50,Medicine & Supplements,Home & Garden,Toilet Seats,SCE-19850_19940,,,N,Seller Fulfilled,Delivery,Others,4.20,,,,
200012106735004,1,108919669577962,1,,SALE,07/14/2024,1,NFN008BN,06973813984147,Tolead TV Stand with Sliding Barn Door Up to 65 TV Brown,2038710,,,ID,,,Meridian,83646,Marketplace value,190.78,152.98,27.00,15.00,179.98,0.00,0.00,0.00,0.00,0.00,0.00,0.00,0.00,0.00,0.00,0,0.00,0.00,0.00,0.00,10.80,0.00,0.00,0.00,0.00,0.00,0.00,0.00,0.00,0.00,0.00,0.00,0.00,10.80,Y,,,,-27.00,Furniture,Furniture & Decor,Television Stands,BSE-82-2.0,,,N,Seller Fulfilled,Delivery,,0.00,,,,
200012104725258,2,108920083384874,1,,SALE,07/17/2024,1,NFN016WH,06973813988374,Tolead Barnwood Rustic Nightstand Side Table Weathered Oak Style End Table Sturdy Home Living Room Bedroom White,2038710,,,IN,,,Fort Wayne,46814,Marketplace value,69.54,59.49,10.50,15.00,64.99,0.00,0.00,0.00,0.00,0.00,0.00,0.00,0.00,0.00,0.00,0,0.00,0.00,0.00,0.00,4.55,0.00,0.00,0.00,0.00,0.00,0.00,0.00,0.00,0.00,0.00,0.00,0.00,4.55,Y,,,69.99,-10.50,Furniture,Furniture & Decor,Nightstands,BSE-82-2.0,,,N,Seller Fulfilled,Delivery,,0.00,,-5.00,WM_DISC,
200012104725258,2,108920083384874,2,,SALE,07/17/2024,1,NFN016WH,06973813988374,Tolead Barnwood Rustic Nightstand Side Table Weathered Oak Style End Table Sturdy Home Living Room Bedroom White,2038710,,,IN,,,Fort Wayne,46814,Marketplace value,69.54,59.49,10.50,15.00,64.99,0.00,0.00,0.00,0.00,0.00,0.00,0.00,0.00,0.00,0.00,0,0.00,0.00,0.00,0.00,4.55,0.00,0.00,0.00,0.00,0.00,0.00,0.00,0.00,0.00,0.00,0.00,0.00,4.55,Y,,,69.99,-10.50,Furniture,Furniture & Decor,Nightstands,BSE-82-2.0,,,N,Seller Fulfilled,Delivery,,0.00,,-5.00,WM_DISC,
200012104132138,2,108919876363042,1,,SALE,07/15/2024,1,JGWLMA038GB,06973813987933,Tolead Kitchen Single Trash Cabinet Tilt Out Free Standing Storage Can with Hideaway Drawer and Countertop Wood Gray,2038710,,,WA,,,Puyallup,98371,Marketplace value,121.10,93.49,16.50,15.00,109.99,0.00,0.00,0.00,0.00,0.00,0.00,0.00,0.00,0.00,0.00,0,0.00,0.00,0.00,0.00,11.11,0.00,0.00,0.00,0.00,0.00,0.00,0.00,0.00,0.00,0.00,0.00,0.00,11.11,Y,,,,-16.50,Home Decor  Kitchen  & Other,Furniture & Decor,Cabinets,BSE-82-2.0,,,N,Seller Fulfilled,Delivery,,0.00,,,,
200012102872065,1,108920597897918,1,,SALE,07/22/2024,1,JGWLMB011ES,06976391067400,Tolead 24 Counter Height Swivel Wood Barstool in Chestnut Finish and Black Faux Leather for HomeBar,2038710,,,WI,,,Elkhorn,53121,Marketplace value,179.34,144.49,25.50,15.00,169.99,0.00,0.00,0.00,0.00,0.00,0.00,0.00,0.00,0.00,0.00,0,0.00,0.00,0.00,0.00,9.35,0.00,0.00,0.00,0.00,0.00,0.00,0.00,0.00,0.00,0.00,0.00,0.00,9.35,Y,,,,-25.50,Furniture,Furniture & Decor,Bar Stools,BSE-82-2.0,,,N,Seller Fulfilled,Delivery,,0.00,,,,
200012102852184,4,108920288650860,1,,SALE,07/20/2024,1,NFD007BN,06973813989944,Tolead Wooden Twin Daybed with Trundle and Storage Drawers Captains Bed Frame with Pull Out Bed Brown,2038710,,,MD,,,Catonsville,21228,Marketplace standard,249.09,201.48,33.51,14.26,234.99,0.00,0.00,0.00,0.00,0.00,0.00,0.00,0.00,0.00,0.00,0,0.00,0.00,0.00,0.00,14.10,0.00,0.00,0.00,0.00,0.00,0.00,0.00,0.00,0.00,0.00,0.00,0.00,14.10,Y,,,,-33.51,Furniture,Furniture & Decor,Daybeds,BSE-82-2.0,,,N,Seller Fulfilled,Delivery,,0.00,,,,
200012099742904,1,108920184895681,1,,SALE,07/18/2024,1,JGWLMB031BN,06976391068056,Tolead Outdoor Patio Dining Armchair Sets of 6 Patio Stackable Chairs (Brown),2038710,,,MI,,,Brighton,48116,Marketplace value,238.49,192.50,32.49,14.44,224.99,0.00,0.00,0.00,0.00,0.00,0.00,0.00,0.00,0.00,0.00,0,0.00,0.00,0.00,0.00,13.50,0.00,0.00,0.00,0.00,0.00,0.00,0.00,0.00,0.00,0.00,0.00,0.00,13.50,Y,,,,-32.49,Garden & Patio,Home & Garden,Outdoor Dining Chair,BSE-83-3.0,,,N,Seller Fulfilled,Delivery,,0.00,,,,
200012096856993,1,108920184512185,1,,SALE,07/17/2024,1,NFN002NL,06973813984277,Tolead Rattan Nightstand Boho Side Table with Handmade Rattan Decorated Drawer Bedroom Living Room Natural,2038710,,,CA,,,Upland,91786,Marketplace standard,66.79,52.69,9.30,15.00,61.99,0.00,0.00,0.00,0.00,0.00,0.00,0.00,0.00,0.00,0.00,0,0.00,0.00,0.00,0.00,4.80,0.00,0.00,0.00,0.00,0.00,0.00,0.00,0.00,0.00,0.00,0.00,0.00,4.80,Y,,,,-9.30,Furniture,Furniture & Decor,Nightstands,BSE-82-2.0,,,N,Seller Fulfilled,Delivery,,0.00,,,,
200012094175550,1,108918841914898,1,,REFUNDED,07/19/2024,1,NFN051NL,06976391060470,Tolead Rattan Low Profile TV Stands with Sliding Doors up to 65 TV Natural,2038710,,,,,,Bellevue,98007,,-119.00,-91.79,-16.20,0.00,0.00,-107.99,0.00,0.00,0.00,0.00,0.00,0.00,0.00,0.00,0.00,0,0.00,0.00,0.00,0.00,0.00,0.00,0.00,0.00,0.00,-11.01,0.00,0.00,0.00,0.00,0.00,0.00,0.00,-11.01,Y,Return Refund,5010,,,Furniture,Furniture & Decor,,,1007,Item arrived damaged,N,Seller Fulfilled,,,,,,,
200012094063891,1,108920081981023,1,,SALE,07/17/2024,1,NFP012GR,06973813987711,Tolead 6pcs Adjustable Orthopedic Bed Wedge Pillow Set Sleeping Sitting Pillow Gray,2039972,,,MT,,,Great Falls,59405,Marketplace value,99.99,84.99,15.00,15.00,99.99,0.00,0.00,0.00,0.00,0.00,0.00,0.00,0.00,0.00,0.00,0,0.00,0.00,0.00,0.00,0.00,0.00,0.00,0.00,0.00,0.00,0.00,0.00,0.00,0.00,0.00,0.00,0.00,0.00,N,,,,-15.00,Bedding,Home & Garden,Wedge Pillows,BSE-67-9.0,,,N,Seller Fulfilled,Delivery,,0.00,,,,New
200012093152530,1,108920493634092,1,,SALE,07/21/2024,1,NFN004BK,08711777054845,Tolead Black Wood Nightstand with Charging Station 2 Storage Drawer & Open Shelf Bedroom Office Adult,2038710,,,PA,,,Philadelphia,19134,Marketplace standard,49.67,39.09,6.90,15.00,45.99,0.00,0.00,0.00,0.00,0.00,0.00,0.00,0.00,0.00,0.00,0,0.00,0.00,0.00,0.00,3.68,0.00,0.00,0.00,0.00,0.00,0.00,0.00,0.00,0.00,0.00,0.00,0.00,3.68,Y,,,,-6.90,Furniture,Furniture & Decor,Nightstands,BSE-82-2.0,,,N,Seller Fulfilled,Delivery,,0.00,,,,
200012092048996,3,108920699971090,1,,SALE,07/22/2024,1,NFN004BK,08711777054845,Tolead Black Wood Nightstand with Charging Station 2 Storage Drawer & Open Shelf Bedroom Office Adult,2038710,,,TX,,,Beaumont,77705,Marketplace value,49.78,39.09,6.90,15.00,45.99,0.00,0.00,0.00,0.00,0.00,0.00,0.00,0.00,0.00,0.00,0,0.00,0.00,0.00,0.00,3.79,0.00,0.00,0.00,0.00,0.00,0.00,0.00,0.00,0.00,0.00,0.00,0.00,3.79,Y,,,,-6.90,Furniture,Furniture & Decor,Nightstands,BSE-82-2.0,,,N,Seller Fulfilled,Delivery,,0.00,,,,
200012089967759,1,108919977516979,1,,SALE,07/15/2024,1,NFN018NL,06973813988398,Tolead 2 Piece Rattan Nightstand Set with Drawer & Open Shelf Natural,2038710,,,MS,,,Pass Christian,39571,Marketplace value,117.69,93.49,16.50,15.00,109.99,0.00,0.00,0.00,0.00,0.00,0.00,0.00,0.00,0.00,0.00,0,0.00,0.00,0.00,0.00,7.70,0.00,0.00,0.00,0.00,0.00,0.00,0.00,0.00,0.00,0.00,0.00,0.00,7.70,Y,,,,-16.50,Furniture,Furniture & Decor,Nightstands,BSE-82-2.0,,,N,Seller Fulfilled,Delivery,,0.00,,,,
200012089667186,1,108919670305159,1,,SALE,07/14/2024,1,NFN006WH,06973813984574,Tolead Wooden Bathroom Storage Over The Toilet with Adjustable Shelves and Sliding Doors Towels Wood White,2038710,,,FL,,,Sarasota,34241,Marketplace value,96.29,76.49,13.50,15.00,89.99,0.00,0.00,0.00,0.00,0.00,0.00,0.00,0.00,0.00,0.00,0,0.00,0.00,0.00,0.00,6.30,0.00,0.00,0.00,0.00,0.00,0.00,0.00,0.00,0.00,0.00,0.00,0.00,6.30,Y,,,,-13.50,Furniture,Home & Garden,Bathtub & Shower Organizers,BSE-65-6.0,,,N,Seller Fulfilled,Delivery,,0.00,,,,New
200012089316062,1,108919977790494,1,,SALE,07/16/2024,1,NFN004BK,08711777054845,Tolead Black Wood Nightstand with Charging Station 2 Storage Drawer & Open Shelf Bedroom Office Adult,2038710,,,IL,,,Tinley Park,60477,Marketplace value,50.47,39.09,6.90,15.00,45.99,0.00,0.00,0.00,0.00,0.00,0.00,0.00,0.00,0.00,0.00,0,0.00,0.00,0.00,0.00,4.48,0.00,0.00,0.00,0.00,0.00,0.00,0.00,0.00,0.00,0.00,0.00,0.00,4.48,Y,,,,-6.90,Furniture,Furniture & Decor,Nightstands,BSE-82-2.0,,,N,Seller Fulfilled,Delivery,,0.00,,,,
200012089128036,1,108920713217365,1,,SALE,07/24/2024,1,NFN015WH,06973813985700,Tolead Kitchen Single Trash Cabinet Tilt Out Free Standing Storage Can with Hideaway Drawer and Countertop Wood White,2038710,,,PA,,,Mertztown,19539,Marketplace standard,112.33,93.49,16.50,15.00,105.98,0.00,0.00,0.00,0.00,0.00,0.00,0.00,0.00,0.00,0.00,0,0.00,0.00,0.00,0.00,6.35,0.00,0.00,0.00,0.00,0.00,0.00,0.00,0.00,0.00,0.00,0.00,0.00,6.35,Y,,,109.99,-16.50,Home Decor  Kitchen  & Other,Furniture & Decor,Cabinets,BSE-82-2.0,,,N,Seller Fulfilled,Delivery,,0.00,,-4.01,WM_DISC,
200012087846872,1,108920919570223,1,,SALE,07/26/2024,1,NFN056NL-WL,06976391060005,Tolead Wood Sideboard Buffet Cabinet with Storage Rattan Doors Rustic Modern Kitchen Shelf,2038710,,,OK,,,Tulsa,74112,Marketplace value,97.65,76.49,13.50,15.00,89.99,0.00,0.00,0.00,0.00,0.00,0.00,0.00,0.00,0.00,0.00,0,0.00,0.00,0.00,0.00,7.66,0.00,0.00,0.00,0.00,0.00,0.00,0.00,0.00,0.00,0.00,0.00,0.00,7.66,Y,,,,-13.50,Furniture,Furniture & Decor,Credenzas & Sideboards,BSE-82-2.0,,,Y,Seller Fulfilled,Delivery,,0.00,,,,New
200012087846872,1,108920919570223,2,,SALE,07/26/2024,1,NFN056NL-WL,06976391060005,Tolead Wood Sideboard Buffet Cabinet with Storage Rattan Doors Rustic Modern Kitchen Shelf,2038710,,,OK,,,Tulsa,74112,Marketplace value,97.65,76.49,13.50,15.00,89.99,0.00,0.00,0.00,0.00,0.00,0.00,0.00,0.00,0.00,0.00,0,0.00,0.00,0.00,0.00,7.66,0.00,0.00,0.00,0.00,0.00,0.00,0.00,0.00,0.00,0.00,0.00,0.00,7.66,Y,,,,-13.50,Furniture,Furniture & Decor,Credenzas & Sideboards,BSE-82-2.0,,,Y,Seller Fulfilled,Delivery,,0.00,,,,New
200012087447513,1,108920715486649,1,,SALE,07/24/2024,1,NFK004WH,06976391060579,Tolead 2Pcs 24 Swivel Bar Stools with Double x-Back with PVC Cushioned Seat White,2038710,,,FL,,,Live Oak,32060,Marketplace value,160.49,127.49,22.50,15.00,149.99,0.00,0.00,0.00,0.00,0.00,0.00,0.00,0.00,0.00,0.00,0,0.00,0.00,0.00,0.00,10.50,0.00,0.00,0.00,0.00,0.00,0.00,0.00,0.00,0.00,0.00,0.00,0.00,10.50,Y,,,,-22.50,Home Decor  Kitchen  & Other,Furniture & Decor,Bar Stools,BSE-82-2.0,,,N,Seller Fulfilled,Delivery,,0.00,,,,
200012087447513,1,108920715486649,2,,SALE,07/24/2024,1,NFK004WH,06976391060579,Tolead 2Pcs 24 Swivel Bar Stools with Double x-Back with PVC Cushioned Seat White,2038710,,,FL,,,Live Oak,32060,Marketplace value,160.49,127.49,22.50,15.00,149.99,0.00,0.00,0.00,0.00,0.00,0.00,0.00,0.00,0.00,0.00,0,0.00,0.00,0.00,0.00,10.50,0.00,0.00,0.00,0.00,0.00,0.00,0.00,0.00,0.00,0.00,0.00,0.00,10.50,Y,,,,-22.50,Home Decor  Kitchen  & Other,Furniture & Decor,Bar Stools,BSE-82-2.0,,,N,Seller Fulfilled,Delivery,,0.00,,,,
200012087160677,1,108920816094097,1,,SALE,07/24/2024,1,JGWLMB038BN,06976391068636,Tolead Shoe Storage Cabinet with 2 Flip Drawers Metal Legs Entryway Rustic Brown,2038710,,,VA,,,Poquoson,23662,Marketplace value,137.79,110.49,19.50,15.00,129.99,0.00,0.00,0.00,0.00,0.00,0.00,0.00,0.00,0.00,0.00,0,0.00,0.00,0.00,0.00,7.80,0.00,0.00,0.00,0.00,0.00,0.00,0.00,0.00,0.00,0.00,0.00,0.00,7.80,Y,,,,-19.50,Furniture,Furniture & Decor,Shoe Cabinets,BSE-82-2.0,,,N,Seller Fulfilled,Delivery,,0.00,,,,
200012086810564,1,108920493567028,1,,SALE,07/21/2024,1,NFN056NL-WL,06976391060005,Tolead Wood Sideboard Buffet Cabinet with Storage Rattan Doors Rustic Modern Kitchen Shelf,2038710,,,NC,,,Raleigh,27616,Marketplace value,96.51,76.49,13.50,15.00,89.99,0.00,0.00,0.00,0.00,0.00,0.00,0.00,0.00,0.00,0.00,0,0.00,0.00,0.00,0.00,6.52,0.00,0.00,0.00,0.00,0.00,0.00,0.00,0.00,0.00,0.00,0.00,0.00,6.52,Y,,,,-13.50,Furniture,Furniture & Decor,Credenzas & Sideboards,BSE-82-2.0,,,N,Seller Fulfilled,Delivery,,0.00,,,,New
200012086498087,1,108920287761458,1,,ADJMNT,07/19/2024,1,NFP003GR-WL,06973813983768,Tolead 5pcs Orthopedic Washable Bed Wedge Pillow Set Adjustable Acid Reflux Reading Recovery Health Surgery,2039972,,,NY,,,Rochester,14612,Marketplace standard,0.00,-14.55,14.55,0.00,0.00,0.00,0.00,0.00,0.00,0.00,0.00,0.00,0.00,0.00,0.00,0,0.00,0.00,0.00,0.00,0.00,0.00,0.00,0.00,0.00,0.00,0.00,0.00,0.00,0.00,0.00,0.00,0.00,0.00,Y,WFS Fulfillment fee,5041,89.99,,Bedding,Home & Garden,,,,,N,Walmart-fulfilled(WFS),,,,,,,
200012086498087,1,108920287761458,1,,SALE,07/19/2024,1,NFP003GR-WL,06973813983768,Tolead 5pcs Orthopedic Washable Bed Wedge Pillow Set Adjustable Acid Reflux Reading Recovery Health Surgery,2039972,,,NY,,,Rochester,14612,Marketplace standard,92.87,76.49,13.50,15.00,85.99,0.00,0.00,0.00,0.00,0.00,0.00,0.00,0.00,0.00,0.00,0,0.00,0.00,0.00,0.00,6.88,0.00,0.00,0.00,0.00,0.00,0.00,0.00,0.00,0.00,0.00,0.00,0.00,6.88,Y,,,89.99,-13.50,Bedding,Home & Garden,Wedge Pillows,BSE-67-9.0,,,N,Walmart-fulfilled(WFS),Delivery,,0.00,,-4.00,WM_DISC,
200012086004726,1,108920495257650,1,,SALE,07/21/2024,1,NFK001GR,08711777064639,Tolead 2Pcs 24 X-Back 360&reg; Swivel Bar Stools with PVC Cushioned Seat Backrest Solid wood Top Gray,2038710,,,MS,,,Oakland,38948,Marketplace value,160.49,127.49,22.50,15.00,149.99,0.00,0.00,0.00,0.00,0.00,0.00,0.00,0.00,0.00,0.00,0,0.00,0.00,0.00,0.00,10.50,0.00,0.00,0.00,0.00,0.00,0.00,0.00,0.00,0.00,0.00,0.00,0.00,10.50,Y,,,,-22.50,Furniture,Furniture & Decor,Bar Stools,BSE-82-2.0,,,N,Seller Fulfilled,Delivery,,0.00,,,,
200012085772739,2,108920287799434,1,,SALE,07/18/2024,1,JGWLMC005BG,06973813983669,Tolead 3-in-1 Convertible Baby High Chair with 2-Level Height Adjustable Legs 3-Level Adjustable Tray for Babies and Toddlers Baby Highchair with 5-Point Safety Belt & Footrest Beige,3001198,,,OK,,,Edmond,73034,Marketplace value,68.17,53.53,9.45,15.00,62.98,0.00,0.00,0.00,0.00,0.00,0.00,0.00,0.00,0.00,0.00,0,0.00,0.00,0.00,0.00,5.19,0.00,0.00,0.00,0.00,0.00,0.00,0.00,0.00,0.00,0.00,0.00,0.00,5.19,Y,,,,-9.45,Baby Furniture,Baby,Baby Feeding Chairs,BSE-48-11.0,,,Y,Seller Fulfilled,Delivery,,0.00,,,,New
200012085307148,1,108919979759052,1,,ADJMNT,07/16/2024,1,NFP003GR-WL,06973813983768,Tolead 5pcs Orthopedic Washable Bed Wedge Pillow Set Adjustable Acid Reflux Reading Recovery Health Surgery,2039972,,,MI,,,Cadillac,49601,Marketplace standard,0.00,-14.55,14.55,0.00,0.00,0.00,0.00,0.00,0.00,0.00,0.00,0.00,0.00,0.00,0.00,0,0.00,0.00,0.00,0.00,0.00,0.00,0.00,0.00,0.00,0.00,0.00,0.00,0.00,0.00,0.00,0.00,0.00,0.00,Y,WFS Fulfillment fee,5041,89.99,,Bedding,Home & Garden,,,,,N,Walmart-fulfilled(WFS),,,,,,,
200012085307148,1,108919979759052,1,,SALE,07/16/2024,1,NFP003GR-WL,06973813983768,Tolead 5pcs Orthopedic Washable Bed Wedge Pillow Set Adjustable Acid Reflux Reading Recovery Health Surgery,2039972,,,MI,,,Cadillac,49601,Marketplace standard,91.15,76.49,13.50,15.00,85.99,0.00,0.00,0.00,0.00,0.00,0.00,0.00,0.00,0.00,0.00,0,0.00,0.00,0.00,0.00,5.16,0.00,0.00,0.00,0.00,0.00,0.00,0.00,0.00,0.00,0.00,0.00,0.00,5.16,Y,,,89.99,-13.50,Bedding,Home & Garden,Wedge Pillows,BSE-67-9.0,,,N,Walmart-fulfilled(WFS),Delivery,,0.00,,-4.00,WM_DISC,
200012085184395,1,108920612242569,1,,SALE,07/23/2024,1,NFP012GR,06973813987711,Tolead 6pcs Adjustable Orthopedic Bed Wedge Pillow Set Sleeping Sitting Pillow Gray,2039972,,,NY,,,Johnson City,13790,Marketplace standard,107.99,84.99,15.00,15.00,99.99,0.00,0.00,0.00,0.00,0.00,0.00,0.00,0.00,0.00,0.00,0,0.00,0.00,0.00,0.00,8.00,0.00,0.00,0.00,0.00,0.00,0.00,0.00,0.00,0.00,0.00,0.00,0.00,8.00,Y,,,,-15.00,Bedding,Home & Garden,Wedge Pillows,BSE-67-9.0,,,N,Seller Fulfilled,Delivery,,0.00,,,,New
200012084864895,1,108920391759498,1,,SALE,07/21/2024,1,NFN015WH,06973813985700,Tolead Kitchen Single Trash Cabinet Tilt Out Free Standing Storage Can with Hideaway Drawer and Countertop Wood White,2038710,,,PA,,,York,17403,Marketplace standard,112.34,93.49,16.50,15.00,105.98,0.00,0.00,0.00,0.00,0.00,0.00,0.00,0.00,0.00,0.00,0,0.00,0.00,0.00,0.00,6.36,0.00,0.00,0.00,0.00,0.00,0.00,0.00,0.00,0.00,0.00,0.00,0.00,6.36,Y,,,109.99,-16.50,Home Decor  Kitchen  & Other,Furniture & Decor,Cabinets,BSE-82-2.0,,,N,Seller Fulfilled,Delivery,,0.00,,-4.01,WM_DISC,
200012083727956,1,108919976053239,1,,SALE,07/16/2024,1,PTB008SL,06973813986080,Tolead Large Metal Chicken Coop  with Water-Resident and Anti-UV Cover Outdoor Silver,2038710,,,FL,,,Merritt Island,32952,Marketplace value,160.49,127.49,22.50,15.00,149.99,0.00,0.00,0.00,0.00,0.00,0.00,0.00,0.00,0.00,0.00,0,0.00,0.00,0.00,0.00,10.50,0.00,0.00,0.00,0.00,0.00,0.00,0.00,0.00,0.00,0.00,0.00,0.00,10.50,Y,,,,-22.50,Animal Accessories,Pet Supplies,Chicken Coops,BSE-53-12.0,,,N,Seller Fulfilled,Delivery,,0.00,,,,New
200012083447589,1,108920921322247,1,,SALE,07/26/2024,1,JGWLMD030WH,06976391060555,Tolead Toilet Storage Cabinet with Toilet Paper Holder Stand White,2038710,,,WA,,,Moses Lake,98837,Marketplace value,137.78,107.94,19.05,15.00,126.99,0.00,0.00,0.00,0.00,0.00,0.00,0.00,0.00,0.00,0.00,0,0.00,0.00,0.00,0.00,10.79,0.00,0.00,0.00,0.00,0.00,0.00,0.00,0.00,0.00,0.00,0.00,0.00,10.79,Y,,,,-19.05,Furniture,Furniture & Decor,Bar Stools,BSE-82-2.0,,,N,Seller Fulfilled,Delivery,,0.00,,,,
200012082697711,1,108920715603097,1,,SALE,07/24/2024,1,JGWLMC003GN,06973813983881,Tolead 3-in-1 Convertible Baby High Chair with 2-Level Height Adjustable Legs 3-Level Adjustable Tray for Babies and Toddlers Baby Highchair with 5-Point Safety Belt & Footrest Green,2038710,,,FL,,,Old Town,32680,Marketplace value,67.39,53.53,9.45,15.00,62.98,0.00,0.00,0.00,0.00,0.00,0.00,0.00,0.00,0.00,0.00,0,0.00,0.00,0.00,0.00,4.41,0.00,0.00,0.00,0.00,0.00,0.00,0.00,0.00,0.00,0.00,0.00,0.00,4.41,Y,,,,-9.45,Baby Furniture,Baby,Baby Feeding Chairs,BSE-48-11.0,,,N,Seller Fulfilled,Delivery,,0.00,,,,New
200012080949448,1,108919773203485,1,,SALE,07/14/2024,1,JGWLMD018MZ,06973813985885,Tolead 6 Pcs Crawling and Sliding Soft Climbing Toys for Toddlers Colorful,2038710,,,NY,,,Binghamton,13901,Marketplace standard,151.19,118.99,21.00,15.00,139.99,0.00,0.00,0.00,0.00,0.00,0.00,0.00,0.00,0.00,0.00,0,0.00,0.00,0.00,0.00,11.20,0.00,0.00,0.00,0.00,0.00,0.00,0.00,0.00,0.00,0.00,0.00,0.00,11.20,Y,,,,-21.00,Toys,Toys & Games,Playground Climbers,BSE-62-9.0,,,N,Seller Fulfilled,Delivery,,0.00,,,,
200012079421016,1,108920392046243,1,,SALE,07/21/2024,1,PTB002WH,06973813984260,Tolead Wooden Hidden Cat Litter Box Enclosure with Drawer and Shelf White,2038710,,,FL,,,Sanford,32771,Marketplace value,80.24,67.99,12.00,15.00,74.99,0.00,0.00,0.00,0.00,0.00,0.00,0.00,0.00,0.00,0.00,0,0.00,0.00,0.00,0.00,5.25,0.00,0.00,0.00,0.00,0.00,0.00,0.00,0.00,0.00,0.00,0.00,0.00,5.25,Y,,,79.99,-12.00,Furniture,Pet Supplies,Cat Litter Boxes,BSE-53-12.0,,,N,Seller Fulfilled,Delivery,,0.00,,-5.00,WM_DISC,
200012078847922,1,108920083775721,1,,SALE,07/17/2024,1,JGWLMB016SL,06976391067455,Tolead Hexagonal Dog Cage with Galvanized Steel Frame & Water-Resistant Oxford Tarp,2038710,,,NH,,,Alton,03809,Marketplace standard,199.99,169.99,30.00,15.00,199.99,0.00,0.00,0.00,0.00,0.00,0.00,0.00,0.00,0.00,0.00,0,0.00,0.00,0.00,0.00,0.00,0.00,0.00,0.00,0.00,0.00,0.00,0.00,0.00,0.00,0.00,0.00,0.00,0.00,N,,,,-30.00,Animal Accessories,Pet Supplies,Pet Kennels & Crates,BSE-53-12.0,,,N,Seller Fulfilled,Delivery,,0.00,,,,
200012078507247,11,108919771505645,1,,SALE,07/14/2024,1,NFN051NL,06976391060470,Tolead Rattan Low Profile TV Stands with Sliding Doors up to 65 TV Natural,2038710,,,MD,,,Baltimore,21210,Marketplace standard,114.47,91.79,16.20,15.00,107.99,0.00,0.00,0.00,0.00,0.00,0.00,0.00,0.00,0.00,0.00,0,0.00,0.00,0.00,0.00,6.48,0.00,0.00,0.00,0.00,0.00,0.00,0.00,0.00,0.00,0.00,0.00,0.00,6.48,Y,,,,-16.20,Furniture,Furniture & Decor,Television Stands,BSE-82-2.0,,,N,Seller Fulfilled,Delivery,,0.00,,,,
200012077550996,1,108920815881585,1,,ADJMNT,07/25/2024,1,JGWLMA025GR,06973813988213,Tolead Single Tilt Out Trash Cabinet with Hideaway Drawer Coffee 10 Gallon Gray,2038710,,,NM,,,Silver City,88061,Marketplace standard,0.00,-15.35,15.35,0.00,0.00,0.00,0.00,0.00,0.00,0.00,0.00,0.00,0.00,0.00,0.00,0,0.00,0.00,0.00,0.00,0.00,0.00,0.00,0.00,0.00,0.00,0.00,0.00,0.00,0.00,0.00,0.00,0.00,0.00,Y,WFS Fulfillment fee,5041,,,Furniture,Furniture & Decor,,,,,N,Walmart-fulfilled(WFS),,,,,,,
200012077550996,1,108920815881585,1,,SALE,07/25/2024,1,JGWLMA025GR,06973813988213,Tolead Single Tilt Out Trash Cabinet with Hideaway Drawer Coffee 10 Gallon Gray,2038710,,,NM,,,Silver City,88061,Marketplace standard,116.93,93.49,16.50,15.00,109.99,0.00,0.00,0.00,0.00,0.00,0.00,0.00,0.00,0.00,0.00,0,0.00,0.00,0.00,0.00,6.94,0.00,0.00,0.00,0.00,0.00,0.00,0.00,0.00,0.00,0.00,0.00,0.00,6.94,Y,,,,-16.50,Furniture,Furniture & Decor,Cabinets,BSE-82-2.0,,,N,Walmart-fulfilled(WFS),Delivery,,0.00,,,,
200012076489560,1,108920597257302,1,,SALE,07/22/2024,1,TLH010NL,06973813987445,Tolead 48 Heavy-Duty Adjustable Workbench with Power Outlets Rubber Wood Shop Table Workstation,2038710,,,OR,,,Salem,97306,Marketplace standard,157.49,133.87,23.62,15.00,157.49,0.00,0.00,0.00,0.00,0.00,0.00,0.00,0.00,0.00,0.00,0,0.00,0.00,0.00,0.00,0.00,0.00,0.00,0.00,0.00,0.00,0.00,0.00,0.00,0.00,0.00,0.00,0.00,0.00,N,,,,-23.62,Tools & Hardware Other,Tools & Home Improvement,Workbenches,BSE-61-16.0,,,N,Seller Fulfilled,Delivery,,0.00,,,,
200012075709616,1,108919771218807,1,,SALE,07/14/2024,1,NFN056NL-WL,06976391060005,Tolead Wood Sideboard Buffet Cabinet with Storage Rattan Doors Rustic Modern Kitchen Shelf,2038710,,,UT,,,West Valley City,84118,Marketplace value,96.51,76.49,13.50,15.00,89.99,0.00,0.00,0.00,0.00,0.00,0.00,0.00,0.00,0.00,0.00,0,0.00,0.00,0.00,0.00,6.52,0.00,0.00,0.00,0.00,0.00,0.00,0.00,0.00,0.00,0.00,0.00,0.00,6.52,Y,,,,-13.50,Furniture,Furniture & Decor,Credenzas & Sideboards,BSE-82-2.0,,,N,Seller Fulfilled,Delivery,,0.00,,,,New
200012074015170,6,108920597040503,1,,SALE,07/21/2024,1,NFN056NL-WL,06976391060005,Tolead Wood Sideboard Buffet Cabinet with Storage Rattan Doors Rustic Modern Kitchen Shelf,2038710,,,NY,,,Dunkirk,14048,Marketplace standard,97.19,76.49,13.50,15.00,89.99,0.00,0.00,0.00,0.00,0.00,0.00,0.00,0.00,0.00,0.00,0,0.00,0.00,0.00,0.00,7.20,0.00,0.00,0.00,0.00,0.00,0.00,0.00,0.00,0.00,0.00,0.00,0.00,7.20,Y,,,,-13.50,Furniture,Furniture & Decor,Credenzas & Sideboards,BSE-82-2.0,,,N,Seller Fulfilled,Delivery,,0.00,,,,New
200012074015170,6,108920597040503,2,,SALE,07/21/2024,1,NFN056NL-WL,06976391060005,Tolead Wood Sideboard Buffet Cabinet with Storage Rattan Doors Rustic Modern Kitchen Shelf,2038710,,,NY,,,Dunkirk,14048,Marketplace standard,97.19,76.49,13.50,15.00,89.99,0.00,0.00,0.00,0.00,0.00,0.00,0.00,0.00,0.00,0.00,0,0.00,0.00,0.00,0.00,7.20,0.00,0.00,0.00,0.00,0.00,0.00,0.00,0.00,0.00,0.00,0.00,0.00,7.20,Y,,,,-13.50,Furniture,Furniture & Decor,Credenzas & Sideboards,BSE-82-2.0,,,N,Seller Fulfilled,Delivery,,0.00,,,,New
200012071761431,2,108920817592848,1,,SALE,07/25/2024,1,TLH010NL,06973813987445,Tolead 48 Heavy-Duty Adjustable Workbench with Power Outlets Rubber Wood Shop Table Workstation,2038710,,,MN,,,Inver Grove Heights,55076,Marketplace value,170.29,133.87,23.62,15.00,157.49,0.00,0.00,0.00,0.00,0.00,0.00,0.00,0.00,0.00,0.00,0,0.00,0.00,0.00,0.00,12.80,0.00,0.00,0.00,0.00,0.00,0.00,0.00,0.00,0.00,0.00,0.00,0.00,12.80,Y,,,,-23.62,Tools & Hardware Other,Tools & Home Improvement,Workbenches,BSE-61-16.0,,,N,Seller Fulfilled,Delivery,,0.00,,,,
200012069110400,1,108915423984086,2,,ADJMNT,07/14/2024,1,NFN065BK-WL,06976391060517,Tolead Modern Diamond Embossed Nightstand with 2 Drawers Luxury Metal Legs Living room Bedroom Black,2038710,,,CA,,,Bakersfield,93312,Marketplace standard,0.00,-19.56,0.00,0.00,0.00,0.00,0.00,0.00,0.00,0.00,0.00,0.00,0.00,0.00,0.00,0,0.00,0.00,0.00,0.00,0.00,0.00,0.00,0.00,0.00,0.00,0.00,0.00,0.00,0.00,0.00,0.00,0.00,0.00,Y,Walmart Return Shipping Charge,5013,,,Furniture,Furniture & Decor,,,,,N,Seller Fulfilled,,,,,,,
200012069110400,1,108915423984086,1,,ADJMNT,07/14/2024,1,NFN065BK-WL,06976391060517,Tolead Modern Diamond Embossed Nightstand with 2 Drawers Luxury Metal Legs Living room Bedroom Black,2038710,,,CA,,,Bakersfield,93312,Marketplace standard,0.00,-19.56,0.00,0.00,0.00,0.00,0.00,0.00,0.00,0.00,0.00,0.00,0.00,0.00,0.00,0,0.00,0.00,0.00,0.00,0.00,0.00,0.00,0.00,0.00,0.00,0.00,0.00,0.00,0.00,0.00,0.00,0.00,0.00,Y,Walmart Return Shipping Charge,5013,,,Furniture,Furniture & Decor,,,,,N,Seller Fulfilled,,,,,,,
200012068764896,1,108920612838608,1,,SALE,07/23/2024,1,NFN004BK,08711777054845,Tolead Black Wood Nightstand with Charging Station 2 Storage Drawer & Open Shelf Bedroom Office Adult,2038710,,,NJ,,,Blackwood,08012,Marketplace standard,49.04,39.09,6.90,15.00,45.99,0.00,0.00,0.00,0.00,0.00,0.00,0.00,0.00,0.00,0.00,0,0.00,0.00,0.00,0.00,3.05,0.00,0.00,0.00,0.00,0.00,0.00,0.00,0.00,0.00,0.00,0.00,0.00,3.05,Y,,,,-6.90,Furniture,Furniture & Decor,Nightstands,BSE-82-2.0,,,N,Seller Fulfilled,Delivery,,0.00,,,,
200012068764896,1,108920612838608,2,,SALE,07/23/2024,1,NFN004BK,08711777054845,Tolead Black Wood Nightstand with Charging Station 2 Storage Drawer & Open Shelf Bedroom Office Adult,2038710,,,NJ,,,Blackwood,08012,Marketplace standard,49.03,39.09,6.90,15.00,45.99,0.00,0.00,0.00,0.00,0.00,0.00,0.00,0.00,0.00,0.00,0,0.00,0.00,0.00,0.00,3.04,0.00,0.00,0.00,0.00,0.00,0.00,0.00,0.00,0.00,0.00,0.00,0.00,3.04,Y,,,,-6.90,Furniture,Furniture & Decor,Nightstands,BSE-82-2.0,,,N,Seller Fulfilled,Delivery,,0.00,,,,
200012068090044,1,108919670552336,1,,SALE,07/14/2024,1,PTB007WH,06973813986745,Tolead Wood Corner Dog Crate Furniture Pet Crate Indoor Mesh All-breed Black and White,2038710,,,FL,,,Homestead,33035,Marketplace value,144.43,127.49,22.50,15.00,134.98,0.00,0.00,0.00,0.00,0.00,0.00,0.00,0.00,0.00,0.00,0,0.00,0.00,0.00,0.00,9.45,0.00,0.00,0.00,0.00,0.00,0.00,0.00,0.00,0.00,0.00,0.00,0.00,9.45,Y,,,149.99,-22.50,Animal Other,Pet Supplies,Dog Houses,BSE-53-12.0,,,N,Seller Fulfilled,Delivery,,0.00,,-15.01,WM_DISC,
200012067573119,1,108920080171617,1,,ADJMNT,07/16/2024,1,NFP003GR-WL,06973813983768,Tolead 5pcs Orthopedic Washable Bed Wedge Pillow Set Adjustable Acid Reflux Reading Recovery Health Surgery,2039972,,,MI,,,Howell,48855,Marketplace standard,0.00,-14.55,14.55,0.00,0.00,0.00,0.00,0.00,0.00,0.00,0.00,0.00,0.00,0.00,0.00,0,0.00,0.00,0.00,0.00,0.00,0.00,0.00,0.00,0.00,0.00,0.00,0.00,0.00,0.00,0.00,0.00,0.00,0.00,Y,WFS Fulfillment fee,5041,89.99,,Bedding,Home & Garden,,,,,N,Walmart-fulfilled(WFS),,,,,,,
200012067573119,1,108920080171617,1,,SALE,07/16/2024,1,NFP003GR-WL,06973813983768,Tolead 5pcs Orthopedic Washable Bed Wedge Pillow Set Adjustable Acid Reflux Reading Recovery Health Surgery,2039972,,,MI,,,Howell,48855,Marketplace standard,91.15,76.49,13.50,15.00,85.99,0.00,0.00,0.00,0.00,0.00,0.00,0.00,0.00,0.00,0.00,0,0.00,0.00,0.00,0.00,5.16,0.00,0.00,0.00,0.00,0.00,0.00,0.00,0.00,0.00,0.00,0.00,0.00,5.16,Y,,,89.99,-13.50,Bedding,Home & Garden,Wedge Pillows,BSE-67-9.0,,,N,Walmart-fulfilled(WFS),Delivery,,0.00,,-4.00,WM_DISC,
200012065405432,1,108920083848326,1,,SALE,07/17/2024,1,PTB001SL,06973813984239,Tolead Large Metal Chicken Coop Upgrade Tri-Supporting Wire Mesh Chicken Run with Water-Resident Anti-UV Cover,2038710,,,KS,,,Louisburg,66053,Marketplace value,151.19,118.99,21.00,15.00,139.99,0.00,0.00,0.00,0.00,0.00,0.00,0.00,0.00,0.00,0.00,0,0.00,0.00,0.00,0.00,11.20,0.00,0.00,0.00,0.00,0.00,0.00,0.00,0.00,0.00,0.00,0.00,0.00,11.20,Y,,,,-21.00,Animal Accessories,Pet Supplies,Chicken Coops,BSE-53-12.0,,,N,Seller Fulfilled,Delivery,,0.00,,,,New
200012064074423,1,108920082981879,1,,SALE,07/17/2024,1,NFN006WH,06973813984574,Tolead Wooden Bathroom Storage Over The Toilet with Adjustable Shelves and Sliding Doors Towels Wood White,2038710,,,GA,,,Milner,30257,Marketplace value,97.19,76.49,13.50,15.00,89.99,0.00,0.00,0.00,0.00,0.00,0.00,0.00,0.00,0.00,0.00,0,0.00,0.00,0.00,0.00,7.20,0.00,0.00,0.00,0.00,0.00,0.00,0.00,0.00,0.00,0.00,0.00,0.00,7.20,Y,,,,-13.50,Furniture,Furniture & Decor,Cabinets,BSE-82-2.0,,,N,Seller Fulfilled,Delivery,,0.00,,,,New
200012063775467,1,108920699972195,1,,SALE,07/22/2024,1,JGWLMB039GR,06976391068643,Tolead Wooden Shoe Cabinet with 3 Flip Drawers Hidden Shoes Storage Hallways Entryway Floor Gray,2038710,,,OH,,,Delphos,45833,Marketplace standard,128.21,101.99,18.00,15.00,119.99,0.00,0.00,0.00,0.00,0.00,0.00,0.00,0.00,0.00,0.00,0,0.00,0.00,0.00,0.00,8.22,0.00,0.00,0.00,0.00,0.00,0.00,0.00,0.00,0.00,0.00,0.00,0.00,8.22,Y,,,,-18.00,Furniture,Furniture & Decor,Shoe Cabinets,BSE-82-2.0,,,N,Seller Fulfilled,Delivery,,0.00,,,,
200012061002181,1,108919151946834,1,,REFUNDED,07/14/2024,1,JGWLMD030WH,06976391060555,Tolead Toilet Storage Cabinet with Toilet Paper Holder Stand White,2038710,,,,,,Marion,43302,,-136.20,-107.94,-19.05,0.00,0.00,-126.99,0.00,0.00,0.00,0.00,0.00,0.00,0.00,0.00,0.00,0,0.00,0.00,0.00,0.00,0.00,0.00,0.00,0.00,0.00,-9.21,0.00,0.00,0.00,0.00,0.00,0.00,0.00,-9.21,Y,Return Refund,5010,,,Furniture,Furniture & Decor,,,1000,No Longer Wanted,N,Seller Fulfilled,,,,,,,
200012060775864,1,108920494148043,1,,SALE,07/21/2024,1,NFN020WH-MC,06973813986424,Tolead Nightstand with Charging Station and LED Lights 2 Drawers White,2038710,,,MN,,,Mendota Heights,55120,Marketplace value,86.49,67.99,12.00,15.00,79.99,0.00,0.00,0.00,0.00,0.00,0.00,0.00,0.00,0.00,0.00,0,0.00,0.00,0.00,0.00,6.50,0.00,0.00,0.00,0.00,0.00,0.00,0.00,0.00,0.00,0.00,0.00,0.00,6.50,Y,,,,-12.00,Furniture,Furniture & Decor,Nightstands,BSE-82-2.0,,,N,Seller Fulfilled,Delivery,,0.00,,,,
200012060775864,1,108920494148043,2,,SALE,07/21/2024,1,NFN020WH-MC,06973813986424,Tolead Nightstand with Charging Station and LED Lights 2 Drawers White,2038710,,,MN,,,Mendota Heights,55120,Marketplace value,86.49,67.99,12.00,15.00,79.99,0.00,0.00,0.00,0.00,0.00,0.00,0.00,0.00,0.00,0.00,0,0.00,0.00,0.00,0.00,6.50,0.00,0.00,0.00,0.00,0.00,0.00,0.00,0.00,0.00,0.00,0.00,0.00,6.50,Y,,,,-12.00,Furniture,Furniture & Decor,Nightstands,BSE-82-2.0,,,N,Seller Fulfilled,Delivery,,0.00,,,,
200012060336303,1,108920392154008,1,,SALE,07/21/2024,1,NFN014WH,06973813985496,Tolead Single Tilt Out Trash Cabinet with Hideaway Drawer Coffee 10 Gallon White,2038710,,,TX,,,Bowie,76230,Marketplace value,101.74,79.89,14.10,15.00,93.99,0.00,0.00,0.00,0.00,0.00,0.00,0.00,0.00,0.00,0.00,0,0.00,0.00,0.00,0.00,7.75,0.00,0.00,0.00,0.00,0.00,0.00,0.00,0.00,0.00,0.00,0.00,0.00,7.75,Y,,,,-14.10,Home Decor  Kitchen  & Other,Furniture & Decor,Cabinets,BSE-82-2.0,,,N,Seller Fulfilled,Delivery,,0.00,,,,New
200012059970802,1,108919874342594,1,,SALE,07/14/2024,1,NFN005NL,06973813984321,Tolead Rattan Nightstand with Handmade Rattan Decorated Drawer,2038710,,,CA,,,Fremont,94536,Marketplace standard,68.34,52.69,9.30,15.00,61.99,0.00,0.00,0.00,0.00,0.00,0.00,0.00,0.00,0.00,0.00,0,0.00,0.00,0.00,0.00,6.35,0.00,0.00,0.00,0.00,0.00,0.00,0.00,0.00,0.00,0.00,0.00,0.00,6.35,Y,,,,-9.30,Furniture,Furniture & Decor,Nightstands,BSE-82-2.0,,,N,Seller Fulfilled,Delivery,,0.00,,,,
200012059465475,3,108920080625774,1,,SALE,07/16/2024,1,NFN056NL-WL,06976391060005,Tolead Wood Sideboard Buffet Cabinet with Storage Rattan Doors Rustic Modern Kitchen Shelf,2038710,,,CA,,,San Ramon,94582,Marketplace standard,97.86,76.49,13.50,15.00,89.99,0.00,0.00,0.00,0.00,0.00,0.00,0.00,0.00,0.00,0.00,0,0.00,0.00,0.00,0.00,7.87,0.00,0.00,0.00,0.00,0.00,0.00,0.00,0.00,0.00,0.00,0.00,0.00,7.87,Y,,,,-13.50,Furniture,Furniture & Decor,Credenzas & Sideboards,BSE-82-2.0,,,N,Seller Fulfilled,Delivery,,0.00,,,,New
200012058480204,4,108920186588067,1,,SALE,07/18/2024,1,NFP014BU,06973813986561,Tolead 5pcs Adjustable Orthopedic Bed Wedge Pillow Set Blue,2039972,,,ID,,,Coeur D Alene,83814,Marketplace value,91.15,76.49,13.50,15.00,85.99,0.00,0.00,0.00,0.00,0.00,0.00,0.00,0.00,0.00,0.00,0,0.00,0.00,0.00,0.00,5.16,0.00,0.00,0.00,0.00,0.00,0.00,0.00,0.00,0.00,0.00,0.00,0.00,5.16,Y,,,89.99,-13.50,Bedding,Home & Garden,Wedge Pillows,BSE-67-9.0,,,N,Seller Fulfilled,Delivery,,0.00,,-4.00,WM_DISC,
200012058109830,1,108920815898204,1,,ADJMNT,07/25/2024,1,JGWLMA025GR,06973813988213,Tolead Single Tilt Out Trash Cabinet with Hideaway Drawer Coffee 10 Gallon Gray,2038710,,,AZ,,,Surprise,85374,Marketplace standard,0.00,-15.35,15.35,0.00,0.00,0.00,0.00,0.00,0.00,0.00,0.00,0.00,0.00,0.00,0.00,0,0.00,0.00,0.00,0.00,0.00,0.00,0.00,0.00,0.00,0.00,0.00,0.00,0.00,0.00,0.00,0.00,0.00,0.00,Y,WFS Fulfillment fee,5041,,,Furniture,Furniture & Decor,,,,,N,Walmart-fulfilled(WFS),,,,,,,
200012058109830,1,108920815898204,1,,SALE,07/25/2024,1,JGWLMA025GR,06973813988213,Tolead Single Tilt Out Trash Cabinet with Hideaway Drawer Coffee 10 Gallon Gray,2038710,,,AZ,,,Surprise,85374,Marketplace standard,118.57,93.49,16.50,15.00,109.99,0.00,0.00,0.00,0.00,0.00,0.00,0.00,0.00,0.00,0.00,0,0.00,0.00,0.00,0.00,8.58,0.00,0.00,0.00,0.00,0.00,0.00,0.00,0.00,0.00,0.00,0.00,0.00,8.58,Y,,,,-16.50,Furniture,Furniture & Decor,Cabinets,BSE-82-2.0,,,N,Walmart-fulfilled(WFS),Delivery,,0.00,,,,
200012056943489,1,108919875765295,1,,SALE,07/15/2024,1,PTB003SL,06973813984246,Tolead Large Metal Chicken Coop Upgrade Tri-Supporting Wire Mesh Chicken RunChicken Pen with Water-Resident and Anti-UV CoverDuck Rabbit House Outdoor,2038710,,,MS,,,Heidelberg,39439,Marketplace value,212.92,169.99,30.00,15.00,198.99,0.00,0.00,0.00,0.00,0.00,0.00,0.00,0.00,0.00,0.00,0,0.00,0.00,0.00,0.00,13.93,0.00,0.00,0.00,0.00,0.00,0.00,0.00,0.00,0.00,0.00,0.00,0.00,13.93,Y,,,199.99,-30.00,Animal Other,Pet Supplies,Chicken Coops,BSE-53-12.0,,,N,Seller Fulfilled,Delivery,,0.00,,-1.00,WM_DISC,New
200012055570247,6,108920919008547,1,,SALE,07/25/2024,1,NFN004BK,08711777054845,Tolead Black Wood Nightstand with Charging Station 2 Storage Drawer & Open Shelf Bedroom Office Adult,2038710,,,IN,,,Noblesville,46060,Marketplace value,49.21,39.09,6.90,15.00,45.99,0.00,0.00,0.00,0.00,0.00,0.00,0.00,0.00,0.00,0.00,0,0.00,0.00,0.00,0.00,3.22,0.00,0.00,0.00,0.00,0.00,0.00,0.00,0.00,0.00,0.00,0.00,0.00,3.22,Y,,,,-6.90,Furniture,Furniture & Decor,Nightstands,BSE-82-2.0,,,N,Seller Fulfilled,Delivery,,0.00,,,,
200012055493972,1,108920712932838,1,,SALE,07/23/2024,1,NFN004BK,08711777054845,Tolead Black Wood Nightstand with Charging Station 2 Storage Drawer & Open Shelf Bedroom Office Adult,2038710,,,NM,,,Roswell,88201,Marketplace value,49.62,39.09,6.90,15.00,45.99,0.00,0.00,0.00,0.00,0.00,0.00,0.00,0.00,0.00,0.00,0,0.00,0.00,0.00,0.00,3.63,0.00,0.00,0.00,0.00,0.00,0.00,0.00,0.00,0.00,0.00,0.00,0.00,3.63,Y,,,,-6.90,Furniture,Furniture & Decor,Nightstands,BSE-82-2.0,,,N,Seller Fulfilled,Delivery,,0.00,,,,
200012055145278,1,108920612751536,1,,SALE,07/23/2024,1,NFP003GR-WL,06973813983768,Tolead 5pcs Orthopedic Washable Bed Wedge Pillow Set Adjustable Acid Reflux Reading Recovery Health Surgery,2039972,,,VA,,,Wytheville,24382,Marketplace standard,85.28,76.49,13.50,15.00,80.99,0.00,0.00,0.00,0.00,0.00,0.00,0.00,0.00,0.00,0.00,0,0.00,0.00,0.00,0.00,4.29,0.00,0.00,0.00,0.00,0.00,0.00,0.00,0.00,0.00,0.00,0.00,0.00,4.29,Y,,,89.99,-13.50,Bedding,Home & Garden,Wedge Pillows,BSE-67-9.0,,,N,Seller Fulfilled,Delivery,,0.00,,-9.00,WM_DISC,
200012054866669,1,108919771155591,1,,SALE,07/13/2024,1,NFP003GR-WL,06973813983768,Tolead 5pcs Orthopedic Washable Bed Wedge Pillow Set Adjustable Acid Reflux Reading Recovery Health Surgery,2039972,,,IN,,,Warsaw,46582,Marketplace standard,92.01,76.49,13.50,15.00,85.99,0.00,0.00,0.00,0.00,0.00,0.00,0.00,0.00,0.00,0.00,0,0.00,0.00,0.00,0.00,6.02,0.00,0.00,0.00,0.00,0.00,0.00,0.00,0.00,0.00,0.00,0.00,0.00,6.02,Y,,,89.99,-13.50,Bedding,Home & Garden,Wedge Pillows,BSE-67-9.0,,,N,Walmart-fulfilled(WFS),Delivery,,0.00,,-4.00,WM_DISC,
200012054866669,1,108919771155591,1,,ADJMNT,07/14/2024,1,NFP003GR-WL,06973813983768,Tolead 5pcs Orthopedic Washable Bed Wedge Pillow Set Adjustable Acid Reflux Reading Recovery Health Surgery,2039972,,,IN,,,Warsaw,46582,Marketplace standard,0.00,-14.55,14.55,0.00,0.00,0.00,0.00,0.00,0.00,0.00,0.00,0.00,0.00,0.00,0.00,0,0.00,0.00,0.00,0.00,0.00,0.00,0.00,0.00,0.00,0.00,0.00,0.00,0.00,0.00,0.00,0.00,0.00,0.00,Y,WFS Fulfillment fee,5041,89.99,,Bedding,Home & Garden,,,,,N,Walmart-fulfilled(WFS),,,,,,,
200012053678696,1,108919772441391,1,,SALE,07/14/2024,1,JGWLMD022SL,06973813987612,Tolead 9.2 Diameter Hexagonal Chicken Coop with Galvanized Steel Frame & Water-Resistant Oxford Tarp,2038710,,,NJ,,,Basking Ridge,07920,Marketplace standard,159.93,127.49,22.50,15.00,149.99,0.00,0.00,0.00,0.00,0.00,0.00,0.00,0.00,0.00,0.00,0,0.00,0.00,0.00,0.00,9.94,0.00,0.00,0.00,0.00,0.00,0.00,0.00,0.00,0.00,0.00,0.00,0.00,9.94,Y,,,,-22.50,Animal Accessories,Pet Supplies,Chicken Coops,BSE-53-12.0,,,N,Seller Fulfilled,Delivery,,0.00,,,,
200012052649708,1,108920713901059,1,,SALE,07/24/2024,1,NFP012GR,06973813987711,Tolead 6pcs Adjustable Orthopedic Bed Wedge Pillow Set Sleeping Sitting Pillow Gray,2039972,,,OH,,,Elida,45807,Marketplace standard,106.84,84.99,15.00,15.00,99.99,0.00,0.00,0.00,0.00,0.00,0.00,0.00,0.00,0.00,0.00,0,0.00,0.00,0.00,0.00,6.85,0.00,0.00,0.00,0.00,0.00,0.00,0.00,0.00,0.00,0.00,0.00,0.00,6.85,Y,,,,-15.00,Bedding,Home & Garden,Wedge Pillows,BSE-67-9.0,,,N,Seller Fulfilled,Delivery,,0.00,,,,New
200012051924401,1,108920712966578,1,,SALE,07/23/2024,1,BPK002SL,06976391064126,Tolead Raised Toilet Seat with Handles Adjustable Bedside Commode Width w/Side Pocket,2038710,,,CA,,,Diamond Springs,95619,Marketplace standard,80.43,68.24,6.75,9.00,74.99,0.00,0.00,0.00,0.00,0.00,0.00,0.00,0.00,0.00,0.00,0,0.00,0.00,0.00,0.00,5.44,0.00,0.00,0.00,0.00,0.00,0.00,0.00,0.00,0.00,0.00,0.00,0.00,5.44,Y,,,,-11.25,Medicine & Supplements,Health & Personal Care,Toilet Seat Elevators,SCE-19850_19940,,,N,Seller Fulfilled,Delivery,Others,4.50,,,,
200012051365077,1,108919774144970,1,,ADJMNT,07/15/2024,1,NFN014BU,06973813987063,Tolead Kitchen Single Trash Cabinet Tilt Out Free Standing Storage Can with Hideaway Drawer and Countertop Wood Blue,2038710,,,AK,,,Wasilla,99654,Marketplace standard,0.00,-16.95,16.95,0.00,0.00,0.00,0.00,0.00,0.00,0.00,0.00,0.00,0.00,0.00,0.00,0,0.00,0.00,0.00,0.00,0.00,0.00,0.00,0.00,0.00,0.00,0.00,0.00,0.00,0.00,0.00,0.00,0.00,0.00,Y,WFS Fulfillment fee,5041,,,Home Decor  Kitchen  & Other,Home & Garden,,,,,N,Walmart-fulfilled(WFS),,,,,,,New
200012051365077,1,108919774144970,1,,SALE,07/15/2024,1,NFN014BU,06973813987063,Tolead Kitchen Single Trash Cabinet Tilt Out Free Standing Storage Can with Hideaway Drawer and Countertop Wood Blue,2038710,,,AK,,,Wasilla,99654,Marketplace standard,99.99,84.99,15.00,15.00,99.99,0.00,0.00,0.00,0.00,0.00,0.00,0.00,0.00,0.00,0.00,0,0.00,0.00,0.00,0.00,0.00,0.00,0.00,0.00,0.00,0.00,0.00,0.00,0.00,0.00,0.00,0.00,0.00,0.00,Y,,,,-15.00,Home Decor  Kitchen  & Other,Home & Garden,Garbage Cans & Wastebaskets,BSE-66-7.0,,,N,Walmart-fulfilled(WFS),Delivery,,0.00,,,,New
200012051083569,1,108920080890233,1,,SALE,07/16/2024,1,NFN043NL,06973813988435,Tolead 2 Pieces Rattan Mid Century Modern Nightstand Set with Drawers Bedroom Living Room Bohemia,2038710,,,WA,,,Moses Lake,98837,Marketplace value,129.83,101.99,18.00,15.00,119.99,0.00,0.00,0.00,0.00,0.00,0.00,0.00,0.00,0.00,0.00,0,0.00,0.00,0.00,0.00,9.84,0.00,0.00,0.00,0.00,0.00,0.00,0.00,0.00,0.00,0.00,0.00,0.00,9.84,Y,,,,-18.00,Furniture,Furniture & Decor,Nightstands,BSE-82-2.0,,,N,Seller Fulfilled,Delivery,,0.00,,,,
200012051016327,3,108920816199199,1,,SALE,07/25/2024,1,NFN017NL,06973813988381,Tolead 2Pcs Rattan Nightstand Set Boho Side Table with Handmade Rattan Decorated Drawer Natural,2038710,,,ND,,,Watford City,58854,Marketplace value,127.79,101.99,18.00,15.00,119.99,0.00,0.00,0.00,0.00,0.00,0.00,0.00,0.00,0.00,0.00,0,0.00,0.00,0.00,0.00,7.80,0.00,0.00,0.00,0.00,0.00,0.00,0.00,0.00,0.00,0.00,0.00,0.00,7.80,Y,,,,-18.00,Furniture,Furniture & Decor,Nightstands,BSE-82-2.0,,,N,Seller Fulfilled,Delivery,,0.00,,,,
200012050829587,1,108920597029010,1,,SALE,07/22/2024,1,JGWLMB027GR,06976391068018,Tolead 10 x 15 Outdoor Metal Carport Heavy Duty Galvanized Steel Car Canopy for Truck SUV Boat Grey,2038710,,,CO,,,Aurora,80010,Marketplace value,755.99,619.98,80.01,11.43,699.99,0.00,0.00,0.00,0.00,0.00,0.00,0.00,0.00,0.00,0.00,0,0.00,0.00,0.00,0.00,56.00,0.00,0.00,0.00,0.00,0.00,0.00,0.00,0.00,0.00,0.00,0.00,0.00,56.00,Y,,,,-80.01,Garden & Patio,Home & Garden,Carports,BSE-83-3.0,,,N,Seller Fulfilled,Delivery,,0.00,,,,
200012050711589,4,108920183393955,1,,SALE,07/17/2024,1,WL-BBC002BU,06973813988343,Tolead 6Pcs Play Couch for Kids Imaginative Furniture Modular Sectional Sofa Large Blue,2038710,,,MA,,,Indian Orchard,01151,Marketplace standard,168.93,135.14,23.85,15.00,158.99,0.00,0.00,0.00,0.00,0.00,0.00,0.00,0.00,0.00,0.00,0,0.00,0.00,0.00,0.00,9.94,0.00,0.00,0.00,0.00,0.00,0.00,0.00,0.00,0.00,0.00,0.00,0.00,9.94,Y,,,,-23.85,Toys,Furniture & Decor,Sofas & Couches,BSE-82-2.0,,,N,Seller Fulfilled,Delivery,,0.00,,,,
200012050617074,1,108920494550758,1,,SALE,07/21/2024,1,NFP014BU,06973813986561,Tolead 5pcs Adjustable Orthopedic Bed Wedge Pillow Set Blue,2039972,,,NJ,,,Medford,08055,Marketplace standard,91.69,76.49,13.50,15.00,85.99,0.00,0.00,0.00,0.00,0.00,0.00,0.00,0.00,0.00,0.00,0,0.00,0.00,0.00,0.00,5.70,0.00,0.00,0.00,0.00,0.00,0.00,0.00,0.00,0.00,0.00,0.00,0.00,5.70,Y,,,89.99,-13.50,Bedding,Home & Garden,Wedge Pillows,BSE-67-9.0,,,N,Seller Fulfilled,Delivery,,0.00,,-4.00,WM_DISC,
200012050329249,1,108920919653053,1,,SALE,07/26/2024,1,NFN004WH-1,08711777054821,Tolead Black Wood Nightstand with Charging Station 2 Storage Drawer & LED Lights Bedroom Office Adult,2038710,,,MO,,,Saint Louis,63137,Marketplace value,86.18,67.99,12.00,15.00,79.99,0.00,0.00,0.00,0.00,0.00,0.00,0.00,0.00,0.00,0.00,0,0.00,0.00,0.00,0.00,6.19,0.00,0.00,0.00,0.00,0.00,0.00,0.00,0.00,0.00,0.00,0.00,0.00,6.19,Y,,,,-12.00,Furniture,Furniture & Decor,Nightstands,BSE-82-2.0,,,N,Seller Fulfilled,Delivery,,0.00,,,,
200012050120250,2,108919567472096,1,,SALE,07/13/2024,1,NFN014BU,06973813987063,Tolead Kitchen Single Trash Cabinet Tilt Out Free Standing Storage Can with Hideaway Drawer and Countertop Wood Blue,2038710,,,TX,,,Rosharon,77583,Marketplace expedited,107.24,84.99,15.00,15.00,99.99,0.00,0.00,0.00,0.00,0.00,0.00,0.00,0.00,0.00,0.00,0,0.00,0.00,0.00,0.00,7.25,0.00,0.00,0.00,0.00,0.00,0.00,0.00,0.00,0.00,0.00,0.00,0.00,7.25,Y,,,,-15.00,Home Decor  Kitchen  & Other,Home & Garden,Garbage Cans & Wastebaskets,BSE-66-7.0,,,N,Walmart-fulfilled(WFS),Delivery,,0.00,,,,New
200012050120250,2,108919567472096,1,,ADJMNT,07/13/2024,1,NFN014BU,06973813987063,Tolead Kitchen Single Trash Cabinet Tilt Out Free Standing Storage Can with Hideaway Drawer and Countertop Wood Blue,2038710,,,TX,,,Rosharon,77583,Marketplace expedited,0.00,-16.95,16.95,0.00,0.00,0.00,0.00,0.00,0.00,0.00,0.00,0.00,0.00,0.00,0.00,0,0.00,0.00,0.00,0.00,0.00,0.00,0.00,0.00,0.00,0.00,0.00,0.00,0.00,0.00,0.00,0.00,0.00,0.00,Y,WFS Fulfillment fee,5041,,,Home Decor  Kitchen  & Other,Home & Garden,,,,,N,Walmart-fulfilled(WFS),,,,,,,New
200012047076448,1,108920714505038,1,,SALE,07/24/2024,1,NFN004BK,08711777054845,Tolead Black Wood Nightstand with Charging Station 2 Storage Drawer & Open Shelf Bedroom Office Adult,2038710,,,OK,,,Enid,73703,Marketplace value,50.18,39.09,6.90,15.00,45.99,0.00,0.00,0.00,0.00,0.00,0.00,0.00,0.00,0.00,0.00,0,0.00,0.00,0.00,0.00,4.19,0.00,0.00,0.00,0.00,0.00,0.00,0.00,0.00,0.00,0.00,0.00,0.00,4.19,Y,,,,-6.90,Furniture,Furniture & Decor,Nightstands,BSE-82-2.0,,,Y,Seller Fulfilled,Delivery,,0.00,,,,
200012046365409,1,108920082115966,1,,SALE,07/17/2024,1,NFN004BK,08711777054845,Tolead Black Wood Nightstand with Charging Station 2 Storage Drawer & Open Shelf Bedroom Office Adult,2038710,,,MO,,,Normandy,63121,Marketplace value,50.24,39.09,6.90,15.00,45.99,0.00,0.00,0.00,0.00,0.00,0.00,0.00,0.00,0.00,0.00,0,0.00,0.00,0.00,0.00,4.25,0.00,0.00,0.00,0.00,0.00,0.00,0.00,0.00,0.00,0.00,0.00,0.00,4.25,Y,,,,-6.90,Furniture,Furniture & Decor,Nightstands,BSE-82-2.0,,,N,Seller Fulfilled,Delivery,,0.00,,,,
200012044013762,2,108919049740015,1,,REFUNDED,07/14/2024,1,NFP003BU-WL,06973813988183,Tolead 7.5 Inch Bed Inclined Wedge Pillow King Gray,2038710,,,,,,Lowell,49331,,-126.13,-101.14,-17.85,0.00,0.00,-118.99,0.00,0.00,0.00,0.00,0.00,0.00,0.00,0.00,0.00,0,0.00,0.00,0.00,0.00,0.00,0.00,0.00,0.00,0.00,-7.14,0.00,0.00,0.00,0.00,0.00,0.00,0.00,-7.14,Y,Return Refund,5010,,,Bedding,Home & Garden,,,1018,Not as described/pictured,N,Seller Fulfilled,,,,,,,New
200012040989350,2,108918328144208,1,,ADJMNT,07/18/2024,1,NFN014BU,06973813987063,Tolead Kitchen Single Trash Cabinet Tilt Out Free Standing Storage Can with Hideaway Drawer and Countertop Wood Blue,2038710,,,PA,,,Pittsburgh,15210,Marketplace expedited,0.00,-16.95,16.95,0.00,0.00,0.00,0.00,0.00,0.00,0.00,0.00,0.00,0.00,0.00,0.00,0,0.00,0.00,0.00,0.00,0.00,0.00,0.00,0.00,0.00,0.00,0.00,0.00,0.00,0.00,0.00,0.00,0.00,0.00,Y,"""WFS Return Shipping fee """,5042,,,Home Decor  Kitchen  & Other,Home & Garden,,,,,N,Walmart-fulfilled(WFS),,,,,,,New
200012040989350,2,108918328144208,1,,REFUNDED,07/18/2024,1,NFN014BU,06973813987063,Tolead Kitchen Single Trash Cabinet Tilt Out Free Standing Storage Can with Hideaway Drawer and Countertop Wood Blue,2038710,,,,,,Pittsburgh,15210,,-105.99,-84.99,-15.00,0.00,0.00,-99.99,0.00,0.00,0.00,0.00,0.00,0.00,0.00,0.00,0.00,0,0.00,0.00,0.00,0.00,0.00,0.00,0.00,0.00,0.00,-6.00,0.00,0.00,0.00,0.00,0.00,0.00,0.00,-6.00,Y,Return Refund,5010,,,Home Decor  Kitchen  & Other,Home & Garden,,,1018,Not as described/pictured,N,Walmart-fulfilled(WFS),,,,,,,New
200012039467327,1,108919977393896,1,,SALE,07/15/2024,1,NFN051NL,06976391060470,Tolead Rattan Low Profile TV Stands with Sliding Doors up to 65 TV Natural,2038710,,,TX,,,Austin,78745,Marketplace value,102.83,91.79,16.20,15.00,94.99,0.00,0.00,0.00,0.00,0.00,0.00,0.00,0.00,0.00,0.00,0,0.00,0.00,0.00,0.00,7.84,0.00,0.00,0.00,0.00,0.00,0.00,0.00,0.00,0.00,0.00,0.00,0.00,7.84,Y,,,107.99,-16.20,Furniture,Furniture & Decor,Television Stands,BSE-82-2.0,,,N,Seller Fulfilled,Delivery,,0.00,,-13.00,WM_DISC,
200012038806181,1,108920714085418,1,,SALE,07/24/2024,1,NFN051NL,06976391060470,Tolead Rattan Low Profile TV Stands with Sliding Doors up to 65 TV Natural,2038710,,,NY,,,Schenectady,12305,Marketplace standard,116.63,91.79,16.20,15.00,107.99,0.00,0.00,0.00,0.00,0.00,0.00,0.00,0.00,0.00,0.00,0,0.00,0.00,0.00,0.00,8.64,0.00,0.00,0.00,0.00,0.00,0.00,0.00,0.00,0.00,0.00,0.00,0.00,8.64,Y,,,,-16.20,Furniture,Furniture & Decor,Television Stands,BSE-82-2.0,,,N,Seller Fulfilled,Delivery,,0.00,,,,
200012036874367,1,108920289198149,1,,SALE,07/21/2024,1,NFN002NL,06973813984277,Tolead Rattan Nightstand Boho Side Table with Handmade Rattan Decorated Drawer Bedroom Living Room Natural,2038710,,,MI,,,Hudsonville,49426,Marketplace value,65.71,52.69,9.30,15.00,61.99,0.00,0.00,0.00,0.00,0.00,0.00,0.00,0.00,0.00,0.00,0,0.00,0.00,0.00,0.00,3.72,0.00,0.00,0.00,0.00,0.00,0.00,0.00,0.00,0.00,0.00,0.00,0.00,3.72,Y,,,,-9.30,Furniture,Furniture & Decor,Nightstands,BSE-82-2.0,,,N,Seller Fulfilled,Delivery,,0.00,,,,
200012036309322,1,108919669889478,1,,ADJMNT,07/13/2024,1,NFN014BU,06973813987063,Tolead Kitchen Single Trash Cabinet Tilt Out Free Standing Storage Can with Hideaway Drawer and Countertop Wood Blue,2038710,,,OH,,,Lakewood,44107,Marketplace expedited,0.00,-16.95,16.95,0.00,0.00,0.00,0.00,0.00,0.00,0.00,0.00,0.00,0.00,0.00,0.00,0,0.00,0.00,0.00,0.00,0.00,0.00,0.00,0.00,0.00,0.00,0.00,0.00,0.00,0.00,0.00,0.00,0.00,0.00,Y,WFS Fulfillment fee,5041,,,Home Decor  Kitchen  & Other,Home & Garden,,,,,N,Walmart-fulfilled(WFS),,,,,,,New
200012036309322,1,108919669889478,1,,SALE,07/13/2024,1,NFN014BU,06973813987063,Tolead Kitchen Single Trash Cabinet Tilt Out Free Standing Storage Can with Hideaway Drawer and Countertop Wood Blue,2038710,,,OH,,,Lakewood,44107,Marketplace expedited,107.99,84.99,15.00,15.00,99.99,0.00,0.00,0.00,0.00,0.00,0.00,0.00,0.00,0.00,0.00,0,0.00,0.00,0.00,0.00,8.00,0.00,0.00,0.00,0.00,0.00,0.00,0.00,0.00,0.00,0.00,0.00,0.00,8.00,Y,,,,-15.00,Home Decor  Kitchen  & Other,Home & Garden,Garbage Cans & Wastebaskets,BSE-66-7.0,,,N,Walmart-fulfilled(WFS),Delivery,,0.00,,,,New
200012035854610,2,108919872042452,1,,SALE,07/14/2024,1,NFP012GR,06973813987711,Tolead 6pcs Adjustable Orthopedic Bed Wedge Pillow Set Sleeping Sitting Pillow Gray,2039972,,,AZ,,,Sun City,85351,Marketplace standard,106.29,84.99,15.00,15.00,99.99,0.00,0.00,0.00,0.00,0.00,0.00,0.00,0.00,0.00,0.00,0,0.00,0.00,0.00,0.00,6.30,0.00,0.00,0.00,0.00,0.00,0.00,0.00,0.00,0.00,0.00,0.00,0.00,6.30,Y,,,,-15.00,Bedding,Home & Garden,Wedge Pillows,BSE-67-9.0,,,N,Seller Fulfilled,Delivery,,0.00,,,,New
200012034099004,1,108920815857206,1,,SALE,07/24/2024,1,NFN017NL,06973813988381,Tolead 2Pcs Rattan Nightstand Set Boho Side Table with Handmade Rattan Decorated Drawer Natural,2038710,,,TN,,,Nashville,37209,Marketplace value,131.09,101.99,18.00,15.00,119.99,0.00,0.00,0.00,0.00,0.00,0.00,0.00,0.00,0.00,0.00,0,0.00,0.00,0.00,0.00,11.10,0.00,0.00,0.00,0.00,0.00,0.00,0.00,0.00,0.00,0.00,0.00,0.00,11.10,Y,,,,-18.00,Furniture,Furniture & Decor,Nightstands,BSE-82-2.0,,,N,Seller Fulfilled,Delivery,,0.00,,,,
200012033986661,1,108918635767135,1,,REFUNDED,07/23/2024,1,NFD004WH-WL,06973813989883,Tolead Twin Daybed with Trundle Wood Sofa Bed Frame for Kids & Teens Rustic Sturdy White,2038710,,,,,,Tolleson,85353,,-217.19,-172.68,-30.31,0.00,0.00,-199.99,0.00,0.00,0.00,0.00,0.00,0.00,0.00,0.00,0.00,0,0.00,0.00,0.00,0.00,0.00,0.00,0.00,0.00,0.00,-17.20,0.00,0.00,0.00,0.00,0.00,0.00,0.00,-17.20,Y,Return Refund,5010,202.99,,Furniture,Furniture & Decor,,,1000,No Longer Wanted,N,Seller Fulfilled,,,,,3.00,,
200012029376545,1,108920598749276,1,,SALE,07/22/2024,1,JGWLMB065BN,06976391069374,Tolead 67 Tall Farmhouse Corner Cabinet 6 Tier Height-adjustable Corner Pantry Cabinet with Glass Door,2038710,,,WY,,,Sheridan,82801,Marketplace value,286.19,233.00,36.99,13.70,269.99,0.00,0.00,0.00,0.00,0.00,0.00,0.00,0.00,0.00,0.00,0,0.00,0.00,0.00,0.00,16.20,0.00,0.00,0.00,0.00,0.00,0.00,0.00,0.00,0.00,0.00,0.00,0.00,16.20,Y,,,,-36.99,Furniture,Furniture & Decor,Pantry Cabinets,BSE-82-2.0,,,N,Seller Fulfilled,Delivery,,0.00,,,,
200012028646771,1,108920390986726,1,,SALE,07/20/2024,1,NFN056NL-WL,06976391060005,Tolead Wood Sideboard Buffet Cabinet with Storage Rattan Doors Rustic Modern Kitchen Shelf,2038710,,,NJ,,,Bridgewater,08807,Marketplace standard,95.95,76.49,13.50,15.00,89.99,0.00,0.00,0.00,0.00,0.00,0.00,0.00,0.00,0.00,0.00,0,0.00,0.00,0.00,0.00,5.96,0.00,0.00,0.00,0.00,0.00,0.00,0.00,0.00,0.00,0.00,0.00,0.00,5.96,Y,,,,-13.50,Furniture,Furniture & Decor,Credenzas & Sideboards,BSE-82-2.0,,,N,Seller Fulfilled,Delivery,,0.00,,,,New
200012028646771,1,108920390986726,2,,SALE,07/20/2024,1,NFN056NL-WL,06976391060005,Tolead Wood Sideboard Buffet Cabinet with Storage Rattan Doors Rustic Modern Kitchen Shelf,2038710,,,NJ,,,Bridgewater,08807,Marketplace standard,95.95,76.49,13.50,15.00,89.99,0.00,0.00,0.00,0.00,0.00,0.00,0.00,0.00,0.00,0.00,0,0.00,0.00,0.00,0.00,5.96,0.00,0.00,0.00,0.00,0.00,0.00,0.00,0.00,0.00,0.00,0.00,0.00,5.96,Y,,,,-13.50,Furniture,Furniture & Decor,Credenzas & Sideboards,BSE-82-2.0,,,N,Seller Fulfilled,Delivery,,0.00,,,,New
200012028646771,1,108920390986726,3,,SALE,07/20/2024,1,NFN056NL-WL,06976391060005,Tolead Wood Sideboard Buffet Cabinet with Storage Rattan Doors Rustic Modern Kitchen Shelf,2038710,,,NJ,,,Bridgewater,08807,Marketplace standard,95.95,76.49,13.50,15.00,89.99,0.00,0.00,0.00,0.00,0.00,0.00,0.00,0.00,0.00,0.00,0,0.00,0.00,0.00,0.00,5.96,0.00,0.00,0.00,0.00,0.00,0.00,0.00,0.00,0.00,0.00,0.00,0.00,5.96,Y,,,,-13.50,Furniture,Furniture & Decor,Credenzas & Sideboards,BSE-82-2.0,,,N,Seller Fulfilled,Delivery,,0.00,,,,New
200012027290412,3,108920714993718,1,,SALE,07/24/2024,1,NFN019NL,06973813985595,Tolead Rattan Nightstand with Charging Station Boho Side Table with Handmade Rattan Decorated Door Bedroom Living Room Natural,2038710,,,NJ,,,Medford Lakes,08055,Marketplace standard,71.96,57.37,10.12,15.00,67.49,0.00,0.00,0.00,0.00,0.00,0.00,0.00,0.00,0.00,0.00,0,0.00,0.00,0.00,0.00,4.47,0.00,0.00,0.00,0.00,0.00,0.00,0.00,0.00,0.00,0.00,0.00,0.00,4.47,Y,,,,-10.12,Furniture,Furniture & Decor,Nightstands,BSE-82-2.0,,,N,Seller Fulfilled,Delivery,,0.00,,,,New
200012027159504,1,108920290313713,1,,SALE,07/21/2024,1,PTB005GR,06973813986738,Tolead Wood Dog Crate Kennel Side End Table Indoor Dog Cage,2038710,,,CO,,,Denver,80219,Marketplace value,163.20,127.49,22.50,15.00,149.99,0.00,0.00,0.00,0.00,0.00,0.00,0.00,0.00,0.00,0.00,0,0.00,0.00,0.00,0.00,13.21,0.00,0.00,0.00,0.00,0.00,0.00,0.00,0.00,0.00,0.00,0.00,0.00,13.21,Y,,,,-22.50,Animal Accessories,Furniture & Decor,End Tables,BSE-82-2.0,,,N,Seller Fulfilled,Delivery,,0.00,,,,
200012025465146,1,108919877274402,1,,SALE,07/15/2024,1,NFN018NL,06973813988398,Tolead 2 Piece Rattan Nightstand Set with Drawer & Open Shelf Natural,2038710,,,TX,,,Plano,75023,Marketplace value,119.06,93.49,16.50,15.00,109.99,0.00,0.00,0.00,0.00,0.00,0.00,0.00,0.00,0.00,0.00,0,0.00,0.00,0.00,0.00,9.07,0.00,0.00,0.00,0.00,0.00,0.00,0.00,0.00,0.00,0.00,0.00,0.00,9.07,Y,,,,-16.50,Furniture,Furniture & Decor,Nightstands,BSE-82-2.0,,,N,Seller Fulfilled,Delivery,,0.00,,,,
200012025145456,6,108919978000437,1,,SALE,07/16/2024,1,NFP014BU,06973813986561,Tolead 5pcs Adjustable Orthopedic Bed Wedge Pillow Set Blue,2039972,,,AZ,,,Sierra Vista,85635,Marketplace value,93.34,76.49,13.50,15.00,85.99,0.00,0.00,0.00,0.00,0.00,0.00,0.00,0.00,0.00,0.00,0,0.00,0.00,0.00,0.00,7.35,0.00,0.00,0.00,0.00,0.00,0.00,0.00,0.00,0.00,0.00,0.00,0.00,7.35,Y,,,89.99,-13.50,Bedding,Home & Garden,Wedge Pillows,BSE-67-9.0,,,N,Seller Fulfilled,Delivery,,0.00,,-4.00,WM_DISC,
200012025023039,1,108920081647835,1,,SALE,07/17/2024,1,NFN051NL,06976391060470,Tolead Rattan Low Profile TV Stands with Sliding Doors up to 65 TV Natural,2038710,,,TX,,,Austin,78705,Marketplace value,116.90,91.79,16.20,15.00,107.99,0.00,0.00,0.00,0.00,0.00,0.00,0.00,0.00,0.00,0.00,0,0.00,0.00,0.00,0.00,8.91,0.00,0.00,0.00,0.00,0.00,0.00,0.00,0.00,0.00,0.00,0.00,0.00,8.91,Y,,,,-16.20,Furniture,Furniture & Decor,Television Stands,BSE-82-2.0,,,N,Seller Fulfilled,Delivery,,0.00,,,,
200012024467089,12,108919670688103,1,,SALE,07/14/2024,1,OFL001PU,08711777064592,Tolead 4 Pack 120 Expandable Fence Privacy Screen Balcony Patio Outdoor Garden Purple Flower,2038710,,,MS,,,Carthage,39051,Marketplace value,127.32,101.14,17.85,15.00,118.99,0.00,0.00,0.00,0.00,0.00,0.00,0.00,0.00,0.00,0.00,0,0.00,0.00,0.00,0.00,8.33,0.00,0.00,0.00,0.00,0.00,0.00,0.00,0.00,0.00,0.00,0.00,0.00,8.33,Y,,,,-17.85,Garden & Patio,Home & Garden,Artificial Greenery Panel,BSE-65-6.0,,,N,Seller Fulfilled,Delivery,,0.00,,,,
200012022996740,1,108920598257023,1,,SALE,07/22/2024,1,TLH013NL,06976391060364,Tolead 60 Heavy-Duty Adjustable Workbench with Power Outlets Rubber Wood Shop Table Metal Wheels Workstation,2038710,,,PA,,,Mechanicsburg,17050,Marketplace standard,219.40,175.93,31.05,15.00,206.98,0.00,0.00,0.00,0.00,0.00,0.00,0.00,0.00,0.00,0.00,0,0.00,0.00,0.00,0.00,12.42,0.00,0.00,0.00,0.00,0.00,0.00,0.00,0.00,0.00,0.00,0.00,0.00,12.42,Y,,,,-31.05,Tools & Hardware Other,Tools & Home Improvement,Workbenches,BSE-61-16.0,,,N,Seller Fulfilled,Delivery,,0.00,,,,
200012021671494,2,108920082430579,1,,SALE,07/17/2024,1,NFN026NL,06973813988411,Tolead 2Pcs Rattan Nightstand with Charging Station Boho Side Table with Handmade Rattan Decorated Door Bedroom Living Room Natural,2038710,,,FL,,,Seminole,33777,Marketplace value,139.09,110.49,19.50,15.00,129.99,0.00,0.00,0.00,0.00,0.00,0.00,0.00,0.00,0.00,0.00,0,0.00,0.00,0.00,0.00,9.10,0.00,0.00,0.00,0.00,0.00,0.00,0.00,0.00,0.00,0.00,0.00,0.00,9.10,Y,,,,-19.50,Furniture,Furniture & Decor,Nightstands,BSE-82-2.0,,,N,Seller Fulfilled,Delivery,,0.00,,,,
200012020866475,1,108920596373698,1,,SALE,07/21/2024,1,TLH011NL,06973813987414,Tolead 60 Heavy-Duty Adjustable Workbench with Power Outlets Rubber Wood Shop Table Workstation,2038710,,,NC,,,Louisburg,27549,Marketplace value,224.16,186.13,32.85,15.00,209.99,0.00,0.00,0.00,0.00,0.00,0.00,0.00,0.00,0.00,0.00,0,0.00,0.00,0.00,0.00,14.17,0.00,0.00,0.00,0.00,0.00,0.00,0.00,0.00,0.00,0.00,0.00,0.00,14.17,Y,,,218.98,-32.85,Tools & Hardware Other,Tools & Home Improvement,Workbenches,BSE-61-16.0,,,N,Seller Fulfilled,Delivery,,0.00,,-8.99,WM_DISC,
200012017610752,1,108920815857109,1,,SALE,07/24/2024,1,NFN008BN,06973813984147,Tolead TV Stand with Sliding Barn Door Up to 65 TV Brown,2038710,,,VA,,,Alexandria,22304,Marketplace standard,190.78,152.98,27.00,15.00,179.98,0.00,0.00,0.00,0.00,0.00,0.00,0.00,0.00,0.00,0.00,0,0.00,0.00,0.00,0.00,10.80,0.00,0.00,0.00,0.00,0.00,0.00,0.00,0.00,0.00,0.00,0.00,0.00,10.80,Y,,,,-27.00,Furniture,Furniture & Decor,Television Stands,BSE-82-2.0,,,N,Seller Fulfilled,Delivery,,0.00,,,,
200012017547783,1,108920918948873,1,,SALE,07/25/2024,1,JGWLMB066BK,06976391069589,Tolead Storage Cabinet with Flower Pattern Panel Modern Sideboard Buffet Cabinet Black,2038710,,,MS,,,Southaven,38671,Marketplace value,149.79,118.99,21.00,15.00,139.99,0.00,0.00,0.00,0.00,0.00,0.00,0.00,0.00,0.00,0.00,0,0.00,0.00,0.00,0.00,9.80,0.00,0.00,0.00,0.00,0.00,0.00,0.00,0.00,0.00,0.00,0.00,0.00,9.80,Y,,,,-21.00,Home Decor  Kitchen  & Other,Furniture & Decor,Cabinets,BSE-82-2.0,,,N,Seller Fulfilled,Delivery,,0.00,,,,
200012011913067,2,108920290342887,1,,SALE,07/21/2024,1,NFN026NL,06973813988411,Tolead 2Pcs Rattan Nightstand with Charging Station Boho Side Table with Handmade Rattan Decorated Door Bedroom Living Room Natural,2038710,,,OR,,,Portland,97220,Marketplace standard,129.99,110.49,19.50,15.00,129.99,0.00,0.00,0.00,0.00,0.00,0.00,0.00,0.00,0.00,0.00,0,0.00,0.00,0.00,0.00,0.00,0.00,0.00,0.00,0.00,0.00,0.00,0.00,0.00,0.00,0.00,0.00,0.00,0.00,N,,,,-19.50,Furniture,Furniture & Decor,Nightstands,BSE-82-2.0,,,N,Seller Fulfilled,Delivery,,0.00,,,,
200012010672030,1,108918842949984,1,,REFUNDED,07/16/2024,1,NFN017NL,06973813988381,Tolead 2Pcs Rattan Nightstand Set Boho Side Table with Handmade Rattan Decorated Drawer Natural,2038710,,,,,,Lexington,29072,,-128.39,-101.99,-18.00,0.00,0.00,-119.99,0.00,0.00,0.00,0.00,0.00,0.00,0.00,0.00,0.00,0,0.00,0.00,0.00,0.00,0.00,0.00,0.00,0.00,0.00,-8.40,0.00,0.00,0.00,0.00,0.00,0.00,0.00,-8.40,Y,Return Refund,5010,,,Furniture,Furniture & Decor,,,1018,Not as described/pictured,N,Seller Fulfilled,,,,,,,
200012009706114,1,108920598398894,1,,SALE,07/22/2024,1,NFN055WH,06976391060067,Tolead Wood Kitchen Pantry Storage Cabinet with Doors and Shelves Saving Space Large White,2038710,,,PA,,,Harrisburg,17112,Marketplace standard,169.59,135.99,24.00,15.00,159.99,0.00,0.00,0.00,0.00,0.00,0.00,0.00,0.00,0.00,0.00,0,0.00,0.00,0.00,0.00,9.60,0.00,0.00,0.00,0.00,0.00,0.00,0.00,0.00,0.00,0.00,0.00,0.00,9.60,Y,,,,-24.00,Furniture,Furniture & Decor,Pantry Cabinets,BSE-82-2.0,,,N,Seller Fulfilled,Delivery,,0.00,,,,New
200012009706114,1,108920598398894,1,,REFUNDED,07/25/2024,1,NFN055WH,06976391060067,Tolead Wood Kitchen Pantry Storage Cabinet with Doors and Shelves Saving Space Large White,2038710,,,,,,Harrisburg,17112,,-169.59,-135.99,-24.00,0.00,0.00,-159.99,0.00,0.00,0.00,0.00,0.00,0.00,0.00,0.00,0.00,0,0.00,0.00,0.00,0.00,0.00,0.00,0.00,0.00,0.00,-9.60,0.00,0.00,0.00,0.00,0.00,0.00,0.00,-9.60,Y,Return Refund,5010,,,Furniture,Furniture & Decor,,,1022,Lost in Transit,N,Seller Fulfilled,,,,,,,New
200012009375655,1,108920184295221,1,,SALE,07/17/2024,1,NFN020WH-MC,06973813986424,Tolead Nightstand with Charging Station and LED Lights 2 Drawers White,2038710,,,TX,,,Houston,77098,Marketplace value,81.17,67.99,12.00,15.00,74.99,0.00,0.00,0.00,0.00,0.00,0.00,0.00,0.00,0.00,0.00,0,0.00,0.00,0.00,0.00,6.18,0.00,0.00,0.00,0.00,0.00,0.00,0.00,0.00,0.00,0.00,0.00,0.00,6.18,Y,,,79.99,-12.00,Furniture,Furniture & Decor,Nightstands,BSE-82-2.0,,,N,Seller Fulfilled,Delivery,,0.00,,-5.00,WM_DISC,
200012009375655,1,108920184295221,2,,SALE,07/17/2024,1,NFN020WH-MC,06973813986424,Tolead Nightstand with Charging Station and LED Lights 2 Drawers White,2038710,,,TX,,,Houston,77098,Marketplace value,81.18,67.99,12.00,15.00,74.99,0.00,0.00,0.00,0.00,0.00,0.00,0.00,0.00,0.00,0.00,0,0.00,0.00,0.00,0.00,6.19,0.00,0.00,0.00,0.00,0.00,0.00,0.00,0.00,0.00,0.00,0.00,0.00,6.19,Y,,,79.99,-12.00,Furniture,Furniture & Decor,Nightstands,BSE-82-2.0,,,N,Seller Fulfilled,Delivery,,0.00,,-5.00,WM_DISC,
200012009067557,1,108920814987882,1,,SALE,07/24/2024,1,BBK016MZ,06976391060272,Tolead Toddler Foam Climbing Set Kids Climb & Crawl Soft Activity Playset Toddler Climber Gymnastics Equipment for Walking in Balance Indoor,2038710,,,ME,,,Scarborough,04074,Marketplace standard,179.34,144.49,25.50,15.00,169.99,0.00,0.00,0.00,0.00,0.00,0.00,0.00,0.00,0.00,0.00,0,0.00,0.00,0.00,0.00,9.35,0.00,0.00,0.00,0.00,0.00,0.00,0.00,0.00,0.00,0.00,0.00,0.00,9.35,Y,,,,-25.50,Toys,Toys & Games,Playground Climbers,BSE-62-9.0,,,N,Seller Fulfilled,Delivery,,0.00,,,,
200012006100059,1,108920489256905,1,,SALE,07/21/2024,1,TLH009NL,06973813987124,Tolead 60 Heavy-Duty Adjustable Workbench Rubber Wood Shop Table Workstation,2038710,,,AZ,,,Gilbert,85234,Marketplace standard,247.93,195.49,34.50,15.00,229.99,0.00,0.00,0.00,0.00,0.00,0.00,0.00,0.00,0.00,0.00,0,0.00,0.00,0.00,0.00,17.94,0.00,0.00,0.00,0.00,0.00,0.00,0.00,0.00,0.00,0.00,0.00,0.00,17.94,Y,,,,-34.50,Tools & Hardware Other,Tools & Home Improvement,Workbenches,BSE-61-16.0,,,N,Seller Fulfilled,Delivery,,0.00,,,,
200012005615646,2,108916767760517,1,,ADJMNT,07/14/2024,1,OFE006GR,06973813988633,Tolead Outdoor Aluminum Patio Furniture Set with 5 Cushion & Wide Armrest & Backrest Balcony Garden Dark Gray,2038710,,,NJ,,,Deal,07723,Marketplace standard,0.00,-31.33,0.00,0.00,0.00,0.00,0.00,0.00,0.00,0.00,0.00,0.00,0.00,0.00,0.00,0,0.00,0.00,0.00,0.00,0.00,0.00,0.00,0.00,0.00,0.00,0.00,0.00,0.00,0.00,0.00,0.00,0.00,0.00,Y,Walmart Return Shipping Charge,5013,,,Garden & Patio,Home & Garden,,,,,N,Seller Fulfilled,,,,,,,New
200012005477830,1,108920611886038,1,,SALE,07/23/2024,1,NFN026NL,06973813988411,Tolead 2Pcs Rattan Nightstand with Charging Station Boho Side Table with Handmade Rattan Decorated Door Bedroom Living Room Natural,2038710,,,MD,,,Towson,21286,Marketplace standard,137.79,110.49,19.50,15.00,129.99,0.00,0.00,0.00,0.00,0.00,0.00,0.00,0.00,0.00,0.00,0,0.00,0.00,0.00,0.00,7.80,0.00,0.00,0.00,0.00,0.00,0.00,0.00,0.00,0.00,0.00,0.00,0.00,7.80,Y,,,,-19.50,Furniture,Furniture & Decor,Nightstands,BSE-82-2.0,,,N,Seller Fulfilled,Delivery,,0.00,,,,
200012005201137,1,108920495685301,1,,SALE,07/21/2024,1,PTB001SL,06973813984239,Tolead Large Metal Chicken Coop Upgrade Tri-Supporting Wire Mesh Chicken Run with Water-Resident Anti-UV Cover,2038710,,,CO,,,Pierce,80650,Marketplace value,144.05,118.99,21.00,15.00,139.99,0.00,0.00,0.00,0.00,0.00,0.00,0.00,0.00,0.00,0.00,0,0.00,0.00,0.00,0.00,4.06,0.00,0.00,0.00,0.00,0.00,0.00,0.00,0.00,0.00,0.00,0.00,0.00,4.06,Y,,,,-21.00,Animal Accessories,Pet Supplies,Chicken Coops,BSE-53-12.0,,,N,Seller Fulfilled,Delivery,,0.00,,,,New
200012004541753,1,108914998433733,1,,ADJMNT,07/14/2024,1,NFN070WH-WL,06973813984253,Tolead 2 Piece Modern Diamond Embossed Black Nightstand with 2 Drawers Luxury Metal Legs Versatile Bedside Table for Bedroom White,2038710,,,NY,,,Brooklyn,11213,Marketplace standard,0.00,-10.81,0.00,0.00,0.00,0.00,0.00,0.00,0.00,0.00,0.00,0.00,0.00,0.00,0.00,0,0.00,0.00,0.00,0.00,0.00,0.00,0.00,0.00,0.00,0.00,0.00,0.00,0.00,0.00,0.00,0.00,0.00,0.00,Y,Walmart Return Shipping Charge,5013,,,Furniture,Furniture & Decor,,,,,N,Seller Fulfilled,,,,,,,
200012002433876,1,108920391795450,1,,SALE,07/21/2024,1,JGWLMC012GR,06973813986431,Tolead 2 Piece Barnwood Rustic Nightstand with Barn Door and Drawers Living Room Bedroom Gray,2038710,,,VA,,,Pamplin,23958,Marketplace standard,136.88,110.49,19.50,15.00,129.99,0.00,0.00,0.00,0.00,0.00,0.00,0.00,0.00,0.00,0.00,0,0.00,0.00,0.00,0.00,6.89,0.00,0.00,0.00,0.00,0.00,0.00,0.00,0.00,0.00,0.00,0.00,0.00,6.89,Y,,,,-19.50,Furniture,Furniture & Decor,Nightstands,BSE-82-2.0,,,N,Seller Fulfilled,Delivery,,0.00,,,,
200012000144899,1,108920185611707,1,,SALE,07/18/2024,1,NFN056NL-WL,06976391060005,Tolead Wood Sideboard Buffet Cabinet with Storage Rattan Doors Rustic Modern Kitchen Shelf,2038710,,,OH,,,Toledo,43614,Marketplace standard,96.96,76.49,13.50,15.00,89.99,0.00,0.00,0.00,0.00,0.00,0.00,0.00,0.00,0.00,0.00,0,0.00,0.00,0.00,0.00,6.97,0.00,0.00,0.00,0.00,0.00,0.00,0.00,0.00,0.00,0.00,0.00,0.00,6.97,Y,,,,-13.50,Furniture,Furniture & Decor,Credenzas & Sideboards,BSE-82-2.0,,,N,Seller Fulfilled,Delivery,,0.00,,,,New
200011999438988,1,108919876021447,1,,SALE,07/15/2024,1,NFN019NL,06973813985595,Tolead Rattan Nightstand with Charging Station Boho Side Table with Handmade Rattan Decorated Door Bedroom Living Room Natural,2038710,,,NY,,,Buffalo,14214,Marketplace standard,73.40,57.37,10.12,15.00,67.49,0.00,0.00,0.00,0.00,0.00,0.00,0.00,0.00,0.00,0.00,0,0.00,0.00,0.00,0.00,5.91,0.00,0.00,0.00,0.00,0.00,0.00,0.00,0.00,0.00,0.00,0.00,0.00,5.91,Y,,,,-10.12,Furniture,Furniture & Decor,Nightstands,BSE-82-2.0,,,N,Seller Fulfilled,Delivery,,0.00,,,,New
200011997324930,5,108920814988610,1,,SALE,07/25/2024,1,NFN003NL,06973813984284,Tolead Boho Rattan Nightstand with Decor Drawer & Open Shelf Living Room Bedroom Top Sturdy Oak,2038710,,,MA,,,Boston,02128,Marketplace standard,65.86,52.69,9.30,15.00,61.99,0.00,0.00,0.00,0.00,0.00,0.00,0.00,0.00,0.00,0.00,0,0.00,0.00,0.00,0.00,3.87,0.00,0.00,0.00,0.00,0.00,0.00,0.00,0.00,0.00,0.00,0.00,0.00,3.87,Y,,,,-9.30,Furniture,Furniture & Decor,Nightstands,BSE-82-2.0,,,N,Seller Fulfilled,Delivery,,0.00,,,,
200011995232760,1,108919977409781,1,,SALE,07/15/2024,1,PTB003SL,06973813984246,Tolead Large Metal Chicken Coop Upgrade Tri-Supporting Wire Mesh Chicken RunChicken Pen with Water-Resident and Anti-UV CoverDuck Rabbit House Outdoor,2038710,,,NC,,,Clinton,28328,Marketplace value,212.92,169.99,30.00,15.00,198.99,0.00,0.00,0.00,0.00,0.00,0.00,0.00,0.00,0.00,0.00,0,0.00,0.00,0.00,0.00,13.93,0.00,0.00,0.00,0.00,0.00,0.00,0.00,0.00,0.00,0.00,0.00,0.00,13.93,Y,,,199.99,-30.00,Animal Other,Pet Supplies,Chicken Coops,BSE-53-12.0,,,N,Seller Fulfilled,Delivery,,0.00,,-1.00,WM_DISC,New
200011991203403,1,108920496159589,1,,SALE,07/21/2024,1,NFN056NL-WL,06976391060005,Tolead Wood Sideboard Buffet Cabinet with Storage Rattan Doors Rustic Modern Kitchen Shelf,2038710,,,NC,,,Hope Mills,28348,Marketplace value,96.29,76.49,13.50,15.00,89.99,0.00,0.00,0.00,0.00,0.00,0.00,0.00,0.00,0.00,0.00,0,0.00,0.00,0.00,0.00,6.30,0.00,0.00,0.00,0.00,0.00,0.00,0.00,0.00,0.00,0.00,0.00,0.00,6.30,Y,,,,-13.50,Furniture,Furniture & Decor,Credenzas & Sideboards,BSE-82-2.0,,,N,Seller Fulfilled,Delivery,,0.00,,,,New
200011991203403,1,108920496159589,2,,SALE,07/21/2024,1,NFN056NL-WL,06976391060005,Tolead Wood Sideboard Buffet Cabinet with Storage Rattan Doors Rustic Modern Kitchen Shelf,2038710,,,NC,,,Hope Mills,28348,Marketplace value,96.29,76.49,13.50,15.00,89.99,0.00,0.00,0.00,0.00,0.00,0.00,0.00,0.00,0.00,0.00,0,0.00,0.00,0.00,0.00,6.30,0.00,0.00,0.00,0.00,0.00,0.00,0.00,0.00,0.00,0.00,0.00,0.00,6.30,Y,,,,-13.50,Furniture,Furniture & Decor,Credenzas & Sideboards,BSE-82-2.0,,,N,Seller Fulfilled,Delivery,,0.00,,,,New
200011976783916,1,108919773764579,1,,SALE,07/14/2024,1,NFN056NL-WL,06976391060005,Tolead Wood Sideboard Buffet Cabinet with Storage Rattan Doors Rustic Modern Kitchen Shelf,2038710,,,PA,,,Loysville,17047,Marketplace standard,95.39,76.49,13.50,15.00,89.99,0.00,0.00,0.00,0.00,0.00,0.00,0.00,0.00,0.00,0.00,0,0.00,0.00,0.00,0.00,5.40,0.00,0.00,0.00,0.00,0.00,0.00,0.00,0.00,0.00,0.00,0.00,0.00,5.40,Y,,,,-13.50,Furniture,Furniture & Decor,Credenzas & Sideboards,BSE-82-2.0,,,N,Seller Fulfilled,Delivery,,0.00,,,,New
200011976783916,1,108919773764579,2,,SALE,07/14/2024,1,NFN056NL-WL,06976391060005,Tolead Wood Sideboard Buffet Cabinet with Storage Rattan Doors Rustic Modern Kitchen Shelf,2038710,,,PA,,,Loysville,17047,Marketplace standard,95.39,76.49,13.50,15.00,89.99,0.00,0.00,0.00,0.00,0.00,0.00,0.00,0.00,0.00,0.00,0,0.00,0.00,0.00,0.00,5.40,0.00,0.00,0.00,0.00,0.00,0.00,0.00,0.00,0.00,0.00,0.00,0.00,5.40,Y,,,,-13.50,Furniture,Furniture & Decor,Credenzas & Sideboards,BSE-82-2.0,,,N,Seller Fulfilled,Delivery,,0.00,,,,New
200011975893717,7,108920599117843,1,,SALE,07/22/2024,1,NFN002NL,06973813984277,Tolead Rattan Nightstand Boho Side Table with Handmade Rattan Decorated Drawer Bedroom Living Room Natural,2038710,,,WI,,,Milwaukee,53221,Marketplace value,66.89,52.69,9.30,15.00,61.99,0.00,0.00,0.00,0.00,0.00,0.00,0.00,0.00,0.00,0.00,0,0.00,0.00,0.00,0.00,4.90,0.00,0.00,0.00,0.00,0.00,0.00,0.00,0.00,0.00,0.00,0.00,0.00,4.90,Y,,,,-9.30,Furniture,Furniture & Decor,Nightstands,BSE-82-2.0,,,N,Seller Fulfilled,Delivery,,0.00,,,,
200011972625427,1,108918635954705,1,,ADJMNT,07/13/2024,1,NFP012GR,06973813987711,Tolead 6pcs Adjustable Orthopedic Bed Wedge Pillow Set Sleeping Sitting Pillow Gray,2039972,,,MO,,,Branson,65616,Marketplace expedited,0.00,-14.95,14.95,0.00,0.00,0.00,0.00,0.00,0.00,0.00,0.00,0.00,0.00,0.00,0.00,0,0.00,0.00,0.00,0.00,0.00,0.00,0.00,0.00,0.00,0.00,0.00,0.00,0.00,0.00,0.00,0.00,0.00,0.00,Y,"""WFS Return Shipping fee """,5042,,,Bedding,Home & Garden,,,,,N,Walmart-fulfilled(WFS),,,,,,,New
200011972625427,1,108918635954705,1,,REFUNDED,07/13/2024,1,NFP012GR,06973813987711,Tolead 6pcs Adjustable Orthopedic Bed Wedge Pillow Set Sleeping Sitting Pillow Gray,2039972,,,,,,Branson,65616,,-104.21,-84.99,-15.00,0.00,0.00,-99.99,0.00,0.00,0.00,0.00,0.00,0.00,0.00,0.00,0.00,0,0.00,0.00,0.00,0.00,0.00,0.00,0.00,0.00,0.00,-4.22,0.00,0.00,0.00,0.00,0.00,0.00,0.00,-4.22,Y,Return Refund,5010,,,Bedding,Home & Garden,,,1000,No Longer Wanted,N,Walmart-fulfilled(WFS),,,,,,,New
200011972502643,1,108919772812055,1,,SALE,07/14/2024,1,TLH010NL,06973813987445,Tolead 48 Heavy-Duty Adjustable Workbench with Power Outlets Rubber Wood Shop Table Workstation,2038710,,,NC,,,Raleigh,27616,Marketplace value,168.91,133.87,23.62,15.00,157.49,0.00,0.00,0.00,0.00,0.00,0.00,0.00,0.00,0.00,0.00,0,0.00,0.00,0.00,0.00,11.42,0.00,0.00,0.00,0.00,0.00,0.00,0.00,0.00,0.00,0.00,0.00,0.00,11.42,Y,,,,-23.62,Tools & Hardware Other,Tools & Home Improvement,Workbenches,BSE-61-16.0,,,N,Seller Fulfilled,Delivery,,0.00,,,,
200011971108180,1,108920080588120,1,,SALE,07/16/2024,1,NFN056NL-WL,06976391060005,Tolead Wood Sideboard Buffet Cabinet with Storage Rattan Doors Rustic Modern Kitchen Shelf,2038710,,,KS,,,Olathe,66061,Marketplace value,98.52,76.49,13.50,15.00,89.99,0.00,0.00,0.00,0.00,0.00,0.00,0.00,0.00,0.00,0.00,0,0.00,0.00,0.00,0.00,8.53,0.00,0.00,0.00,0.00,0.00,0.00,0.00,0.00,0.00,0.00,0.00,0.00,8.53,Y,,,,-13.50,Furniture,Furniture & Decor,Credenzas & Sideboards,BSE-82-2.0,,,N,Seller Fulfilled,Delivery,,0.00,,,,New
200011971108180,1,108920080588120,2,,SALE,07/16/2024,1,NFN056NL-WL,06976391060005,Tolead Wood Sideboard Buffet Cabinet with Storage Rattan Doors Rustic Modern Kitchen Shelf,2038710,,,KS,,,Olathe,66061,Marketplace value,98.51,76.49,13.50,15.00,89.99,0.00,0.00,0.00,0.00,0.00,0.00,0.00,0.00,0.00,0.00,0,0.00,0.00,0.00,0.00,8.52,0.00,0.00,0.00,0.00,0.00,0.00,0.00,0.00,0.00,0.00,0.00,0.00,8.52,Y,,,,-13.50,Furniture,Furniture & Decor,Credenzas & Sideboards,BSE-82-2.0,,,N,Seller Fulfilled,Delivery,,0.00,,,,New
200011971014256,13,108920610054393,1,,SALE,07/22/2024,1,NFN004BK,08711777054845,Tolead Black Wood Nightstand with Charging Station 2 Storage Drawer & Open Shelf Bedroom Office Adult,2038710,,,NY,,,Troy,12180,Marketplace standard,49.67,39.09,6.90,15.00,45.99,0.00,0.00,0.00,0.00,0.00,0.00,0.00,0.00,0.00,0.00,0,0.00,0.00,0.00,0.00,3.68,0.00,0.00,0.00,0.00,0.00,0.00,0.00,0.00,0.00,0.00,0.00,0.00,3.68,Y,,,,-6.90,Furniture,Furniture & Decor,Nightstands,BSE-82-2.0,,,N,Seller Fulfilled,Delivery,,0.00,,,,
200011965922012,1,108920598131174,1,,SALE,07/22/2024,1,JGWLMA048WH,06976391066625,Tolead Kids Bookshelf with Reading Nook & Seat Cushion 7 Storage Cubbies Bedroom Playroom Nursery White,2038710,,,CT,,,Trumbull,06611,Marketplace standard,148.88,118.99,21.00,15.00,139.99,0.00,0.00,0.00,0.00,0.00,0.00,0.00,0.00,0.00,0.00,0,0.00,0.00,0.00,0.00,8.89,0.00,0.00,0.00,0.00,0.00,0.00,0.00,0.00,0.00,0.00,0.00,0.00,8.89,Y,,,,-21.00,Furniture,Furniture & Decor,Bookcases,BSE-82-2.0,,,N,Seller Fulfilled,Delivery,,0.00,,,,
200011965512906,1,108920391553156,1,,SALE,07/20/2024,1,NFN051NL,06976391060470,Tolead Rattan Low Profile TV Stands with Sliding Doors up to 65 TV Natural,2038710,,,PA,,,Exeter,18643,Marketplace standard,114.46,91.79,16.20,15.00,107.99,0.00,0.00,0.00,0.00,0.00,0.00,0.00,0.00,0.00,0.00,0,0.00,0.00,0.00,0.00,6.47,0.00,0.00,0.00,0.00,0.00,0.00,0.00,0.00,0.00,0.00,0.00,0.00,6.47,Y,,,,-16.20,Furniture,Furniture & Decor,Television Stands,BSE-82-2.0,,,N,Seller Fulfilled,Delivery,,0.00,,,,
200011965120101,1,108920597932909,1,,SALE,07/22/2024,1,JGWLMB054BU,06976391069091,Tolead Outdoor Aluminum Patio Furniture Set Aluminum three-seat sofa with 5 cushions Blue,2038710,,,OK,,,Edmond,73012,Marketplace value,423.63,341.01,48.98,12.56,389.99,0.00,0.00,0.00,0.00,0.00,0.00,0.00,0.00,0.00,0.00,0,0.00,0.00,0.00,0.00,33.64,0.00,0.00,0.00,0.00,0.00,0.00,0.00,0.00,0.00,0.00,0.00,0.00,33.64,Y,,,,-48.98,Garden & Patio,Home & Garden,Patio Furniture Sets,BSE-83-3.0,,,Y,Seller Fulfilled,Delivery,,0.00,,,,
200011964824769,1,108914072595442,1,,ADJMNT,07/14/2024,1,NFN069BK,06973813988671,Tolead Metal Fish Aquarium Tank Stand with Cabinet Accessories Storage 18.9 D x 36.6 W Tabletop Black,2038710,,,TX,,,Houston,77061,Marketplace value,0.00,-31.33,0.00,0.00,0.00,0.00,0.00,0.00,0.00,0.00,0.00,0.00,0.00,0.00,0.00,0,0.00,0.00,0.00,0.00,0.00,0.00,0.00,0.00,0.00,0.00,0.00,0.00,0.00,0.00,0.00,0.00,0.00,0.00,Y,Walmart Return Shipping Charge,5013,119.99,,Furniture,Furniture & Decor,,,,,N,Seller Fulfilled,,,,,,,
200011962035670,1,108920285022028,1,,SALE,07/21/2024,1,WL-BBC001GR,06973813988329,Betterhood Play Couch Sofa for Kids Imaginative Play Set Medium Gray Suede Covers Sponge Filled,2038710,,,WI,,,Marshall,53559,Marketplace standard,137.14,110.49,19.50,15.00,129.99,0.00,0.00,0.00,0.00,0.00,0.00,0.00,0.00,0.00,0.00,0,0.00,0.00,0.00,0.00,7.15,0.00,0.00,0.00,0.00,0.00,0.00,0.00,0.00,0.00,0.00,0.00,0.00,7.15,Y,,,,-19.50,Furniture,Furniture & Decor,Sofas & Couches,BSE-82-2.0,,,N,Seller Fulfilled,Delivery,,0.00,,,,
200011961883583,1,108920818241968,1,,SALE,07/25/2024,1,NFN007WH,06973813984130,Tolead Farmhouse Style TV Stand for 65+ TVs Top Sturdy Dvds Tall Entertainment Center White,2038710,,,SC,,,Charleston,29414,Marketplace value,207.08,161.48,28.50,15.00,189.98,0.00,0.00,0.00,0.00,0.00,0.00,0.00,0.00,0.00,0.00,0,0.00,0.00,0.00,0.00,17.10,0.00,0.00,0.00,0.00,0.00,0.00,0.00,0.00,0.00,0.00,0.00,0.00,17.10,Y,,,,-28.50,Furniture,Furniture & Decor,Television Stands,BSE-82-2.0,,,N,Seller Fulfilled,Delivery,,0.00,,,,
200011961757835,2,108920083163854,1,,SALE,07/17/2024,1,NFN039NL-WL,06973813987810,Tolead Rattan Nightstand Set with Charging Station Handmade Rattan Decorated Drawer and Door Natural,2038710,,,TX,,,Abilene,79601,Marketplace value,81.18,63.74,11.25,15.00,74.99,0.00,0.00,0.00,0.00,0.00,0.00,0.00,0.00,0.00,0.00,0,0.00,0.00,0.00,0.00,6.19,0.00,0.00,0.00,0.00,0.00,0.00,0.00,0.00,0.00,0.00,0.00,0.00,6.19,Y,,,,-11.25,Furniture,Furniture & Decor,Nightstands,BSE-82-2.0,,,N,Seller Fulfilled,Delivery,,0.00,,,,
200011961553745,5,108920288553718,1,,SALE,07/21/2024,1,NFN006WH,06973813984574,Tolead Wooden Bathroom Storage Over The Toilet with Adjustable Shelves and Sliding Doors Towels Wood White,2038710,,,CT,,,Torrington,06790,Marketplace standard,95.70,76.49,13.50,15.00,89.99,0.00,0.00,0.00,0.00,0.00,0.00,0.00,0.00,0.00,0.00,0,0.00,0.00,0.00,0.00,5.71,0.00,0.00,0.00,0.00,0.00,0.00,0.00,0.00,0.00,0.00,0.00,0.00,5.71,Y,,,,-13.50,Furniture,Furniture & Decor,Cabinets,BSE-82-2.0,,,N,Seller Fulfilled,Delivery,,0.00,,,,New
200011956125893,1,108920919135102,1,,SALE,07/25/2024,1,NFN017NL,06973813988381,Tolead 2Pcs Rattan Nightstand Set Boho Side Table with Handmade Rattan Decorated Drawer Natural,2038710,,,WA,,,Seattle,98105,Marketplace value,132.41,101.99,18.00,15.00,119.99,0.00,0.00,0.00,0.00,0.00,0.00,0.00,0.00,0.00,0.00,0,0.00,0.00,0.00,0.00,12.42,0.00,0.00,0.00,0.00,0.00,0.00,0.00,0.00,0.00,0.00,0.00,0.00,12.42,Y,,,,-18.00,Furniture,Furniture & Decor,Nightstands,BSE-82-2.0,,,N,Seller Fulfilled,Delivery,,0.00,,,,
200011951724403,1,108915631384175,1,,ADJMNT,07/14/2024,1,NFP015WH,06976391060951,Tolead 7.5 Inch Bed Inclined Mattress Topper Wedge Pillow with Washable Cover Sleeping,2038710,,,AZ,,,Sierra Vista,85650,Marketplace standard,0.00,-31.33,0.00,0.00,0.00,0.00,0.00,0.00,0.00,0.00,0.00,0.00,0.00,0.00,0.00,0,0.00,0.00,0.00,0.00,0.00,0.00,0.00,0.00,0.00,0.00,0.00,0.00,0.00,0.00,0.00,0.00,0.00,0.00,Y,Walmart Return Shipping Charge,5013,,,Bedding,Home & Garden,,,,,N,Seller Fulfilled,,,,,,,New
200011944007392,1,108920496321095,1,,SALE,07/21/2024,1,NFN006WH,06973813984574,Tolead Wooden Bathroom Storage Over The Toilet with Adjustable Shelves and Sliding Doors Towels Wood White,2038710,,,NJ,,,Little Ferry,07643,Marketplace standard,95.95,76.49,13.50,15.00,89.99,0.00,0.00,0.00,0.00,0.00,0.00,0.00,0.00,0.00,0.00,0,0.00,0.00,0.00,0.00,5.96,0.00,0.00,0.00,0.00,0.00,0.00,0.00,0.00,0.00,0.00,0.00,0.00,5.96,Y,,,,-13.50,Furniture,Furniture & Decor,Cabinets,BSE-82-2.0,,,N,Seller Fulfilled,Delivery,,0.00,,,,New
200011941424794,2,108920082336305,1,,SALE,07/17/2024,1,NFP014BU,06973813986561,Tolead 5pcs Adjustable Orthopedic Bed Wedge Pillow Set Blue,2039972,,,GA,,,Dallas,30157,Marketplace value,92.01,76.49,13.50,15.00,85.99,0.00,0.00,0.00,0.00,0.00,0.00,0.00,0.00,0.00,0.00,0,0.00,0.00,0.00,0.00,6.02,0.00,0.00,0.00,0.00,0.00,0.00,0.00,0.00,0.00,0.00,0.00,0.00,6.02,Y,,,89.99,-13.50,Bedding,Home & Garden,Wedge Pillows,BSE-67-9.0,,,N,Seller Fulfilled,Delivery,,0.00,,-4.00,WM_DISC,
200011941423695,1,108920081467390,1,,SALE,07/17/2024,1,NFN019NL,06973813985595,Tolead Rattan Nightstand with Charging Station Boho Side Table with Handmade Rattan Decorated Door Bedroom Living Room Natural,2038710,,,MI,,,Ferndale,48220,Marketplace value,71.54,57.37,10.12,15.00,67.49,0.00,0.00,0.00,0.00,0.00,0.00,0.00,0.00,0.00,0.00,0,0.00,0.00,0.00,0.00,4.05,0.00,0.00,0.00,0.00,0.00,0.00,0.00,0.00,0.00,0.00,0.00,0.00,4.05,Y,,,,-10.12,Furniture,Furniture & Decor,Nightstands,BSE-82-2.0,,,N,Seller Fulfilled,Delivery,,0.00,,,,New
200011941384755,1,108916249720156,1,,ADJMNT,07/14/2024,1,NFN004BK,08711777054845,Tolead Black Wood Nightstand with Charging Station 2 Storage Drawer & Open Shelf Bedroom Office Adult,2038710,,,PA,,,Brookhaven,19015,Marketplace standard,0.00,-19.56,0.00,0.00,0.00,0.00,0.00,0.00,0.00,0.00,0.00,0.00,0.00,0.00,0.00,0,0.00,0.00,0.00,0.00,0.00,0.00,0.00,0.00,0.00,0.00,0.00,0.00,0.00,0.00,0.00,0.00,0.00,0.00,Y,Walmart Return Shipping Charge,5013,,,Furniture,Furniture & Decor,,,,,N,Seller Fulfilled,,,,,,,
200011937319998,1,108919978777102,1,,SALE,07/16/2024,1,TLH001NL,06973813983973,Tolead 48 Heavy-Duty Adjustable Workbench Rubber Wood Shop Table Metal Wheels Workstation,2038710,,,OH,,,Oberlin,44074,Marketplace standard,162.92,130.03,22.95,15.00,152.98,0.00,0.00,0.00,0.00,0.00,0.00,0.00,0.00,0.00,0.00,0,0.00,0.00,0.00,0.00,9.94,0.00,0.00,0.00,0.00,0.00,0.00,0.00,0.00,0.00,0.00,0.00,0.00,9.94,Y,,,,-22.95,Tools & Hardware Other,Tools & Home Improvement,Workbenches,BSE-61-16.0,,,N,Seller Fulfilled,Delivery,,0.00,,,,New
200011937319998,1,108919978777102,1,,REFUNDED,07/26/2024,1,TLH001NL,06973813983973,Tolead 48 Heavy-Duty Adjustable Workbench Rubber Wood Shop Table Metal Wheels Workstation,2038710,,,,,,Oberlin,44074,,-162.92,-130.03,-22.95,0.00,0.00,-152.98,0.00,0.00,0.00,0.00,0.00,0.00,0.00,0.00,0.00,0,0.00,0.00,0.00,0.00,0.00,0.00,0.00,0.00,0.00,-9.94,0.00,0.00,0.00,0.00,0.00,0.00,0.00,-9.94,Y,Return Refund,5010,,,Tools & Hardware Other,Tools & Home Improvement,,,1021,Late to arrive,N,Seller Fulfilled,,,,,,,New
200011934456882,2,108919153103825,1,,REFUNDED,07/21/2024,1,PTB002WH,06973813984260,Tolead Wooden Hidden Cat Litter Box Enclosure with Drawer and Shelf White,2038710,,,,,,Calabash,28467,,-80.05,-67.99,-12.00,0.00,0.00,-74.99,0.00,0.00,0.00,0.00,0.00,0.00,0.00,0.00,0.00,0,0.00,0.00,0.00,0.00,0.00,0.00,0.00,0.00,0.00,-5.06,0.00,0.00,0.00,0.00,0.00,0.00,0.00,-5.06,Y,Return Refund,5010,79.99,,Furniture,Pet Supplies,,,1000,No Longer Wanted,N,Seller Fulfilled,,,,,5.00,,
200011934330045,1,108914074192888,1,,ADJMNT,07/21/2024,1,NFP003GR-WL,06973813983768,Tolead 5pcs Orthopedic Washable Bed Wedge Pillow Set Adjustable Acid Reflux Reading Recovery Health Surgery,2039972,,,CO,,,Lakewood,80227,Marketplace value,0.00,-32.43,0.00,0.00,0.00,0.00,0.00,0.00,0.00,0.00,0.00,0.00,0.00,0.00,0.00,0,0.00,0.00,0.00,0.00,0.00,0.00,0.00,0.00,0.00,0.00,0.00,0.00,0.00,0.00,0.00,0.00,0.00,0.00,Y,Walmart Return Shipping Charge,5013,,,Bedding,Home & Garden,,,,,N,Seller Fulfilled,,,,,,,
200011931256330,2,108917797403647,1,,ADJMNT,07/14/2024,1,NFN070BK-WL,06973813987780,Tolead 2 Pcs Modern Diamond Embossed Black Nightstand with 2 Drawers Luxury Metal Legs Bedroom Black & Gold,2038710,,,MI,,,Lake Orion,48362,Marketplace value,0.00,-30.33,0.00,0.00,0.00,0.00,0.00,0.00,0.00,0.00,0.00,0.00,0.00,0.00,0.00,0,0.00,0.00,0.00,0.00,0.00,0.00,0.00,0.00,0.00,0.00,0.00,0.00,0.00,0.00,0.00,0.00,0.00,0.00,Y,Walmart Return Shipping Charge,5013,124.99,,Furniture,Furniture & Decor,,,,,N,Seller Fulfilled,,,,,,,
200011930912966,1,108919978400531,1,,SALE,07/16/2024,1,NFP014BU,06973813986561,Tolead 5pcs Adjustable Orthopedic Bed Wedge Pillow Set Blue,2039972,,,MO,,,Saint Louis,63109,Marketplace value,94.31,76.49,13.50,15.00,85.99,0.00,0.00,0.00,0.00,0.00,0.00,0.00,0.00,0.00,0.00,0,0.00,0.00,0.00,0.00,8.32,0.00,0.00,0.00,0.00,0.00,0.00,0.00,0.00,0.00,0.00,0.00,0.00,8.32,Y,,,89.99,-13.50,Bedding,Home & Garden,Wedge Pillows,BSE-67-9.0,,,N,Seller Fulfilled,Delivery,,0.00,,-4.00,WM_DISC,
200011930349540,1,108920186419694,1,,SALE,07/18/2024,1,JGWLMC012GR,06973813986431,Tolead 2 Piece Barnwood Rustic Nightstand with Barn Door and Drawers Living Room Bedroom Gray,2038710,,,TN,,,Stewart,37175,Marketplace value,142.66,110.49,19.50,15.00,129.99,0.00,0.00,0.00,0.00,0.00,0.00,0.00,0.00,0.00,0.00,0,0.00,0.00,0.00,0.00,12.67,0.00,0.00,0.00,0.00,0.00,0.00,0.00,0.00,0.00,0.00,0.00,0.00,12.67,Y,,,,-19.50,Furniture,Furniture & Decor,Nightstands,BSE-82-2.0,,,N,Seller Fulfilled,Delivery,,0.00,,,,
200011927886381,2,108919875070891,1,,SALE,07/15/2024,1,JGWLMB035BK,06976391068094,Tolead Outdoor Rolling Wicker Bar Cart Patio Rattan Wicker Table with Cabinet Storage Glass Countertop and Spice Rack for Pool Party Backyard,2038710,,,NC,,,Charlotte,28213,Marketplace value,171.59,135.99,24.00,15.00,159.99,0.00,0.00,0.00,0.00,0.00,0.00,0.00,0.00,0.00,0.00,0,0.00,0.00,0.00,0.00,11.60,0.00,0.00,0.00,0.00,0.00,0.00,0.00,0.00,0.00,0.00,0.00,0.00,11.60,Y,,,,-24.00,Garden & Patio,Home & Garden,Kitchen Serving Carts,BSE-83-3.0,,,N,Seller Fulfilled,Delivery,,0.00,,,,
200011919086254,1,108919771320371,1,,SALE,07/14/2024,1,TLH002NL,06973813983966,Tolead 48 Heavy-Duty Adjustable Workbench Rubber Wood Shop Table Workstation,2038710,,,IL,,,Naperville,60540,Marketplace value,155.14,122.38,21.60,15.00,143.98,0.00,0.00,0.00,0.00,0.00,0.00,0.00,0.00,0.00,0.00,0,0.00,0.00,0.00,0.00,11.16,0.00,0.00,0.00,0.00,0.00,0.00,0.00,0.00,0.00,0.00,0.00,0.00,11.16,Y,,,,-21.60,Tools & Hardware Other,Tools & Home Improvement,Workbenches,BSE-61-16.0,,,N,Seller Fulfilled,Delivery,,0.00,,,,New
200011916082149,1,108920494660488,1,,SALE,07/21/2024,1,JGWLMA046ES,06976391064133,Tolead 2Pcs 24 x-Back Swivel Bar Stools with Cushioned Seat Backrest Solid Wood Top Brown,2038710,,,MI,,,Monroe,48161,Marketplace value,158.99,127.49,22.50,15.00,149.99,0.00,0.00,0.00,0.00,0.00,0.00,0.00,0.00,0.00,0.00,0,0.00,0.00,0.00,0.00,9.00,0.00,0.00,0.00,0.00,0.00,0.00,0.00,0.00,0.00,0.00,0.00,0.00,9.00,Y,,,,-22.50,Furniture,Furniture & Decor,Bar Stools,BSE-82-2.0,,,N,Seller Fulfilled,Delivery,,0.00,,,,
200011916082149,1,108920494660488,1,,REFUNDED,07/25/2024,1,JGWLMA046ES,06976391064133,Tolead 2Pcs 24 x-Back Swivel Bar Stools with Cushioned Seat Backrest Solid Wood Top Brown,2038710,,,,,,Monroe,48161,,-158.99,-127.49,-22.50,0.00,0.00,-149.99,0.00,0.00,0.00,0.00,0.00,0.00,0.00,0.00,0.00,0,0.00,0.00,0.00,0.00,0.00,0.00,0.00,0.00,0.00,-9.00,0.00,0.00,0.00,0.00,0.00,0.00,0.00,-9.00,Y,Return Refund,5010,,,Furniture,Furniture & Decor,,,1000,No Longer Wanted,N,Seller Fulfilled,,,,,,,
200011911287442,1,108917181023334,1,,ADJMNT,07/14/2024,1,BPK002SL,06976391064126,Tolead Raised Toilet Seat with Handles Adjustable Bedside Commode Width w/Side Pocket,2038710,,,AL,,,Jasper,35503,Marketplace value,0.00,-8.89,0.00,0.00,0.00,0.00,0.00,0.00,0.00,0.00,0.00,0.00,0.00,0.00,0.00,0,0.00,0.00,0.00,0.00,0.00,0.00,0.00,0.00,0.00,0.00,0.00,0.00,0.00,0.00,0.00,0.00,0.00,0.00,Y,Walmart Return Shipping Charge,5013,,,Medicine & Supplements,Home & Garden,,,,,N,Seller Fulfilled,,,,,,,
200011910892450,2,108919876963178,1,,SALE,07/15/2024,1,NFP012GR,06973813987711,Tolead 6pcs Adjustable Orthopedic Bed Wedge Pillow Set Sleeping Sitting Pillow Gray,2039972,,,AR,,,Magazine,72943,Marketplace value,108.49,84.99,15.00,15.00,99.99,0.00,0.00,0.00,0.00,0.00,0.00,0.00,0.00,0.00,0.00,0,0.00,0.00,0.00,0.00,8.50,0.00,0.00,0.00,0.00,0.00,0.00,0.00,0.00,0.00,0.00,0.00,0.00,8.50,Y,,,,-15.00,Bedding,Home & Garden,Wedge Pillows,BSE-67-9.0,,,N,Seller Fulfilled,Delivery,,0.00,,,,New
200011908393412,2,108919773926718,1,,SALE,07/14/2024,1,TLH010NL,06973813987445,Tolead 48 Heavy-Duty Adjustable Workbench with Power Outlets Rubber Wood Shop Table Workstation,2038710,,,ND,,,Carrington,58421,Marketplace value,168.51,133.87,23.62,15.00,157.49,0.00,0.00,0.00,0.00,0.00,0.00,0.00,0.00,0.00,0.00,0,0.00,0.00,0.00,0.00,11.02,0.00,0.00,0.00,0.00,0.00,0.00,0.00,0.00,0.00,0.00,0.00,0.00,11.02,Y,,,,-23.62,Tools & Hardware Other,Tools & Home Improvement,Workbenches,BSE-61-16.0,,,N,Seller Fulfilled,Delivery,,0.00,,,,
200011904249525,1,108919669783595,1,,SALE,07/14/2024,1,NFP014BU,06973813986561,Tolead 5pcs Adjustable Orthopedic Bed Wedge Pillow Set Blue,2039972,,,VA,,,Galax,24333,Marketplace standard,90.55,76.49,13.50,15.00,85.99,0.00,0.00,0.00,0.00,0.00,0.00,0.00,0.00,0.00,0.00,0,0.00,0.00,0.00,0.00,4.56,0.00,0.00,0.00,0.00,0.00,0.00,0.00,0.00,0.00,0.00,0.00,0.00,4.56,Y,,,89.99,-13.50,Bedding,Home & Garden,Wedge Pillows,BSE-67-9.0,,,N,Seller Fulfilled,Delivery,,0.00,,-4.00,WM_DISC,
200011903078933,1,108919876622743,1,,SALE,07/15/2024,1,NFN051NL,06976391060470,Tolead Rattan Low Profile TV Stands with Sliding Doors up to 65 TV Natural,2038710,,,OH,,,Columbus,43201,Marketplace standard,102.11,91.79,16.20,15.00,94.99,0.00,0.00,0.00,0.00,0.00,0.00,0.00,0.00,0.00,0.00,0,0.00,0.00,0.00,0.00,7.12,0.00,0.00,0.00,0.00,0.00,0.00,0.00,0.00,0.00,0.00,0.00,0.00,7.12,Y,,,107.99,-16.20,Furniture,Furniture & Decor,Television Stands,BSE-82-2.0,,,N,Seller Fulfilled,Delivery,,0.00,,-13.00,WM_DISC,
200011891936708,2,108920711563567,1,,SALE,07/24/2024,1,NFN069BK,06973813988671,Tolead Metal Fish Aquarium Tank Stand with Cabinet Accessories Storage 18.9 D x 36.6 W Tabletop Black,2038710,,,GA,,,Mableton,30126,Marketplace value,127.19,101.99,18.00,15.00,119.99,0.00,0.00,0.00,0.00,0.00,0.00,0.00,0.00,0.00,0.00,0,0.00,0.00,0.00,0.00,7.20,0.00,0.00,0.00,0.00,0.00,0.00,0.00,0.00,0.00,0.00,0.00,0.00,7.20,Y,,,,-18.00,Furniture,Furniture & Decor,Aquarium Stands,BSE-51-11.0,,,N,Seller Fulfilled,Delivery,,0.00,,,,
200011891931316,1,108920083435770,1,,SALE,07/17/2024,1,NFN017NL,06973813988381,Tolead 2Pcs Rattan Nightstand Set Boho Side Table with Handmade Rattan Decorated Drawer Natural,2038710,,,ME,,,Brunswick,04011,Marketplace value,126.59,101.99,18.00,15.00,119.99,0.00,0.00,0.00,0.00,0.00,0.00,0.00,0.00,0.00,0.00,0,0.00,0.00,0.00,0.00,6.60,0.00,0.00,0.00,0.00,0.00,0.00,0.00,0.00,0.00,0.00,0.00,0.00,6.60,Y,,,,-18.00,Furniture,Furniture & Decor,Nightstands,BSE-82-2.0,,,N,Seller Fulfilled,Delivery,,0.00,,,,
200011879047876,1,108917593368812,2,,REFUNDED,06/25/2024,1,NFN056NL-WL,06976391060005,Tolead Wood Sideboard Buffet Cabinet with Storage Rattan Doors Rustic Modern Kitchen Shelf,2038710,,,,,,Warrington,18976,,-95.38,-76.49,-13.50,0.00,0.00,-89.99,0.00,0.00,0.00,0.00,0.00,0.00,0.00,0.00,0.00,0,0.00,0.00,0.00,0.00,0.00,0.00,0.00,0.00,0.00,-5.39,0.00,0.00,0.00,0.00,0.00,0.00,0.00,-5.39,Y,Return Refund,5010,,,Furniture,Furniture & Decor,,,1000,No Longer Wanted,N,Seller Fulfilled,,,,,,,New
