Walmart.com Order #,Walmart.com Order Line #,Walmart.com PO #,Walmart.com P.O. Line #,Partner Order #,Transaction Type,Transaction Date Time,Shipped Qty,Partner Item ID,Partner GTIN,Partner Item name,Product tax code,Shipping tax code,Gift wrap tax code,Ship to state,Ship to county,County Code,Ship to city,Zip code,shipping_method,Total tender to / from customer,Payable to Partner from Sale,Commission from Sale,Commission Rate,Gross Sales Revenue,Refunded Retail Sales,Sales refund for Escalation,Gross Shipping Revenue,Gross Shipping Refunded,Shipping refund for Escalation,Net Shipping Revenue,Gross Fee Revenue,Gross Fee Refunded,Fee refund for Escalation,Net Fee Revenue,Gift Wrap Quantity,Gross Gift-Wrap Revenue,Gross Gift-Wrap Refunded,Gift wrap refund for Escalation,Net Gift Wrap Revenue,Tax on Sales Revenue,Tax on Shipping Revenue,Tax on Gift-Wrap Revenue,Tax on Fee Revenue,Effective tax rate,Tax on Refunded Sales,Tax on Shipping Refund,Tax on Gift-Wrap Refund,Tax on Fee Refund,Tax on Sales refund for Escalation,Tax on Shipping Refund for Escalation,Tax on Gift-Wrap Refund for escalation,Tax on Fee Refund for escalation,Total NET Tax Collected,Tax Withheld,Adjustment Description,Adjustment Code,Original Item price,Original Commission Amount,Spec Category,Contract Category,Product Type,Flex Commission Rule,Return Reason Code,Return Reason Description,Fee Withheld Flag,Fulfillment Type,Fulfillment Details,Commission Incentive Program,Commission Saving,Customer Promo Type,Total Walmart Funded Savings,Total Walmart Funded Savings Program,Item Condition
200012372614821,1,108917385395034,1,,REFUNDED,07/11/2024,1,NFN017NL,06973813988381,Tolead 2Pcs Rattan Nightstand Set Boho Side Table with Handmade Rattan Decorated Drawer Natural,2038710,,,,,,Medford,02155,,-127.49,-101.99,-18.00,0.00,0.00,-119.99,0.00,0.00,0.00,0.00,0.00,0.00,0.00,0.00,0.00,0,0.00,0.00,0.00,0.00,0.00,0.00,0.00,0.00,0.00,-7.50,0.00,0.00,0.00,0.00,0.00,0.00,0.00,-7.50,Y,Return Refund,5010,,,Furniture,Furniture & Decor,,,1041,Difficult to setup/not compatible,N,Seller Fulfilled,,,,,,,
200012349732465,1,108918430699211,1,,SALE,07/01/2024,1,NFN002NL,06973813984277,Tolead Rattan Nightstand Boho Side Table with Handmade Rattan Decorated Drawer Bedroom Living Room Natural,2038710,,,OR,,,Portland,97203,Marketplace standard,61.99,52.69,9.30,15.00,61.99,0.00,0.00,0.00,0.00,0.00,0.00,0.00,0.00,0.00,0.00,0,0.00,0.00,0.00,0.00,0.00,0.00,0.00,0.00,0.00,0.00,0.00,0.00,0.00,0.00,0.00,0.00,0.00,0.00,N,,,,-9.30,Furniture,Furniture & Decor,Nightstands,BSE-82-2.0,,,N,Seller Fulfilled,Delivery,,0.00,,,,
200012349451112,1,108918637312231,1,,SALE,07/03/2024,1,NFN056NL-WL,06976391060005,Tolead Wood Sideboard Buffet Cabinet with Storage Rattan Doors Rustic Modern Kitchen Shelf,2038710,,,IL,,,Chicago,60613,Marketplace value,99.21,76.49,13.50,15.00,89.99,0.00,0.00,0.00,0.00,0.00,0.00,0.00,0.00,0.00,0.00,0,0.00,0.00,0.00,0.00,9.22,0.00,0.00,0.00,0.00,0.00,0.00,0.00,0.00,0.00,0.00,0.00,0.00,9.22,Y,,,,-13.50,Furniture,Furniture & Decor,Credenzas & Sideboards,BSE-82-2.0,,,N,Seller Fulfilled,Delivery,,0.00,,,,New
200012315232402,16,108918636342763,1,,SALE,07/03/2024,1,JGWLMC007GD,06976391061422,Tolead 3-in-1 Convertible Baby High Chair with 2-Level Height Adjustable Legs 3-Level Adjustable Tray for Babies and Toddlers Baby Highchair with 5-Point Safety Belt & Footrest Dark Gray,2038710,,,TN,,,Nashville,37206,Marketplace value,68.81,53.53,9.45,15.00,62.98,0.00,0.00,0.00,0.00,0.00,0.00,0.00,0.00,0.00,0.00,0,0.00,0.00,0.00,0.00,5.83,0.00,0.00,0.00,0.00,0.00,0.00,0.00,0.00,0.00,0.00,0.00,0.00,5.83,Y,,,,-9.45,Baby Furniture,Baby,Baby Feeding Chairs,BSE-48-11.0,,,N,Seller Fulfilled,Delivery,,0.00,,,,
200012314794401,3,108918841816840,1,,SALE,07/04/2024,1,NFN002NL,06973813984277,Tolead Rattan Nightstand Boho Side Table with Handmade Rattan Decorated Drawer Bedroom Living Room Natural,2038710,,,FL,,,Trenton,32693,Marketplace value,66.33,52.69,9.30,15.00,61.99,0.00,0.00,0.00,0.00,0.00,0.00,0.00,0.00,0.00,0.00,0,0.00,0.00,0.00,0.00,4.34,0.00,0.00,0.00,0.00,0.00,0.00,0.00,0.00,0.00,0.00,0.00,0.00,4.34,Y,,,,-9.30,Furniture,Furniture & Decor,Nightstands,BSE-82-2.0,,,N,Seller Fulfilled,Delivery,,0.00,,,,
200012289706499,1,108919464183667,1,,SALE,07/11/2024,1,PTB002WH,06973813984260,Tolead Wooden Hidden Cat Litter Box Enclosure with Drawer and Shelf White,2038710,,,MI,,,Northville,48167,Marketplace value,79.49,67.99,12.00,15.00,74.99,0.00,0.00,0.00,0.00,0.00,0.00,0.00,0.00,0.00,0.00,0,0.00,0.00,0.00,0.00,4.50,0.00,0.00,0.00,0.00,0.00,0.00,0.00,0.00,0.00,0.00,0.00,0.00,4.50,Y,,,79.99,-12.00,Furniture,Pet Supplies,Cat Litter Boxes,BSE-53-12.0,,,N,Seller Fulfilled,Delivery,,0.00,,-5.00,WM_DISC,
200012259082444,1,108918637904970,1,,SALE,07/03/2024,1,PTB003SL,06973813984246,Tolead Large Metal Chicken Coop Upgrade Tri-Supporting Wire Mesh Chicken RunChicken Pen with Water-Resident and Anti-UV CoverDuck Rabbit House Outdoor,2038710,,,UT,,,Roy,84067,Marketplace value,213.42,169.99,30.00,15.00,198.99,0.00,0.00,0.00,0.00,0.00,0.00,0.00,0.00,0.00,0.00,0,0.00,0.00,0.00,0.00,14.43,0.00,0.00,0.00,0.00,0.00,0.00,0.00,0.00,0.00,0.00,0.00,0.00,14.43,Y,,,199.99,-30.00,Animal Other,Pet Supplies,Chicken Coops,BSE-53-12.0,,,N,Seller Fulfilled,Delivery,,0.00,,-1.00,WM_DISC,New
200012258309532,2,108918740178134,1,,SALE,07/04/2024,1,BPK002SL,06976391064126,Tolead Raised Toilet Seat with Handles Adjustable Bedside Commode Width w/Side Pocket,2038710,,,CO,,,Grand Junction,81503,Marketplace value,73.68,63.69,6.30,9.00,69.99,0.00,0.00,0.00,0.00,0.00,0.00,0.00,0.00,0.00,0.00,0,0.00,0.00,0.00,0.00,3.69,0.00,0.00,0.00,0.00,0.00,0.00,0.00,0.00,0.00,0.00,0.00,0.00,3.69,Y,,,,-10.50,Medicine & Supplements,Home & Garden,Toilet Seats,SCE-19940_19850,,,N,Seller Fulfilled,Delivery,Others,4.20,,,,
200012258107154,1,108918534845173,1,,SALE,07/02/2024,1,NFN022NL,06973813986493,Tolead Rattan Mid-Century Modern Nightstand Set with Handmade Rattan Decorated Drawer and Door Bedroom Living Room Natural,2038710,,,TN,,,MT Juliet,37122,Marketplace value,70.23,54.39,9.60,15.00,63.99,0.00,0.00,0.00,0.00,0.00,0.00,0.00,0.00,0.00,0.00,0,0.00,0.00,0.00,0.00,6.24,0.00,0.00,0.00,0.00,0.00,0.00,0.00,0.00,0.00,0.00,0.00,0.00,6.24,Y,,,,-9.60,Furniture,Furniture & Decor,Nightstands,BSE-82-2.0,,,N,Seller Fulfilled,Delivery,,0.00,,,,New
200012256007062,1,108919047975942,1,,SALE,07/07/2024,1,NFP014BG,06973813986578,Tolead 5Pcs Bed Wedge Pillow Set Sit up Pillow Recovery Health Acid Reflux Comfort Memory Foam Beige,2039972,,,WI,,,La Crosse,54603,Marketplace value,85.44,68.84,12.15,15.00,80.99,0.00,0.00,0.00,0.00,0.00,0.00,0.00,0.00,0.00,0.00,0,0.00,0.00,0.00,0.00,4.45,0.00,0.00,0.00,0.00,0.00,0.00,0.00,0.00,0.00,0.00,0.00,0.00,4.45,Y,,,,-12.15,Bedding,Home & Garden,Wedge Pillows,BSE-67-9.0,,,N,Seller Fulfilled,Delivery,,0.00,,,,
200012255894020,1,108919358294275,1,,SALE,07/10/2024,1,TLH001NL,06973813983973,Tolead 48 Heavy-Duty Adjustable Workbench Rubber Wood Shop Table Metal Wheels Workstation,2038710,,,WI,,,Oregon,53575,Marketplace value,161.39,130.03,22.95,15.00,152.98,0.00,0.00,0.00,0.00,0.00,0.00,0.00,0.00,0.00,0.00,0,0.00,0.00,0.00,0.00,8.41,0.00,0.00,0.00,0.00,0.00,0.00,0.00,0.00,0.00,0.00,0.00,0.00,8.41,Y,,,,-22.95,Tools & Hardware Other,Tools & Home Improvement,Workbenches,BSE-61-16.0,,,N,Seller Fulfilled,Delivery,,0.00,,,,New
200012254233221,1,108919256245787,1,,SALE,07/09/2024,1,NFN014WH,06973813985496,Tolead Single Tilt Out Trash Cabinet with Hideaway Drawer Coffee 10 Gallon White,2038710,,,MD,,,Cambridge,21613,Marketplace value,116.59,93.49,16.50,15.00,109.99,0.00,0.00,0.00,0.00,0.00,0.00,0.00,0.00,0.00,0.00,0,0.00,0.00,0.00,0.00,6.60,0.00,0.00,0.00,0.00,0.00,0.00,0.00,0.00,0.00,0.00,0.00,0.00,6.60,Y,,,,-16.50,Home Decor  Kitchen  & Other,Furniture & Decor,Cabinets,BSE-82-2.0,,,N,Seller Fulfilled,Delivery,,0.00,,,,New
200012252435273,1,108919048911119,1,,SALE,07/07/2024,1,TLH013NL,06976391060364,Tolead 60 Heavy-Duty Adjustable Workbench with Power Outlets Rubber Wood Shop Table Metal Wheels Workstation,2038710,,,CT,,,New Fairfield,06812,Marketplace standard,220.12,175.93,31.05,15.00,206.98,0.00,0.00,0.00,0.00,0.00,0.00,0.00,0.00,0.00,0.00,0,0.00,0.00,0.00,0.00,13.14,0.00,0.00,0.00,0.00,0.00,0.00,0.00,0.00,0.00,0.00,0.00,0.00,13.14,Y,,,,-31.05,Tools & Hardware Other,Tools & Home Improvement,Workbenches,BSE-61-16.0,,,N,Seller Fulfilled,Delivery,,0.00,,,,
200012229259715,2,108918944559991,1,,SALE,07/05/2024,1,NFN019NL,06973813985595,Tolead Rattan Nightstand with Charging Station Boho Side Table with Handmade Rattan Decorated Door Bedroom Living Room Natural,2038710,,,NC,,,Hope Mills,28348,Marketplace value,72.21,57.37,10.12,15.00,67.49,0.00,0.00,0.00,0.00,0.00,0.00,0.00,0.00,0.00,0.00,0,0.00,0.00,0.00,0.00,4.72,0.00,0.00,0.00,0.00,0.00,0.00,0.00,0.00,0.00,0.00,0.00,0.00,4.72,Y,,,,-10.12,Furniture,Furniture & Decor,Nightstands,BSE-82-2.0,,,N,Seller Fulfilled,Delivery,,0.00,,,,New
200012227014616,2,108918946480719,1,,SALE,07/07/2024,1,TLH013NL,06976391060364,Tolead 60 Heavy-Duty Adjustable Workbench with Power Outlets Rubber Wood Shop Table Metal Wheels Workstation,2038710,,,TX,,,Angleton,77515,Marketplace value,220.95,175.93,31.05,15.00,206.98,0.00,0.00,0.00,0.00,0.00,0.00,0.00,0.00,0.00,0.00,0,0.00,0.00,0.00,0.00,13.97,0.00,0.00,0.00,0.00,0.00,0.00,0.00,0.00,0.00,0.00,0.00,0.00,13.97,Y,,,,-31.05,Tools & Hardware Other,Tools & Home Improvement,Workbenches,BSE-61-16.0,,,N,Seller Fulfilled,Delivery,,0.00,,,,
200012224908980,1,108918225077023,1,,SALE,06/30/2024,1,NFN026NL,06973813988411,Tolead 2Pcs Rattan Nightstand with Charging Station Boho Side Table with Handmade Rattan Decorated Door Bedroom Living Room Natural,2038710,,,SC,,,Murrells Inlet,29576,Marketplace value,140.39,110.49,19.50,15.00,129.99,0.00,0.00,0.00,0.00,0.00,0.00,0.00,0.00,0.00,0.00,0,0.00,0.00,0.00,0.00,10.40,0.00,0.00,0.00,0.00,0.00,0.00,0.00,0.00,0.00,0.00,0.00,0.00,10.40,Y,,,,-19.50,Furniture,Furniture & Decor,Nightstands,BSE-82-2.0,,,N,Seller Fulfilled,Delivery,,0.00,,,,
200012224614485,1,108919153029543,1,,SALE,07/08/2024,1,JGWLMC003GN,06973813983881,Tolead 3-in-1 Convertible Baby High Chair with 2-Level Height Adjustable Legs 3-Level Adjustable Tray for Babies and Toddlers Baby Highchair with 5-Point Safety Belt & Footrest Green,2038710,,,AR,,,Ash Flat,72513,Marketplace value,69.04,53.53,9.45,15.00,62.98,0.00,0.00,0.00,0.00,0.00,0.00,0.00,0.00,0.00,0.00,0,0.00,0.00,0.00,0.00,6.06,0.00,0.00,0.00,0.00,0.00,0.00,0.00,0.00,0.00,0.00,0.00,0.00,6.06,Y,,,,-9.45,Baby Furniture,Baby,Baby Feeding Chairs,BSE-48-11.0,,,N,Seller Fulfilled,Delivery,,0.00,,,,New
200012223535705,4,108918739090400,1,,SALE,07/03/2024,1,NFP012GR,06973813987711,Tolead 6pcs Adjustable Orthopedic Bed Wedge Pillow Set Sleeping Sitting Pillow Gray,2039972,,,KY,,,Lexington,40504,Marketplace value,105.99,84.99,15.00,15.00,99.99,0.00,0.00,0.00,0.00,0.00,0.00,0.00,0.00,0.00,0.00,0,0.00,0.00,0.00,0.00,6.00,0.00,0.00,0.00,0.00,0.00,0.00,0.00,0.00,0.00,0.00,0.00,0.00,6.00,Y,,,,-15.00,Bedding,Home & Garden,Wedge Pillows,BSE-67-9.0,,,N,Seller Fulfilled,Delivery,,0.00,,,,New
200012223341394,1,108918741278949,1,,SALE,07/04/2024,1,NFJ002GR,06973813984550,Tolead Convertible Folding Sleeper Sofa Chair Bed with Adjustable Backrest Reading Bedroom Living Room,2038710,,,MD,,,Silver Spring,20910,Marketplace standard,234.25,188.88,32.11,14.53,220.99,0.00,0.00,0.00,0.00,0.00,0.00,0.00,0.00,0.00,0.00,0,0.00,0.00,0.00,0.00,13.26,0.00,0.00,0.00,0.00,0.00,0.00,0.00,0.00,0.00,0.00,0.00,0.00,13.26,Y,,,,-32.11,Furniture,Furniture & Decor,Sofas & Couches,BSE-82-2.0,,,N,Seller Fulfilled,Delivery,,0.00,,,,
200012220145895,1,108918224392040,1,,SALE,06/30/2024,1,NFK001GR,08711777064639,Tolead 2Pcs 24 X-Back 360&reg; Swivel Bar Stools with PVC Cushioned Seat Backrest Solid wood Top Gray,2038710,,,IN,,,Batesville,47006,Marketplace value,160.49,127.49,22.50,15.00,149.99,0.00,0.00,0.00,0.00,0.00,0.00,0.00,0.00,0.00,0.00,0,0.00,0.00,0.00,0.00,10.50,0.00,0.00,0.00,0.00,0.00,0.00,0.00,0.00,0.00,0.00,0.00,0.00,10.50,Y,,,,-22.50,Furniture,Furniture & Decor,Bar Stools,BSE-82-2.0,,,N,Seller Fulfilled,Delivery,,0.00,,,,
200012215375487,1,108919567960273,1,,SALE,07/12/2024,1,BPK002SL,06976391064126,Tolead Raised Toilet Seat with Handles Adjustable Bedside Commode Width w/Side Pocket,2038710,,,OH,,,LIMA,45801,Marketplace standard,74.78,63.69,6.30,9.00,69.99,0.00,0.00,0.00,0.00,0.00,0.00,0.00,0.00,0.00,0.00,0,0.00,0.00,0.00,0.00,4.79,0.00,0.00,0.00,0.00,0.00,0.00,0.00,0.00,0.00,0.00,0.00,0.00,4.79,Y,,,,-10.50,Medicine & Supplements,Home & Garden,Toilet Seats,SCE-19850_19940,,,N,Seller Fulfilled,Delivery,Others,4.20,,,,
200012205853580,1,108918844087181,1,,SALE,07/05/2024,1,TLH013NL,06976391060364,Tolead 60 Heavy-Duty Adjustable Workbench with Power Outlets Rubber Wood Shop Table Metal Wheels Workstation,2038710,,,TX,,,Spicewood,78669,Marketplace value,224.06,175.93,31.05,15.00,206.98,0.00,0.00,0.00,0.00,0.00,0.00,0.00,0.00,0.00,0.00,0,0.00,0.00,0.00,0.00,17.08,0.00,0.00,0.00,0.00,0.00,0.00,0.00,0.00,0.00,0.00,0.00,0.00,17.08,Y,,,,-31.05,Tools & Hardware Other,Tools & Home Improvement,Workbenches,BSE-61-16.0,,,N,Seller Fulfilled,Delivery,,0.00,,,,
200012202600065,2,108918325472443,1,,SALE,06/30/2024,1,JGWLMC015WH,08711777064622,Tolead Teddy Upholstered Accent Nursery Rocking Chair with Pockets & Adjustable Soft Cushion Beige,2038710,,,NV,,,Las Vegas,89123,Marketplace standard,173.39,135.99,24.00,15.00,159.99,0.00,0.00,0.00,0.00,0.00,0.00,0.00,0.00,0.00,0.00,0,0.00,0.00,0.00,0.00,13.40,0.00,0.00,0.00,0.00,0.00,0.00,0.00,0.00,0.00,0.00,0.00,0.00,13.40,Y,,,,-24.00,Furniture,Furniture & Decor,Rocking Chairs,BSE-82-2.0,,,N,Seller Fulfilled,Delivery,,0.00,,,,
200012197517231,1,108919461190192,1,,SALE,07/10/2024,1,NFN051NL,06976391060470,Tolead Rattan Low Profile TV Stands with Sliding Doors up to 65 TV Natural,2038710,,,NC,,,Morrisville,27560,Marketplace value,115.82,91.79,16.20,15.00,107.99,0.00,0.00,0.00,0.00,0.00,0.00,0.00,0.00,0.00,0.00,0,0.00,0.00,0.00,0.00,7.83,0.00,0.00,0.00,0.00,0.00,0.00,0.00,0.00,0.00,0.00,0.00,0.00,7.83,Y,,,,-16.20,Furniture,Furniture & Decor,Television Stands,BSE-82-2.0,,,N,Seller Fulfilled,Delivery,,0.00,,,,
200012195333860,1,108918429500707,1,,SALE,06/30/2024,1,NFN019NL,06973813985595,Tolead Rattan Nightstand with Charging Station Boho Side Table with Handmade Rattan Decorated Door Bedroom Living Room Natural,2038710,,,UT,,,Neola,84053,Marketplace value,71.78,57.37,10.12,15.00,67.49,0.00,0.00,0.00,0.00,0.00,0.00,0.00,0.00,0.00,0.00,0,0.00,0.00,0.00,0.00,4.29,0.00,0.00,0.00,0.00,0.00,0.00,0.00,0.00,0.00,0.00,0.00,0.00,4.29,Y,,,,-10.12,Furniture,Furniture & Decor,Nightstands,BSE-82-2.0,,,N,Seller Fulfilled,Delivery,,0.00,,,,New
200012192249310,1,108919256033086,1,,SALE,07/09/2024,1,NFP012GR,06973813987711,Tolead 6pcs Adjustable Orthopedic Bed Wedge Pillow Set Sleeping Sitting Pillow Gray,2039972,,,NC,,,Jacksonville,28546,Marketplace value,96.29,76.49,13.50,15.00,89.99,0.00,0.00,0.00,0.00,0.00,0.00,0.00,0.00,0.00,0.00,0,0.00,0.00,0.00,0.00,6.30,0.00,0.00,0.00,0.00,0.00,0.00,0.00,0.00,0.00,0.00,0.00,0.00,6.30,Y,,,,-13.50,Bedding,Home & Garden,Wedge Pillows,BSE-67-9.0,,,N,Seller Fulfilled,Delivery,,0.00,,,,New
200012192249310,1,108919256033086,2,,SALE,07/09/2024,1,NFP012GR,06973813987711,Tolead 6pcs Adjustable Orthopedic Bed Wedge Pillow Set Sleeping Sitting Pillow Gray,2039972,,,NC,,,Jacksonville,28546,Marketplace value,96.29,76.49,13.50,15.00,89.99,0.00,0.00,0.00,0.00,0.00,0.00,0.00,0.00,0.00,0.00,0,0.00,0.00,0.00,0.00,6.30,0.00,0.00,0.00,0.00,0.00,0.00,0.00,0.00,0.00,0.00,0.00,0.00,6.30,Y,,,,-13.50,Bedding,Home & Garden,Wedge Pillows,BSE-67-9.0,,,N,Seller Fulfilled,Delivery,,0.00,,,,New
200012192246268,1,108919050293150,1,,SALE,07/07/2024,1,JGWLMC003GN,06973813983881,Tolead 3-in-1 Convertible Baby High Chair with 2-Level Height Adjustable Legs 3-Level Adjustable Tray for Babies and Toddlers Baby Highchair with 5-Point Safety Belt & Footrest Green,2038710,,,TX,,,Fort Worth,76134,Marketplace value,68.18,53.53,9.45,15.00,62.98,0.00,0.00,0.00,0.00,0.00,0.00,0.00,0.00,0.00,0.00,0,0.00,0.00,0.00,0.00,5.20,0.00,0.00,0.00,0.00,0.00,0.00,0.00,0.00,0.00,0.00,0.00,0.00,5.20,Y,,,,-9.45,Baby Furniture,Baby,Baby Feeding Chairs,BSE-48-11.0,,,N,Seller Fulfilled,Delivery,,0.00,,,,New
200012192098988,1,108918226342580,1,,SALE,06/30/2024,1,JGWLMA025GR,06973813988213,Tolead Single Tilt Out Trash Cabinet with Hideaway Drawer Coffee 10 Gallon Gray,2038710,,,TX,,,Waco,76705,Marketplace standard,119.06,93.49,16.50,15.00,109.99,0.00,0.00,0.00,0.00,0.00,0.00,0.00,0.00,0.00,0.00,0,0.00,0.00,0.00,0.00,9.07,0.00,0.00,0.00,0.00,0.00,0.00,0.00,0.00,0.00,0.00,0.00,0.00,9.07,Y,,,,-16.50,Furniture,Furniture & Decor,Cabinets,BSE-82-2.0,,,N,Walmart-fulfilled(WFS),Delivery,,0.00,,,,
200012192098988,1,108918226342580,1,,ADJMNT,06/30/2024,1,JGWLMA025GR,06973813988213,Tolead Single Tilt Out Trash Cabinet with Hideaway Drawer Coffee 10 Gallon Gray,2038710,,,TX,,,Waco,76705,Marketplace standard,0.00,-15.35,15.35,0.00,0.00,0.00,0.00,0.00,0.00,0.00,0.00,0.00,0.00,0.00,0.00,0,0.00,0.00,0.00,0.00,0.00,0.00,0.00,0.00,0.00,0.00,0.00,0.00,0.00,0.00,0.00,0.00,0.00,0.00,Y,WFS Fulfillment fee,5041,,,Furniture,Furniture & Decor,,,,,N,Walmart-fulfilled(WFS),,,,,,,
200012190296995,1,108918532842378,1,,ADJMNT,07/02/2024,1,NFP012GR,06973813987711,Tolead 6pcs Adjustable Orthopedic Bed Wedge Pillow Set Sleeping Sitting Pillow Gray,2039972,,,CT,,,Southbury,06488,Marketplace standard,0.00,-14.95,14.95,0.00,0.00,0.00,0.00,0.00,0.00,0.00,0.00,0.00,0.00,0.00,0.00,0,0.00,0.00,0.00,0.00,0.00,0.00,0.00,0.00,0.00,0.00,0.00,0.00,0.00,0.00,0.00,0.00,0.00,0.00,Y,WFS Fulfillment fee,5041,,,Bedding,Home & Garden,,,,,N,Walmart-fulfilled(WFS),,,,,,,New
200012190296995,1,108918532842378,1,,SALE,07/02/2024,1,NFP012GR,06973813987711,Tolead 6pcs Adjustable Orthopedic Bed Wedge Pillow Set Sleeping Sitting Pillow Gray,2039972,,,CT,,,Southbury,06488,Marketplace standard,106.34,84.99,15.00,15.00,99.99,0.00,0.00,0.00,0.00,0.00,0.00,0.00,0.00,0.00,0.00,0,0.00,0.00,0.00,0.00,6.35,0.00,0.00,0.00,0.00,0.00,0.00,0.00,0.00,0.00,0.00,0.00,0.00,6.35,Y,,,,-15.00,Bedding,Home & Garden,Wedge Pillows,BSE-67-9.0,,,N,Walmart-fulfilled(WFS),Delivery,,0.00,,,,New
200012188960103,1,108918737361016,1,,SALE,07/05/2024,1,NFP003GR-WL,06973813983768,Tolead 5pcs Orthopedic Washable Bed Wedge Pillow Set Adjustable Acid Reflux Reading Recovery Health Surgery,2039972,,,VA,,,Onley,23418,Marketplace standard,90.55,76.49,13.50,15.00,85.99,0.00,0.00,0.00,0.00,0.00,0.00,0.00,0.00,0.00,0.00,0,0.00,0.00,0.00,0.00,4.56,0.00,0.00,0.00,0.00,0.00,0.00,0.00,0.00,0.00,0.00,0.00,0.00,4.56,Y,,,89.99,-13.50,Bedding,Home & Garden,Wedge Pillows,BSE-67-9.0,,,N,Walmart-fulfilled(WFS),Delivery,,0.00,,-4.00,WM_DISC,
200012188960103,1,108918737361016,1,,ADJMNT,07/06/2024,1,NFP003GR-WL,06973813983768,Tolead 5pcs Orthopedic Washable Bed Wedge Pillow Set Adjustable Acid Reflux Reading Recovery Health Surgery,2039972,,,VA,,,Onley,23418,Marketplace standard,0.00,-14.55,14.55,0.00,0.00,0.00,0.00,0.00,0.00,0.00,0.00,0.00,0.00,0.00,0.00,0,0.00,0.00,0.00,0.00,0.00,0.00,0.00,0.00,0.00,0.00,0.00,0.00,0.00,0.00,0.00,0.00,0.00,0.00,Y,WFS Fulfillment fee,5041,89.99,,Bedding,Home & Garden,,,,,N,Walmart-fulfilled(WFS),,,,,,,
200012181513856,1,108918327547933,1,,SALE,06/30/2024,1,NFN056NL-WL,06976391060005,Tolead Wood Sideboard Buffet Cabinet with Storage Rattan Doors Rustic Modern Kitchen Shelf,2038710,,,RI,,,West Warwick,02893,Marketplace standard,96.29,76.49,13.50,15.00,89.99,0.00,0.00,0.00,0.00,0.00,0.00,0.00,0.00,0.00,0.00,0,0.00,0.00,0.00,0.00,6.30,0.00,0.00,0.00,0.00,0.00,0.00,0.00,0.00,0.00,0.00,0.00,0.00,6.30,Y,,,,-13.50,Furniture,Furniture & Decor,Credenzas & Sideboards,BSE-82-2.0,,,N,Seller Fulfilled,Delivery,,0.00,,,,New
200012173832243,1,108918224070559,1,,SALE,06/30/2024,1,WL-BBC001GR,06973813988329,Betterhood Play Couch Sofa for Kids Imaginative Play Set Medium Gray Suede Covers Sponge Filled,2038710,,,OR,,,Salem,97306,Marketplace standard,116.99,99.44,17.55,15.00,116.99,0.00,0.00,0.00,0.00,0.00,0.00,0.00,0.00,0.00,0.00,0,0.00,0.00,0.00,0.00,0.00,0.00,0.00,0.00,0.00,0.00,0.00,0.00,0.00,0.00,0.00,0.00,0.00,0.00,N,,,,-17.55,Furniture,Furniture & Decor,Sofas & Couches,BSE-82-2.0,,,N,Seller Fulfilled,Delivery,,0.00,,,,
200012172901868,1,108919151994929,1,,SALE,07/08/2024,1,JGWLMD030WH,06976391060555,Tolead Toilet Storage Cabinet with Toilet Paper Holder Stand White,2038710,,,OH,,,Marion,43302,Marketplace standard,136.20,107.94,19.05,15.00,126.99,0.00,0.00,0.00,0.00,0.00,0.00,0.00,0.00,0.00,0.00,0,0.00,0.00,0.00,0.00,9.21,0.00,0.00,0.00,0.00,0.00,0.00,0.00,0.00,0.00,0.00,0.00,0.00,9.21,Y,,,,-19.05,Furniture,Furniture & Decor,Bar Stools,BSE-82-2.0,,,N,Seller Fulfilled,Delivery,,0.00,,,,
200012169620539,1,108918224956030,1,,SALE,06/30/2024,1,NFN004BK,08711777054845,Tolead Black Wood Nightstand with Charging Station 2 Storage Drawer & Open Shelf Bedroom Office Adult,2038710,,,NJ,,,Pleasantville,08232,Marketplace standard,49.03,39.09,6.90,15.00,45.99,0.00,0.00,0.00,0.00,0.00,0.00,0.00,0.00,0.00,0.00,0,0.00,0.00,0.00,0.00,3.04,0.00,0.00,0.00,0.00,0.00,0.00,0.00,0.00,0.00,0.00,0.00,0.00,3.04,Y,,,,-6.90,Furniture,Furniture & Decor,Nightstands,BSE-82-2.0,,,N,Seller Fulfilled,Delivery,,0.00,,,,
200012169406069,1,108919150390897,1,,SALE,07/07/2024,1,NFP014BU,06973813986561,Tolead 5pcs Adjustable Orthopedic Bed Wedge Pillow Set Blue,2039972,,,NY,,,Canandaigua,14424,Marketplace standard,87.06,68.84,12.15,15.00,80.99,0.00,0.00,0.00,0.00,0.00,0.00,0.00,0.00,0.00,0.00,0,0.00,0.00,0.00,0.00,6.07,0.00,0.00,0.00,0.00,0.00,0.00,0.00,0.00,0.00,0.00,0.00,0.00,6.07,Y,,,,-12.15,Bedding,Home & Garden,Wedge Pillows,BSE-67-9.0,,,N,Seller Fulfilled,Delivery,,0.00,,,,
200012169387412,1,108919565042819,1,,SALE,07/11/2024,1,NFN056NL-WL,06976391060005,Tolead Wood Sideboard Buffet Cabinet with Storage Rattan Doors Rustic Modern Kitchen Shelf,2038710,,,NH,,,Hudson,03051,Marketplace standard,89.99,76.49,13.50,15.00,89.99,0.00,0.00,0.00,0.00,0.00,0.00,0.00,0.00,0.00,0.00,0,0.00,0.00,0.00,0.00,0.00,0.00,0.00,0.00,0.00,0.00,0.00,0.00,0.00,0.00,0.00,0.00,0.00,0.00,N,,,,-13.50,Furniture,Furniture & Decor,Credenzas & Sideboards,BSE-82-2.0,,,N,Seller Fulfilled,Delivery,,0.00,,,,New
200012169387412,1,108919565042819,2,,SALE,07/11/2024,1,NFN056NL-WL,06976391060005,Tolead Wood Sideboard Buffet Cabinet with Storage Rattan Doors Rustic Modern Kitchen Shelf,2038710,,,NH,,,Hudson,03051,Marketplace standard,89.99,76.49,13.50,15.00,89.99,0.00,0.00,0.00,0.00,0.00,0.00,0.00,0.00,0.00,0.00,0,0.00,0.00,0.00,0.00,0.00,0.00,0.00,0.00,0.00,0.00,0.00,0.00,0.00,0.00,0.00,0.00,0.00,0.00,N,,,,-13.50,Furniture,Furniture & Decor,Credenzas & Sideboards,BSE-82-2.0,,,N,Seller Fulfilled,Delivery,,0.00,,,,New
200012169241324,1,108918328816576,1,,SALE,06/30/2024,1,NFN018NL,06973813988398,Tolead 2 Piece Rattan Nightstand Set with Drawer & Open Shelf Natural,2038710,,,MO,,,Saint Louis,63108,Marketplace value,120.64,93.49,16.50,15.00,109.99,0.00,0.00,0.00,0.00,0.00,0.00,0.00,0.00,0.00,0.00,0,0.00,0.00,0.00,0.00,10.65,0.00,0.00,0.00,0.00,0.00,0.00,0.00,0.00,0.00,0.00,0.00,0.00,10.65,Y,,,,-16.50,Furniture,Furniture & Decor,Nightstands,BSE-82-2.0,,,N,Seller Fulfilled,Delivery,,0.00,,,,
200012168866645,1,108919565178196,1,,SALE,07/11/2024,1,JGWLMB021WH,06976391067950,Tolead Large China Hutch Kitchen Pantry Hutch for Kitchen Office Living Room White (15.8 D x 63 W x 70.9H),2038710,,,IN,,,Knox,46534,Marketplace value,567.09,466.97,63.02,11.89,529.99,0.00,0.00,0.00,0.00,0.00,0.00,0.00,0.00,0.00,0.00,0,0.00,0.00,0.00,0.00,37.10,0.00,0.00,0.00,0.00,0.00,0.00,0.00,0.00,0.00,0.00,0.00,0.00,37.10,Y,,,,-63.02,Furniture,Furniture & Decor,China Cabinets & Hutches,BSE-82-2.0,,,N,Seller Fulfilled,Delivery,,0.00,,,,
200012168457826,1,108919256978021,1,,SALE,07/09/2024,1,NFN008BN,06973813984147,Tolead TV Stand with Sliding Barn Door Up to 65 TV Brown,2038710,,,WI,,,Poynette,53955,Marketplace value,189.88,152.98,27.00,15.00,179.98,0.00,0.00,0.00,0.00,0.00,0.00,0.00,0.00,0.00,0.00,0,0.00,0.00,0.00,0.00,9.90,0.00,0.00,0.00,0.00,0.00,0.00,0.00,0.00,0.00,0.00,0.00,0.00,9.90,Y,,,,-27.00,Furniture,Furniture & Decor,Television Stands,BSE-82-2.0,,,N,Seller Fulfilled,Delivery,,0.00,,,,
200012166624740,1,108918122285026,1,,SALE,06/30/2024,1,NFP014BG,06973813986578,Tolead 5Pcs Bed Wedge Pillow Set Sit up Pillow Recovery Health Acid Reflux Comfort Memory Foam Beige,2039972,,,CA,,,Lompoc,93436,Marketplace value,96.96,76.49,13.50,15.00,89.99,0.00,0.00,0.00,0.00,0.00,0.00,0.00,0.00,0.00,0.00,0,0.00,0.00,0.00,0.00,6.97,0.00,0.00,0.00,0.00,0.00,0.00,0.00,0.00,0.00,0.00,0.00,0.00,6.97,Y,,,,-13.50,Bedding,Home & Garden,Wedge Pillows,BSE-67-9.0,,,N,Seller Fulfilled,Delivery,,0.00,,,,
200012166624740,1,108918122285026,2,,SALE,06/30/2024,1,NFP014BG,06973813986578,Tolead 5Pcs Bed Wedge Pillow Set Sit up Pillow Recovery Health Acid Reflux Comfort Memory Foam Beige,2039972,,,CA,,,Lompoc,93436,Marketplace value,96.96,76.49,13.50,15.00,89.99,0.00,0.00,0.00,0.00,0.00,0.00,0.00,0.00,0.00,0.00,0,0.00,0.00,0.00,0.00,6.97,0.00,0.00,0.00,0.00,0.00,0.00,0.00,0.00,0.00,0.00,0.00,0.00,6.97,Y,,,,-13.50,Bedding,Home & Garden,Wedge Pillows,BSE-67-9.0,,,N,Seller Fulfilled,Delivery,,0.00,,,,
200012164717787,2,108918944984867,1,,SALE,07/05/2024,1,NFN043NL,06973813988435,Tolead 2 Pieces Rattan Mid Century Modern Nightstand Set with Drawers Bedroom Living Room Bohemia,2038710,,,CA,,,Canyon Country,91387,Marketplace standard,131.39,101.99,18.00,15.00,119.99,0.00,0.00,0.00,0.00,0.00,0.00,0.00,0.00,0.00,0.00,0,0.00,0.00,0.00,0.00,11.40,0.00,0.00,0.00,0.00,0.00,0.00,0.00,0.00,0.00,0.00,0.00,0.00,11.40,Y,,,,-18.00,Furniture,Furniture & Decor,Nightstands,BSE-82-2.0,,,N,Seller Fulfilled,Delivery,,0.00,,,,
200012162946986,1,108918739383320,1,,SALE,07/03/2024,1,OFL001PU,08711777064592,Tolead 4 Pack 120 Expandable Fence Privacy Screen Balcony Patio Outdoor Garden Purple Flower,2038710,,,CO,,,Louisville,80027,Marketplace value,125.16,101.14,17.85,15.00,118.99,0.00,0.00,0.00,0.00,0.00,0.00,0.00,0.00,0.00,0.00,0,0.00,0.00,0.00,0.00,6.17,0.00,0.00,0.00,0.00,0.00,0.00,0.00,0.00,0.00,0.00,0.00,0.00,6.17,Y,,,,-17.85,Garden & Patio,Home & Garden,Artificial Greenery Panel,BSE-65-6.0,,,N,Seller Fulfilled,Delivery,,0.00,,,,
200012162522991,2,108919357742673,1,,SALE,07/10/2024,1,NFN014BK,06973813985502,Tolead Wood Single Tilt Out Trash Cabinet with Hideaway Drawer Coffee Microwave KitchenBlack,2038710,,,SD,,,Rapid City,57703,Marketplace value,106.19,93.49,16.50,15.00,99.99,0.00,0.00,0.00,0.00,0.00,0.00,0.00,0.00,0.00,0.00,0,0.00,0.00,0.00,0.00,6.20,0.00,0.00,0.00,0.00,0.00,0.00,0.00,0.00,0.00,0.00,0.00,0.00,6.20,Y,,,109.99,-16.50,Home Decor  Kitchen  & Other,Furniture & Decor,Cabinets,BSE-82-2.0,,,N,Seller Fulfilled,Delivery,,0.00,,-10.00,WM_DISC,
200012161288902,1,108919257184220,1,,SALE,07/09/2024,1,NFN017NL,06973813988381,Tolead 2Pcs Rattan Nightstand Set Boho Side Table with Handmade Rattan Decorated Drawer Natural,2038710,,,UT,,,Ogden,84404,Marketplace value,128.69,101.99,18.00,15.00,119.99,0.00,0.00,0.00,0.00,0.00,0.00,0.00,0.00,0.00,0.00,0,0.00,0.00,0.00,0.00,8.70,0.00,0.00,0.00,0.00,0.00,0.00,0.00,0.00,0.00,0.00,0.00,0.00,8.70,Y,,,,-18.00,Furniture,Furniture & Decor,Nightstands,BSE-82-2.0,,,N,Seller Fulfilled,Delivery,,0.00,,,,
200012160265811,6,108918432496516,1,,SALE,07/01/2024,1,NFD006GR-WL,06973813989920,Tolead Wood Twin Loft Bed with Climbing Ladder & Storage Space for Kids Toddler Gray,2038710,,,IN,,,Bargersville,46106,Marketplace value,224.68,178.99,30.99,14.76,209.98,0.00,0.00,0.00,0.00,0.00,0.00,0.00,0.00,0.00,0.00,0,0.00,0.00,0.00,0.00,14.70,0.00,0.00,0.00,0.00,0.00,0.00,0.00,0.00,0.00,0.00,0.00,0.00,14.70,Y,,,,-30.99,Furniture,Furniture & Decor,Loft Beds,BSE-82-2.0,,,N,Seller Fulfilled,Delivery,,0.00,,,,
200012154518445,1,108919566844592,1,,SALE,07/12/2024,1,NFN016WH,06973813988374,Tolead Barnwood Rustic Nightstand Side Table Weathered Oak Style End Table Sturdy Home Living Room Bedroom White,2038710,,,MD,,,Lusby,20657,Marketplace standard,68.89,59.49,10.50,15.00,64.99,0.00,0.00,0.00,0.00,0.00,0.00,0.00,0.00,0.00,0.00,0,0.00,0.00,0.00,0.00,3.90,0.00,0.00,0.00,0.00,0.00,0.00,0.00,0.00,0.00,0.00,0.00,0.00,3.90,Y,,,69.99,-10.50,Furniture,Furniture & Decor,Nightstands,BSE-82-2.0,,,N,Seller Fulfilled,Delivery,,0.00,,-5.00,WM_DISC,
200012154492029,2,108918842922555,1,,SALE,07/05/2024,1,NFN053WH,06973813989951,Tolead 2 Piece Barnwood Rustic Nightstand with Barn Door and Drawers Living Room Bedroom White,2038710,,,FL,,,Estero,33928,Marketplace value,149.08,118.98,21.00,15.00,139.98,0.00,0.00,0.00,0.00,0.00,0.00,0.00,0.00,0.00,0.00,0,0.00,0.00,0.00,0.00,9.10,0.00,0.00,0.00,0.00,0.00,0.00,0.00,0.00,0.00,0.00,0.00,0.00,9.10,Y,,,,-21.00,Furniture,Furniture & Decor,Nightstands,BSE-82-2.0,,,N,Seller Fulfilled,Delivery,,0.00,,,,
200012152169826,3,108919463839443,1,,SALE,07/11/2024,1,NFN017NL,06973813988381,Tolead 2Pcs Rattan Nightstand Set Boho Side Table with Handmade Rattan Decorated Drawer Natural,2038710,,,PA,,,Danville,17821,Marketplace value,127.19,101.99,18.00,15.00,119.99,0.00,0.00,0.00,0.00,0.00,0.00,0.00,0.00,0.00,0.00,0,0.00,0.00,0.00,0.00,7.20,0.00,0.00,0.00,0.00,0.00,0.00,0.00,0.00,0.00,0.00,0.00,0.00,7.20,Y,,,,-18.00,Furniture,Furniture & Decor,Nightstands,BSE-82-2.0,,,N,Seller Fulfilled,Delivery,,0.00,,,,
200012148750177,2,108919565099859,1,,SALE,07/11/2024,1,NFP014BU,06973813986561,Tolead 5pcs Adjustable Orthopedic Bed Wedge Pillow Set Blue,2039972,,,CA,,,Bellflower,90706,Marketplace value,89.27,68.84,12.15,15.00,80.99,0.00,0.00,0.00,0.00,0.00,0.00,0.00,0.00,0.00,0.00,0,0.00,0.00,0.00,0.00,8.28,0.00,0.00,0.00,0.00,0.00,0.00,0.00,0.00,0.00,0.00,0.00,0.00,8.28,Y,,,,-12.15,Bedding,Home & Garden,Wedge Pillows,BSE-67-9.0,,,N,Seller Fulfilled,Delivery,,0.00,,,,
200012148120697,4,108919048022058,1,,SALE,07/07/2024,1,NFJ003BK,06973813981214,Tolead Royal Velvet High Back Armless Chair w/Storage Living Room Furniture Black,2038710,,,CA,,,Alameda,94502,Marketplace value,177.18,135.98,24.00,15.00,159.98,0.00,0.00,0.00,0.00,0.00,0.00,0.00,0.00,0.00,0.00,0,0.00,0.00,0.00,0.00,17.20,0.00,0.00,0.00,0.00,0.00,0.00,0.00,0.00,0.00,0.00,0.00,0.00,17.20,Y,,,,-24.00,Furniture,Furniture & Decor,Armchairs & Accent Chairs,BSE-82-2.0,,,N,Seller Fulfilled,Delivery,,0.00,,,,
200012146366838,2,108918843701363,1,,SALE,07/05/2024,1,TLH009NL,06973813987124,Tolead 60 Heavy-Duty Adjustable Workbench Rubber Wood Shop Table Workstation,2038710,,,NC,,,Asheville,28804,Marketplace value,233.25,195.49,34.50,15.00,217.99,0.00,0.00,0.00,0.00,0.00,0.00,0.00,0.00,0.00,0.00,0,0.00,0.00,0.00,0.00,15.26,0.00,0.00,0.00,0.00,0.00,0.00,0.00,0.00,0.00,0.00,0.00,0.00,15.26,Y,,,229.99,-34.50,Tools & Hardware Other,Tools & Home Improvement,Workbenches,BSE-61-16.0,,,N,Seller Fulfilled,Delivery,,0.00,,-12.00,WM_DISC,
200012144853649,1,108919256782015,1,,SALE,07/09/2024,1,NFN014BK,06973813985502,Tolead Wood Single Tilt Out Trash Cabinet with Hideaway Drawer Coffee Microwave KitchenBlack,2038710,,,NJ,,,Merchantville,08109,Marketplace standard,106.61,93.49,16.50,15.00,99.99,0.00,0.00,0.00,0.00,0.00,0.00,0.00,0.00,0.00,0.00,0,0.00,0.00,0.00,0.00,6.62,0.00,0.00,0.00,0.00,0.00,0.00,0.00,0.00,0.00,0.00,0.00,0.00,6.62,Y,,,109.99,-16.50,Home Decor  Kitchen  & Other,Furniture & Decor,Cabinets,BSE-82-2.0,,,N,Seller Fulfilled,Delivery,,0.00,,-10.00,WM_DISC,
200012139629342,2,108918224079090,1,,SALE,06/30/2024,1,NFP016WH,06973813983690,Tolead 7.5 Inch Bed Inclined Mattress Topper with Washable Cover King,3001205,,,TX,,,Houston,77072,Marketplace value,111.48,91.03,16.06,15.00,102.99,0.00,0.00,0.00,0.00,0.00,0.00,0.00,0.00,0.00,0.00,0,0.00,0.00,0.00,0.00,8.49,0.00,0.00,0.00,0.00,0.00,0.00,0.00,0.00,0.00,0.00,0.00,0.00,8.49,Y,,,107.09,-16.06,Bedding,Home & Garden,Mattress Toppers,BSE-66-7.0,,,N,Seller Fulfilled,Delivery,,0.00,,-4.10,WM_DISC,New
200012135579863,1,108919256967180,1,,SALE,07/09/2024,1,PTB003SL,06973813984246,Tolead Large Metal Chicken Coop Upgrade Tri-Supporting Wire Mesh Chicken RunChicken Pen with Water-Resident and Anti-UV CoverDuck Rabbit House Outdoor,2038710,,,WY,,,Torrington,82240,Marketplace value,209.44,169.99,30.00,15.00,198.99,0.00,0.00,0.00,0.00,0.00,0.00,0.00,0.00,0.00,0.00,0,0.00,0.00,0.00,0.00,10.45,0.00,0.00,0.00,0.00,0.00,0.00,0.00,0.00,0.00,0.00,0.00,0.00,10.45,Y,,,199.99,-30.00,Animal Other,Pet Supplies,Chicken Coops,BSE-53-12.0,,,N,Seller Fulfilled,Delivery,,0.00,,-1.00,WM_DISC,New
200012135110059,1,108919359090444,1,,SALE,07/10/2024,1,TLH010NL,06973813987445,Tolead 48 Heavy-Duty Adjustable Workbench with Power Outlets Rubber Wood Shop Table Workstation,2038710,,,PA,,,Bensalem,19020,Marketplace standard,166.94,133.87,23.62,15.00,157.49,0.00,0.00,0.00,0.00,0.00,0.00,0.00,0.00,0.00,0.00,0,0.00,0.00,0.00,0.00,9.45,0.00,0.00,0.00,0.00,0.00,0.00,0.00,0.00,0.00,0.00,0.00,0.00,9.45,Y,,,,-23.62,Tools & Hardware Other,Tools & Home Improvement,Workbenches,BSE-61-16.0,,,N,Seller Fulfilled,Delivery,,0.00,,,,
200012132602117,1,108919460901774,1,,SALE,07/10/2024,1,NFN019NL,06973813985595,Tolead Rattan Nightstand with Charging Station Boho Side Table with Handmade Rattan Decorated Door Bedroom Living Room Natural,2038710,,,NC,,,New Bern,28560,Marketplace value,72.05,57.37,10.12,15.00,67.49,0.00,0.00,0.00,0.00,0.00,0.00,0.00,0.00,0.00,0.00,0,0.00,0.00,0.00,0.00,4.56,0.00,0.00,0.00,0.00,0.00,0.00,0.00,0.00,0.00,0.00,0.00,0.00,4.56,Y,,,,-10.12,Furniture,Furniture & Decor,Nightstands,BSE-82-2.0,,,N,Seller Fulfilled,Delivery,,0.00,,,,New
200012131369609,1,108918638622312,1,,SALE,07/03/2024,1,NFN004BK,08711777054845,Tolead Black Wood Nightstand with Charging Station 2 Storage Drawer & Open Shelf Bedroom Office Adult,2038710,,,FL,,,Plant City,33563,Marketplace value,49.44,39.09,6.90,15.00,45.99,0.00,0.00,0.00,0.00,0.00,0.00,0.00,0.00,0.00,0.00,0,0.00,0.00,0.00,0.00,3.45,0.00,0.00,0.00,0.00,0.00,0.00,0.00,0.00,0.00,0.00,0.00,0.00,3.45,Y,,,,-6.90,Furniture,Furniture & Decor,Nightstands,BSE-82-2.0,,,N,Seller Fulfilled,Delivery,,0.00,,,,
200012129481782,1,108919255714904,1,,SALE,07/09/2024,1,JGWLMD030WH,06976391060555,Tolead Toilet Storage Cabinet with Toilet Paper Holder Stand White,2038710,,,KY,,,Louisville,40291,Marketplace value,134.61,107.94,19.05,15.00,126.99,0.00,0.00,0.00,0.00,0.00,0.00,0.00,0.00,0.00,0.00,0,0.00,0.00,0.00,0.00,7.62,0.00,0.00,0.00,0.00,0.00,0.00,0.00,0.00,0.00,0.00,0.00,0.00,7.62,Y,,,,-19.05,Furniture,Furniture & Decor,Bar Stools,BSE-82-2.0,,,N,Seller Fulfilled,Delivery,,0.00,,,,
200012128429892,1,108918946233183,1,,SALE,07/07/2024,1,NFN004BK,08711777054845,Tolead Black Wood Nightstand with Charging Station 2 Storage Drawer & Open Shelf Bedroom Office Adult,2038710,,,MO,,,Fair Play,65649,Marketplace value,48.97,39.09,6.90,15.00,45.99,0.00,0.00,0.00,0.00,0.00,0.00,0.00,0.00,0.00,0.00,0,0.00,0.00,0.00,0.00,2.98,0.00,0.00,0.00,0.00,0.00,0.00,0.00,0.00,0.00,0.00,0.00,0.00,2.98,Y,,,,-6.90,Furniture,Furniture & Decor,Nightstands,BSE-82-2.0,,,N,Seller Fulfilled,Delivery,,0.00,,,,
200012127605019,2,108919668324516,1,,SALE,07/12/2024,1,NFP014BU,06973813986561,Tolead 5pcs Adjustable Orthopedic Bed Wedge Pillow Set Blue,2039972,,,OK,,,Hulbert,74441,Marketplace value,86.05,68.84,12.15,15.00,80.99,0.00,0.00,0.00,0.00,0.00,0.00,0.00,0.00,0.00,0.00,0,0.00,0.00,0.00,0.00,5.06,0.00,0.00,0.00,0.00,0.00,0.00,0.00,0.00,0.00,0.00,0.00,0.00,5.06,Y,,,,-12.15,Bedding,Home & Garden,Wedge Pillows,BSE-67-9.0,,,Y,Seller Fulfilled,Delivery,,0.00,,,,
200012126486527,1,108919257042290,1,,SALE,07/09/2024,1,JGWLMD022SL,06973813987612,Tolead 9.2 Diameter Hexagonal Chicken Coop with Galvanized Steel Frame & Water-Resistant Oxford Tarp,2038710,,,TX,,,Bridgeport,76426,Marketplace value,151.54,127.49,22.50,15.00,139.99,0.00,0.00,0.00,0.00,0.00,0.00,0.00,0.00,0.00,0.00,0,0.00,0.00,0.00,0.00,11.55,0.00,0.00,0.00,0.00,0.00,0.00,0.00,0.00,0.00,0.00,0.00,0.00,11.55,Y,,,149.99,-22.50,Animal Accessories,Pet Supplies,Chicken Coops,BSE-53-12.0,,,N,Seller Fulfilled,Delivery,,0.00,,-10.00,WM_DISC,
200012125589334,2,108919357863314,1,,SALE,07/09/2024,1,NFN014BK,06973813985502,Tolead Wood Single Tilt Out Trash Cabinet with Hideaway Drawer Coffee Microwave KitchenBlack,2038710,,,MA,,,Warren,01083,Marketplace standard,106.24,93.49,16.50,15.00,99.99,0.00,0.00,0.00,0.00,0.00,0.00,0.00,0.00,0.00,0.00,0,0.00,0.00,0.00,0.00,6.25,0.00,0.00,0.00,0.00,0.00,0.00,0.00,0.00,0.00,0.00,0.00,0.00,6.25,Y,,,109.99,-16.50,Home Decor  Kitchen  & Other,Furniture & Decor,Cabinets,BSE-82-2.0,,,N,Seller Fulfilled,Delivery,,0.00,,-10.00,WM_DISC,
200012124578741,8,108918944702754,1,,SALE,07/05/2024,1,JGWLMC007GD,06976391061422,Tolead 3-in-1 Convertible Baby High Chair with 2-Level Height Adjustable Legs 3-Level Adjustable Tray for Babies and Toddlers Baby Highchair with 5-Point Safety Belt & Footrest Dark Gray,2038710,,,CA,,,Los Angeles,90011,Marketplace standard,68.95,53.53,9.45,15.00,62.98,0.00,0.00,0.00,0.00,0.00,0.00,0.00,0.00,0.00,0.00,0,0.00,0.00,0.00,0.00,5.97,0.00,0.00,0.00,0.00,0.00,0.00,0.00,0.00,0.00,0.00,0.00,0.00,5.97,Y,,,,-9.45,Baby Furniture,Baby,Baby Feeding Chairs,BSE-48-11.0,,,N,Seller Fulfilled,Delivery,,0.00,,,,
200012121475050,1,108919048110876,1,,SALE,07/07/2024,1,JGWLMD020SL,06973813987629,Tolead 15.8 Diameter Hexagonal Chicken Coop with Galvanized Steel Frame & Water-Resistant Oxford Tarp,2038710,,,AL,,,Eight Mile,36613,Marketplace value,269.99,220.99,39.00,15.00,249.99,0.00,0.00,0.00,0.00,0.00,0.00,0.00,0.00,0.00,0.00,0,0.00,0.00,0.00,0.00,20.00,0.00,0.00,0.00,0.00,0.00,0.00,0.00,0.00,0.00,0.00,0.00,0.00,20.00,Y,,,259.99,-39.00,Animal Accessories,Pet Supplies,Chicken Coops,BSE-53-12.0,,,N,Seller Fulfilled,Delivery,,0.00,,-10.00,WM_DISC,New
200012120664998,1,108919048845487,1,,SALE,07/07/2024,1,TLH013NL,06976391060364,Tolead 60 Heavy-Duty Adjustable Workbench with Power Outlets Rubber Wood Shop Table Metal Wheels Workstation,2038710,,,AZ,,,Phoenix,85044,Marketplace value,224.78,175.93,31.05,15.00,206.98,0.00,0.00,0.00,0.00,0.00,0.00,0.00,0.00,0.00,0.00,0,0.00,0.00,0.00,0.00,17.80,0.00,0.00,0.00,0.00,0.00,0.00,0.00,0.00,0.00,0.00,0.00,0.00,17.80,Y,,,,-31.05,Tools & Hardware Other,Tools & Home Improvement,Workbenches,BSE-61-16.0,,,N,Seller Fulfilled,Delivery,,0.00,,,,
200012119519015,2,108918637020600,1,,SALE,07/03/2024,1,NFP014BU,06973813986561,Tolead 5pcs Adjustable Orthopedic Bed Wedge Pillow Set Blue,2039972,,,GA,,,Savannah,31404,Marketplace value,92.01,76.49,13.50,15.00,85.99,0.00,0.00,0.00,0.00,0.00,0.00,0.00,0.00,0.00,0.00,0,0.00,0.00,0.00,0.00,6.02,0.00,0.00,0.00,0.00,0.00,0.00,0.00,0.00,0.00,0.00,0.00,0.00,6.02,Y,,,89.99,-13.50,Bedding,Home & Garden,Wedge Pillows,BSE-67-9.0,,,N,Seller Fulfilled,Delivery,,0.00,,-4.00,WM_DISC,
200012119519015,2,108918637020600,1,,REFUNDED,07/06/2024,1,NFP014BU,06973813986561,Tolead 5pcs Adjustable Orthopedic Bed Wedge Pillow Set Blue,2039972,,,,,,Savannah,31404,,-92.01,-76.49,-13.50,0.00,0.00,-85.99,0.00,0.00,0.00,0.00,0.00,0.00,0.00,0.00,0.00,0,0.00,0.00,0.00,0.00,0.00,0.00,0.00,0.00,0.00,-6.02,0.00,0.00,0.00,0.00,0.00,0.00,0.00,-6.02,Y,Return Refund,5010,89.99,,Bedding,Home & Garden,,,1000,No Longer Wanted,N,Seller Fulfilled,,,,,4.00,,
200012119009207,1,108919360328249,1,,SALE,07/10/2024,1,PTB007WH,06973813986745,Tolead Wood Corner Dog Crate Furniture Pet Crate Indoor Mesh All-breed Black and White,2038710,,,NC,,,Fayetteville,28306,Marketplace value,144.44,127.49,22.50,15.00,134.99,0.00,0.00,0.00,0.00,0.00,0.00,0.00,0.00,0.00,0.00,0,0.00,0.00,0.00,0.00,9.45,0.00,0.00,0.00,0.00,0.00,0.00,0.00,0.00,0.00,0.00,0.00,0.00,9.45,Y,,,149.99,-22.50,Animal Other,Pet Supplies,Dog Houses,BSE-53-12.0,,,N,Seller Fulfilled,Delivery,,0.00,,-15.00,WM_DISC,
200012118850888,1,108919568120008,1,,SALE,07/12/2024,1,JGWLMD030WH,06976391060555,Tolead Toilet Storage Cabinet with Toilet Paper Holder Stand White,2038710,,,CO,,,Fort Garland,81133,Marketplace value,133.21,107.94,19.05,15.00,126.99,0.00,0.00,0.00,0.00,0.00,0.00,0.00,0.00,0.00,0.00,0,0.00,0.00,0.00,0.00,6.22,0.00,0.00,0.00,0.00,0.00,0.00,0.00,0.00,0.00,0.00,0.00,0.00,6.22,Y,,,,-19.05,Furniture,Furniture & Decor,Bar Stools,BSE-82-2.0,,,N,Seller Fulfilled,Delivery,,0.00,,,,
200012115310845,1,108919565473521,1,,SALE,07/12/2024,1,NFP014BG,06973813986578,Tolead 5Pcs Bed Wedge Pillow Set Sit up Pillow Recovery Health Acid Reflux Comfort Memory Foam Beige,2039972,,,AZ,,,Green Valley,85614,Marketplace value,85.93,68.84,12.15,15.00,80.99,0.00,0.00,0.00,0.00,0.00,0.00,0.00,0.00,0.00,0.00,0,0.00,0.00,0.00,0.00,4.94,0.00,0.00,0.00,0.00,0.00,0.00,0.00,0.00,0.00,0.00,0.00,0.00,4.94,Y,,,,-12.15,Bedding,Home & Garden,Wedge Pillows,BSE-67-9.0,,,N,Seller Fulfilled,Delivery,,0.00,,,,
200012114633998,1,108919255077819,1,,SALE,07/09/2024,1,NFN026NL,06973813988411,Tolead 2Pcs Rattan Nightstand with Charging Station Boho Side Table with Handmade Rattan Decorated Door Bedroom Living Room Natural,2038710,,,NY,,,New York,10031,Marketplace standard,141.53,110.49,19.50,15.00,129.99,0.00,0.00,0.00,0.00,0.00,0.00,0.00,0.00,0.00,0.00,0,0.00,0.00,0.00,0.00,11.54,0.00,0.00,0.00,0.00,0.00,0.00,0.00,0.00,0.00,0.00,0.00,0.00,11.54,Y,,,,-19.50,Furniture,Furniture & Decor,Nightstands,BSE-82-2.0,,,N,Seller Fulfilled,Delivery,,0.00,,,,
200012113793354,1,108919360233035,1,,SALE,07/10/2024,1,NFP012GR,06973813987711,Tolead 6pcs Adjustable Orthopedic Bed Wedge Pillow Set Sleeping Sitting Pillow Gray,2039972,,,MN,,,Mankato,56001,Marketplace value,96.63,76.49,13.50,15.00,89.99,0.00,0.00,0.00,0.00,0.00,0.00,0.00,0.00,0.00,0.00,0,0.00,0.00,0.00,0.00,6.64,0.00,0.00,0.00,0.00,0.00,0.00,0.00,0.00,0.00,0.00,0.00,0.00,6.64,Y,,,,-13.50,Bedding,Home & Garden,Wedge Pillows,BSE-67-9.0,,,N,Seller Fulfilled,Delivery,,0.00,,,,New
200012112403736,1,108918534453002,1,,SALE,07/02/2024,1,NFN024NL,06973813988404,Tolead 2pcs Rattan Nightstand with Handmade Rattan Decorated Drawer,2038710,,,IL,,,Chicago,60657,Marketplace value,112.44,86.69,15.30,15.00,101.99,0.00,0.00,0.00,0.00,0.00,0.00,0.00,0.00,0.00,0.00,0,0.00,0.00,0.00,0.00,10.45,0.00,0.00,0.00,0.00,0.00,0.00,0.00,0.00,0.00,0.00,0.00,0.00,10.45,Y,,,,-15.30,Furniture,Furniture & Decor,Nightstands,BSE-82-2.0,,,N,Seller Fulfilled,Delivery,,0.00,,,,
200012110404670,4,108919253930743,1,,SALE,07/08/2024,1,NFN004BK,08711777054845,Tolead Black Wood Nightstand with Charging Station 2 Storage Drawer & Open Shelf Bedroom Office Adult,2038710,,,CA,,,Oceanside,92056,Marketplace standard,49.78,39.09,6.90,15.00,45.99,0.00,0.00,0.00,0.00,0.00,0.00,0.00,0.00,0.00,0.00,0,0.00,0.00,0.00,0.00,3.79,0.00,0.00,0.00,0.00,0.00,0.00,0.00,0.00,0.00,0.00,0.00,0.00,3.79,Y,,,,-6.90,Furniture,Furniture & Decor,Nightstands,BSE-82-2.0,,,N,Seller Fulfilled,Delivery,,0.00,,,,
200012109681805,2,108919049928313,1,,SALE,07/07/2024,1,NFN004BK,08711777054845,Tolead Black Wood Nightstand with Charging Station 2 Storage Drawer & Open Shelf Bedroom Office Adult,2038710,,,PA,,,Philadelphia,19104,Marketplace standard,49.67,39.09,6.90,15.00,45.99,0.00,0.00,0.00,0.00,0.00,0.00,0.00,0.00,0.00,0.00,0,0.00,0.00,0.00,0.00,3.68,0.00,0.00,0.00,0.00,0.00,0.00,0.00,0.00,0.00,0.00,0.00,0.00,3.68,Y,,,,-6.90,Furniture,Furniture & Decor,Nightstands,BSE-82-2.0,,,N,Seller Fulfilled,Delivery,,0.00,,,,
200012108666255,1,108918328700473,1,,SALE,06/30/2024,1,NFN022NL,06973813986493,Tolead Rattan Mid-Century Modern Nightstand Set with Handmade Rattan Decorated Drawer and Door Bedroom Living Room Natural,2038710,,,NC,,,Oak Ridge,27310,Marketplace value,68.31,54.39,9.60,15.00,63.99,0.00,0.00,0.00,0.00,0.00,0.00,0.00,0.00,0.00,0.00,0,0.00,0.00,0.00,0.00,4.32,0.00,0.00,0.00,0.00,0.00,0.00,0.00,0.00,0.00,0.00,0.00,0.00,4.32,Y,,,,-9.60,Furniture,Furniture & Decor,Nightstands,BSE-82-2.0,,,N,Seller Fulfilled,Delivery,,0.00,,,,New
200012107822782,2,108915837744168,1,,ADJMNT,07/07/2024,1,JGWLMA048WH,06976391066625,Tolead Kids Bookshelf with Reading Nook & Seat Cushion 7 Storage Cubbies Bedroom Playroom Nursery White,2038710,,,TX,,,Leander,78641,Marketplace value,0.00,-34.77,0.00,0.00,0.00,0.00,0.00,0.00,0.00,0.00,0.00,0.00,0.00,0.00,0.00,0,0.00,0.00,0.00,0.00,0.00,0.00,0.00,0.00,0.00,0.00,0.00,0.00,0.00,0.00,0.00,0.00,0.00,0.00,Y,Walmart Return Shipping Charge,5013,,,Furniture,Furniture & Decor,,,,,N,Seller Fulfilled,,,,,,,
200012107213926,1,108918637629219,1,,SALE,07/03/2024,1,NFP014BU,06973813986561,Tolead 5pcs Adjustable Orthopedic Bed Wedge Pillow Set Blue,2039972,,,WA,,,Davenport,99122,Marketplace value,92.87,76.49,13.50,15.00,85.99,0.00,0.00,0.00,0.00,0.00,0.00,0.00,0.00,0.00,0.00,0,0.00,0.00,0.00,0.00,6.88,0.00,0.00,0.00,0.00,0.00,0.00,0.00,0.00,0.00,0.00,0.00,0.00,6.88,Y,,,89.99,-13.50,Bedding,Home & Garden,Wedge Pillows,BSE-67-9.0,,,N,Seller Fulfilled,Delivery,,0.00,,-4.00,WM_DISC,
200012105562679,3,108918535268154,1,,ADJMNT,07/03/2024,1,NFN014BU,06973813987063,Tolead Kitchen Single Trash Cabinet Tilt Out Free Standing Storage Can with Hideaway Drawer and Countertop Wood Blue,2038710,,,SC,,,Myrtle Beach,29575,Marketplace expedited,0.00,-16.95,16.95,0.00,0.00,0.00,0.00,0.00,0.00,0.00,0.00,0.00,0.00,0.00,0.00,0,0.00,0.00,0.00,0.00,0.00,0.00,0.00,0.00,0.00,0.00,0.00,0.00,0.00,0.00,0.00,0.00,0.00,0.00,Y,WFS Fulfillment fee,5041,,,Home Decor  Kitchen  & Other,Home & Garden,,,,,N,Walmart-fulfilled(WFS),,,,,,,New
200012105562679,3,108918535268154,1,,SALE,07/03/2024,1,NFN014BU,06973813987063,Tolead Kitchen Single Trash Cabinet Tilt Out Free Standing Storage Can with Hideaway Drawer and Countertop Wood Blue,2038710,,,SC,,,Myrtle Beach,29575,Marketplace expedited,107.99,84.99,15.00,15.00,99.99,0.00,0.00,0.00,0.00,0.00,0.00,0.00,0.00,0.00,0.00,0,0.00,0.00,0.00,0.00,8.00,0.00,0.00,0.00,0.00,0.00,0.00,0.00,0.00,0.00,0.00,0.00,0.00,8.00,Y,,,,-15.00,Home Decor  Kitchen  & Other,Home & Garden,Garbage Cans & Wastebaskets,BSE-66-7.0,,,N,Walmart-fulfilled(WFS),Delivery,,0.00,,,,New
200012105249819,6,108918843824409,1,,SALE,07/05/2024,1,NFN002NL,06973813984277,Tolead Rattan Nightstand Boho Side Table with Handmade Rattan Decorated Drawer Bedroom Living Room Natural,2038710,,,DC,,,Washington,20009,Marketplace standard,65.71,52.69,9.30,15.00,61.99,0.00,0.00,0.00,0.00,0.00,0.00,0.00,0.00,0.00,0.00,0,0.00,0.00,0.00,0.00,3.72,0.00,0.00,0.00,0.00,0.00,0.00,0.00,0.00,0.00,0.00,0.00,0.00,3.72,Y,,,,-9.30,Furniture,Furniture & Decor,Nightstands,BSE-82-2.0,,,N,Seller Fulfilled,Delivery,,0.00,,,,
200012104626210,4,108918121685237,1,,SALE,06/30/2024,1,NFN008BN,06973813984147,Tolead TV Stand with Sliding Barn Door Up to 65 TV Brown,2038710,,,OH,,,Cincinnati,45230,Marketplace standard,194.02,152.98,27.00,15.00,179.98,0.00,0.00,0.00,0.00,0.00,0.00,0.00,0.00,0.00,0.00,0,0.00,0.00,0.00,0.00,14.04,0.00,0.00,0.00,0.00,0.00,0.00,0.00,0.00,0.00,0.00,0.00,0.00,14.04,Y,,,,-27.00,Furniture,Furniture & Decor,Television Stands,BSE-82-2.0,,,N,Seller Fulfilled,Delivery,,0.00,,,,
200012103176717,2,108919047693192,1,,SALE,07/07/2024,1,NFN017NL,06973813988381,Tolead 2Pcs Rattan Nightstand Set Boho Side Table with Handmade Rattan Decorated Drawer Natural,2038710,,,NC,,,Gastonia,28052,Marketplace value,128.39,101.99,18.00,15.00,119.99,0.00,0.00,0.00,0.00,0.00,0.00,0.00,0.00,0.00,0.00,0,0.00,0.00,0.00,0.00,8.40,0.00,0.00,0.00,0.00,0.00,0.00,0.00,0.00,0.00,0.00,0.00,0.00,8.40,Y,,,,-18.00,Furniture,Furniture & Decor,Nightstands,BSE-82-2.0,,,N,Seller Fulfilled,Delivery,,0.00,,,,
200012100806692,2,108919256821372,1,,SALE,07/09/2024,1,NFP012GR,06973813987711,Tolead 6pcs Adjustable Orthopedic Bed Wedge Pillow Set Sleeping Sitting Pillow Gray,2039972,,,OH,,,Akron,44314,Marketplace standard,96.06,76.49,13.50,15.00,89.99,0.00,0.00,0.00,0.00,0.00,0.00,0.00,0.00,0.00,0.00,0,0.00,0.00,0.00,0.00,6.07,0.00,0.00,0.00,0.00,0.00,0.00,0.00,0.00,0.00,0.00,0.00,0.00,6.07,Y,,,,-13.50,Bedding,Home & Garden,Wedge Pillows,BSE-67-9.0,,,N,Seller Fulfilled,Delivery,,0.00,,,,New
200012097973761,8,108919358277546,1,,SALE,07/10/2024,1,NFP012GR,06973813987711,Tolead 6pcs Adjustable Orthopedic Bed Wedge Pillow Set Sleeping Sitting Pillow Gray,2039972,,,IA,,,Des Moines,50317,Marketplace value,96.29,76.49,13.50,15.00,89.99,0.00,0.00,0.00,0.00,0.00,0.00,0.00,0.00,0.00,0.00,0,0.00,0.00,0.00,0.00,6.30,0.00,0.00,0.00,0.00,0.00,0.00,0.00,0.00,0.00,0.00,0.00,0.00,6.30,Y,,,,-13.50,Bedding,Home & Garden,Wedge Pillows,BSE-67-9.0,,,N,Seller Fulfilled,Delivery,,0.00,,,,New
200012097724262,1,108918533947917,1,,SALE,07/02/2024,1,JGWLMC011GR,06973813987216,Tolead 2 Piece Barnwood Rustic Nightstand with Charging Station Barn Door and Drawers Bedroom Gray,2038710,,,IL,,,Germantown Hills,61548,Marketplace value,128.81,101.14,17.85,15.00,118.99,0.00,0.00,0.00,0.00,0.00,0.00,0.00,0.00,0.00,0.00,0,0.00,0.00,0.00,0.00,9.82,0.00,0.00,0.00,0.00,0.00,0.00,0.00,0.00,0.00,0.00,0.00,0.00,9.82,Y,,,,-17.85,Furniture,Furniture & Decor,Nightstands,BSE-82-2.0,,,N,Seller Fulfilled,Delivery,,0.00,,,,
200012097601774,1,108918946572496,1,,SALE,07/07/2024,1,JGWLMC011GR,06973813987216,Tolead 2 Piece Barnwood Rustic Nightstand with Charging Station Barn Door and Drawers Bedroom Gray,2038710,,,UT,,,Kamas,84036,Marketplace value,127.50,101.14,17.85,15.00,118.99,0.00,0.00,0.00,0.00,0.00,0.00,0.00,0.00,0.00,0.00,0,0.00,0.00,0.00,0.00,8.51,0.00,0.00,0.00,0.00,0.00,0.00,0.00,0.00,0.00,0.00,0.00,0.00,8.51,Y,,,,-17.85,Furniture,Furniture & Decor,Nightstands,BSE-82-2.0,,,N,Seller Fulfilled,Delivery,,0.00,,,,
200012097601774,1,108918946572496,2,,SALE,07/07/2024,1,JGWLMC011GR,06973813987216,Tolead 2 Piece Barnwood Rustic Nightstand with Charging Station Barn Door and Drawers Bedroom Gray,2038710,,,UT,,,Kamas,84036,Marketplace value,127.50,101.14,17.85,15.00,118.99,0.00,0.00,0.00,0.00,0.00,0.00,0.00,0.00,0.00,0.00,0,0.00,0.00,0.00,0.00,8.51,0.00,0.00,0.00,0.00,0.00,0.00,0.00,0.00,0.00,0.00,0.00,0.00,8.51,Y,,,,-17.85,Furniture,Furniture & Decor,Nightstands,BSE-82-2.0,,,N,Seller Fulfilled,Delivery,,0.00,,,,
200012094371915,1,108919257017542,1,,SALE,07/09/2024,1,NFP012GR,06973813987711,Tolead 6pcs Adjustable Orthopedic Bed Wedge Pillow Set Sleeping Sitting Pillow Gray,2039972,,,PA,,,Bellefonte,16823,Marketplace standard,95.39,76.49,13.50,15.00,89.99,0.00,0.00,0.00,0.00,0.00,0.00,0.00,0.00,0.00,0.00,0,0.00,0.00,0.00,0.00,5.40,0.00,0.00,0.00,0.00,0.00,0.00,0.00,0.00,0.00,0.00,0.00,0.00,5.40,Y,,,,-13.50,Bedding,Home & Garden,Wedge Pillows,BSE-67-9.0,,,N,Seller Fulfilled,Delivery,,0.00,,,,New
200012094175550,1,108918841914898,1,,SALE,07/04/2024,1,NFN051NL,06976391060470,Tolead Rattan Low Profile TV Stands with Sliding Doors up to 65 TV Natural,2038710,,,WA,,,Bellevue,98007,Marketplace value,119.00,91.79,16.20,15.00,107.99,0.00,0.00,0.00,0.00,0.00,0.00,0.00,0.00,0.00,0.00,0,0.00,0.00,0.00,0.00,11.01,0.00,0.00,0.00,0.00,0.00,0.00,0.00,0.00,0.00,0.00,0.00,0.00,11.01,Y,,,,-16.20,Furniture,Furniture & Decor,Television Stands,BSE-82-2.0,,,N,Seller Fulfilled,Delivery,,0.00,,,,
200012090647726,1,108919461302097,1,,SALE,07/10/2024,1,NFN017NL,06973813988381,Tolead 2Pcs Rattan Nightstand Set Boho Side Table with Handmade Rattan Decorated Drawer Natural,2038710,,,SC,,,Charleston,29412,Marketplace value,130.79,101.99,18.00,15.00,119.99,0.00,0.00,0.00,0.00,0.00,0.00,0.00,0.00,0.00,0.00,0,0.00,0.00,0.00,0.00,10.80,0.00,0.00,0.00,0.00,0.00,0.00,0.00,0.00,0.00,0.00,0.00,0.00,10.80,Y,,,,-18.00,Furniture,Furniture & Decor,Nightstands,BSE-82-2.0,,,N,Seller Fulfilled,Delivery,,0.00,,,,
200012090057840,1,108919567613133,1,,SALE,07/12/2024,1,JGWLMB027GR,06976391068018,Tolead 10 x 15 Outdoor Metal Carport Heavy Duty Galvanized Steel Car Canopy for Truck SUV Boat Grey,2038710,,,PA,,,Grassflat,16839,Marketplace standard,741.99,619.98,80.01,11.43,699.99,0.00,0.00,0.00,0.00,0.00,0.00,0.00,0.00,0.00,0.00,0,0.00,0.00,0.00,0.00,42.00,0.00,0.00,0.00,0.00,0.00,0.00,0.00,0.00,0.00,0.00,0.00,0.00,42.00,Y,,,,-80.01,Garden & Patio,Home & Garden,Carports,BSE-83-3.0,,,N,Seller Fulfilled,Delivery,,0.00,,,,
200012089222439,1,108918637207829,1,,ADJMNT,07/03/2024,1,NFP003GR-WL,06973813983768,Tolead 5pcs Orthopedic Washable Bed Wedge Pillow Set Adjustable Acid Reflux Reading Recovery Health Surgery,2039972,,,IN,,,greensburg,47240,Marketplace standard,0.00,-14.55,14.55,0.00,0.00,0.00,0.00,0.00,0.00,0.00,0.00,0.00,0.00,0.00,0.00,0,0.00,0.00,0.00,0.00,0.00,0.00,0.00,0.00,0.00,0.00,0.00,0.00,0.00,0.00,0.00,0.00,0.00,0.00,Y,WFS Fulfillment fee,5041,89.99,,Bedding,Home & Garden,,,,,N,Walmart-fulfilled(WFS),,,,,,,
200012089222439,1,108918637207829,1,,SALE,07/03/2024,1,NFP003GR-WL,06973813983768,Tolead 5pcs Orthopedic Washable Bed Wedge Pillow Set Adjustable Acid Reflux Reading Recovery Health Surgery,2039972,,,IN,,,greensburg,47240,Marketplace standard,92.01,76.49,13.50,15.00,85.99,0.00,0.00,0.00,0.00,0.00,0.00,0.00,0.00,0.00,0.00,0,0.00,0.00,0.00,0.00,6.02,0.00,0.00,0.00,0.00,0.00,0.00,0.00,0.00,0.00,0.00,0.00,0.00,6.02,Y,,,89.99,-13.50,Bedding,Home & Garden,Wedge Pillows,BSE-67-9.0,,,N,Walmart-fulfilled(WFS),Delivery,,0.00,,-4.00,WM_DISC,
200012084282310,1,108918225875074,1,,SALE,06/30/2024,1,NFN017NL,06973813988381,Tolead 2Pcs Rattan Nightstand Set Boho Side Table with Handmade Rattan Decorated Drawer Natural,2038710,,,DE,,,Bear,19701,Marketplace value,119.99,101.99,18.00,15.00,119.99,0.00,0.00,0.00,0.00,0.00,0.00,0.00,0.00,0.00,0.00,0,0.00,0.00,0.00,0.00,0.00,0.00,0.00,0.00,0.00,0.00,0.00,0.00,0.00,0.00,0.00,0.00,0.00,0.00,N,,,,-18.00,Furniture,Furniture & Decor,Nightstands,BSE-82-2.0,,,N,Seller Fulfilled,Delivery,,0.00,,,,
200012084028133,10,108919463865451,1,,SALE,07/11/2024,1,NFN002NL,06973813984277,Tolead Rattan Nightstand Boho Side Table with Handmade Rattan Decorated Drawer Bedroom Living Room Natural,2038710,,,GA,,,Roswell,30075,Marketplace value,66.79,52.69,9.30,15.00,61.99,0.00,0.00,0.00,0.00,0.00,0.00,0.00,0.00,0.00,0.00,0,0.00,0.00,0.00,0.00,4.80,0.00,0.00,0.00,0.00,0.00,0.00,0.00,0.00,0.00,0.00,0.00,0.00,4.80,Y,,,,-9.30,Furniture,Furniture & Decor,Nightstands,BSE-82-2.0,,,N,Seller Fulfilled,Delivery,,0.00,,,,
200012081051722,1,108919464744212,1,,SALE,07/11/2024,1,NFP014BU,06973813986561,Tolead 5pcs Adjustable Orthopedic Bed Wedge Pillow Set Blue,2039972,,,TX,,,Houston,77082,Marketplace value,87.67,68.84,12.15,15.00,80.99,0.00,0.00,0.00,0.00,0.00,0.00,0.00,0.00,0.00,0.00,0,0.00,0.00,0.00,0.00,6.68,0.00,0.00,0.00,0.00,0.00,0.00,0.00,0.00,0.00,0.00,0.00,0.00,6.68,Y,,,,-12.15,Bedding,Home & Garden,Wedge Pillows,BSE-67-9.0,,,N,Seller Fulfilled,Delivery,,0.00,,,,
200012080318421,1,108918325473186,1,,SALE,06/30/2024,1,NFN070BK-WL,06973813987780,Tolead 2 Pcs Modern Diamond Embossed Black Nightstand with 2 Drawers Luxury Metal Legs Bedroom Black & Gold,2038710,,,OK,,,Guthrie,73044,Marketplace value,126.28,106.24,18.75,15.00,119.98,0.00,0.00,0.00,0.00,0.00,0.00,0.00,0.00,0.00,0.00,0,0.00,0.00,0.00,0.00,6.30,0.00,0.00,0.00,0.00,0.00,0.00,0.00,0.00,0.00,0.00,0.00,0.00,6.30,Y,,,124.99,-18.75,Furniture,Furniture & Decor,Nightstands,BSE-82-2.0,,,Y,Seller Fulfilled,Delivery,,0.00,,-5.01,WM_DISC,
200012078792714,1,108919153688026,1,,SALE,07/08/2024,1,NFP014BU,06973813986561,Tolead 5pcs Adjustable Orthopedic Bed Wedge Pillow Set Blue,2039972,,,OR,,,Vale,97918,Marketplace value,80.99,68.84,12.15,15.00,80.99,0.00,0.00,0.00,0.00,0.00,0.00,0.00,0.00,0.00,0.00,0,0.00,0.00,0.00,0.00,0.00,0.00,0.00,0.00,0.00,0.00,0.00,0.00,0.00,0.00,0.00,0.00,0.00,0.00,N,,,,-12.15,Bedding,Home & Garden,Wedge Pillows,BSE-67-9.0,,,N,Seller Fulfilled,Delivery,,0.00,,,,
200012075526407,1,108919357580301,1,,SALE,07/09/2024,1,PTB007WH,06973813986745,Tolead Wood Corner Dog Crate Furniture Pet Crate Indoor Mesh All-breed Black and White,2038710,,,TX,,,Kilgore,75662,Marketplace value,145.45,127.49,22.50,15.00,134.99,0.00,0.00,0.00,0.00,0.00,0.00,0.00,0.00,0.00,0.00,0,0.00,0.00,0.00,0.00,10.46,0.00,0.00,0.00,0.00,0.00,0.00,0.00,0.00,0.00,0.00,0.00,0.00,10.46,Y,,,149.99,-22.50,Animal Other,Pet Supplies,Dog Houses,BSE-53-12.0,,,N,Seller Fulfilled,Delivery,,0.00,,-15.00,WM_DISC,
200012073591984,1,108919463376410,2,,SALE,07/11/2024,1,NFN056NL-WL,06976391060005,Tolead Wood Sideboard Buffet Cabinet with Storage Rattan Doors Rustic Modern Kitchen Shelf,2038710,,,SC,,,Fort Mill,29708,Marketplace value,96.29,76.49,13.50,15.00,89.99,0.00,0.00,0.00,0.00,0.00,0.00,0.00,0.00,0.00,0.00,0,0.00,0.00,0.00,0.00,6.30,0.00,0.00,0.00,0.00,0.00,0.00,0.00,0.00,0.00,0.00,0.00,0.00,6.30,Y,,,,-13.50,Furniture,Furniture & Decor,Credenzas & Sideboards,BSE-82-2.0,,,N,Seller Fulfilled,Delivery,,0.00,,,,New
200012073591984,1,108919463376410,1,,SALE,07/11/2024,1,NFN056NL-WL,06976391060005,Tolead Wood Sideboard Buffet Cabinet with Storage Rattan Doors Rustic Modern Kitchen Shelf,2038710,,,SC,,,Fort Mill,29708,Marketplace value,96.29,76.49,13.50,15.00,89.99,0.00,0.00,0.00,0.00,0.00,0.00,0.00,0.00,0.00,0.00,0,0.00,0.00,0.00,0.00,6.30,0.00,0.00,0.00,0.00,0.00,0.00,0.00,0.00,0.00,0.00,0.00,0.00,6.30,Y,,,,-13.50,Furniture,Furniture & Decor,Credenzas & Sideboards,BSE-82-2.0,,,N,Seller Fulfilled,Delivery,,0.00,,,,New
200012071447609,1,108918226066420,1,,SALE,06/30/2024,1,NFN002NL,06973813984277,Tolead Rattan Nightstand Boho Side Table with Handmade Rattan Decorated Drawer Bedroom Living Room Natural,2038710,,,MO,,,House Springs,63051,Marketplace value,66.55,52.69,9.30,15.00,61.99,0.00,0.00,0.00,0.00,0.00,0.00,0.00,0.00,0.00,0.00,0,0.00,0.00,0.00,0.00,4.56,0.00,0.00,0.00,0.00,0.00,0.00,0.00,0.00,0.00,0.00,0.00,0.00,4.56,Y,,,,-9.30,Furniture,Furniture & Decor,Nightstands,BSE-82-2.0,,,N,Seller Fulfilled,Delivery,,0.00,,,,
200012071447609,3,108918226066420,2,,SALE,06/30/2024,1,NFN019NL,06973813985595,Tolead Rattan Nightstand with Charging Station Boho Side Table with Handmade Rattan Decorated Door Bedroom Living Room Natural,2038710,,,MO,,,House Springs,63051,Marketplace value,72.45,57.37,10.12,15.00,67.49,0.00,0.00,0.00,0.00,0.00,0.00,0.00,0.00,0.00,0.00,0,0.00,0.00,0.00,0.00,4.96,0.00,0.00,0.00,0.00,0.00,0.00,0.00,0.00,0.00,0.00,0.00,0.00,4.96,Y,,,,-10.12,Furniture,Furniture & Decor,Nightstands,BSE-82-2.0,,,N,Seller Fulfilled,Delivery,,0.00,,,,New
200012071060444,1,108914587311639,1,,ADJMNT,06/30/2024,1,NFN017NL,06973813988381,Tolead 2Pcs Rattan Nightstand Set Boho Side Table with Handmade Rattan Decorated Drawer Natural,2038710,,,NC,,,Carrboro,27510,Marketplace value,0.00,-28.34,0.00,0.00,0.00,0.00,0.00,0.00,0.00,0.00,0.00,0.00,0.00,0.00,0.00,0,0.00,0.00,0.00,0.00,0.00,0.00,0.00,0.00,0.00,0.00,0.00,0.00,0.00,0.00,0.00,0.00,0.00,0.00,Y,Walmart Return Shipping Charge,5013,,,Furniture,Furniture & Decor,,,,,N,Seller Fulfilled,,,,,,,
200012069733311,1,108919150819453,1,,SALE,07/07/2024,1,NFP012GR,06973813987711,Tolead 6pcs Adjustable Orthopedic Bed Wedge Pillow Set Sleeping Sitting Pillow Gray,2039972,,,KY,,,Lexington,40511,Marketplace value,95.39,76.49,13.50,15.00,89.99,0.00,0.00,0.00,0.00,0.00,0.00,0.00,0.00,0.00,0.00,0,0.00,0.00,0.00,0.00,5.40,0.00,0.00,0.00,0.00,0.00,0.00,0.00,0.00,0.00,0.00,0.00,0.00,5.40,Y,,,,-13.50,Bedding,Home & Garden,Wedge Pillows,BSE-67-9.0,,,N,Seller Fulfilled,Delivery,,0.00,,,,New
200012069302983,1,108917282192655,1,,REFUNDED,06/30/2024,1,NFN070WH-WL,06973813984253,Tolead 2 Piece Modern Diamond Embossed Black Nightstand with 2 Drawers Luxury Metal Legs Versatile Bedside Table for Bedroom White,2038710,,,,,,Harrisburg,17112,,-132.49,-106.24,-18.75,0.00,0.00,-124.99,0.00,0.00,0.00,0.00,0.00,0.00,0.00,0.00,0.00,0,0.00,0.00,0.00,0.00,0.00,0.00,0.00,0.00,0.00,-7.50,0.00,0.00,0.00,0.00,0.00,0.00,0.00,-7.50,Y,Return Refund,5010,,,Furniture,Furniture & Decor,,,1023,Lost After Delivery,N,Seller Fulfilled,,,,,,,
200012069268875,1,108918534843986,1,,SALE,07/02/2024,1,NFP014BU,06973813986561,Tolead 5pcs Adjustable Orthopedic Bed Wedge Pillow Set Blue,2039972,,,MA,,,Boston,02125,Marketplace standard,91.36,76.49,13.50,15.00,85.99,0.00,0.00,0.00,0.00,0.00,0.00,0.00,0.00,0.00,0.00,0,0.00,0.00,0.00,0.00,5.37,0.00,0.00,0.00,0.00,0.00,0.00,0.00,0.00,0.00,0.00,0.00,0.00,5.37,Y,,,89.99,-13.50,Bedding,Home & Garden,Wedge Pillows,BSE-67-9.0,,,N,Seller Fulfilled,Delivery,,0.00,,-4.00,WM_DISC,
200012068675797,3,108919566916916,1,,SALE,07/12/2024,1,NFP014BU,06973813986561,Tolead 5pcs Adjustable Orthopedic Bed Wedge Pillow Set Blue,2039972,,,MS,,,Saucier,39574,Marketplace value,86.66,68.84,12.15,15.00,80.99,0.00,0.00,0.00,0.00,0.00,0.00,0.00,0.00,0.00,0.00,0,0.00,0.00,0.00,0.00,5.67,0.00,0.00,0.00,0.00,0.00,0.00,0.00,0.00,0.00,0.00,0.00,0.00,5.67,Y,,,,-12.15,Bedding,Home & Garden,Wedge Pillows,BSE-67-9.0,,,N,Seller Fulfilled,Delivery,,0.00,,,,
200012066825281,1,108914794932881,1,,ADJMNT,07/07/2024,1,NFN056NL-WL,06976391060005,Tolead Wood Sideboard Buffet Cabinet with Storage Rattan Doors Rustic Modern Kitchen Shelf,2038710,,,MS,,,Oxford,38655,Marketplace value,0.00,-26.29,0.00,0.00,0.00,0.00,0.00,0.00,0.00,0.00,0.00,0.00,0.00,0.00,0.00,0,0.00,0.00,0.00,0.00,0.00,0.00,0.00,0.00,0.00,0.00,0.00,0.00,0.00,0.00,0.00,0.00,0.00,0.00,Y,Walmart Return Shipping Charge,5013,,,Furniture,Furniture & Decor,,,,,N,Seller Fulfilled,,,,,,,
200012066040184,3,108918429519588,1,,SALE,06/30/2024,1,NFN004BK,08711777054845,Tolead Black Wood Nightstand with Charging Station 2 Storage Drawer & Open Shelf Bedroom Office Adult,2038710,,,NY,,,North Bangor,12966,Marketplace standard,49.67,39.09,6.90,15.00,45.99,0.00,0.00,0.00,0.00,0.00,0.00,0.00,0.00,0.00,0.00,0,0.00,0.00,0.00,0.00,3.68,0.00,0.00,0.00,0.00,0.00,0.00,0.00,0.00,0.00,0.00,0.00,0.00,3.68,Y,,,,-6.90,Furniture,Furniture & Decor,Nightstands,BSE-82-2.0,,,N,Seller Fulfilled,Delivery,,0.00,,,,
200012066040184,3,108918429519588,2,,SALE,06/30/2024,1,NFN004BK,08711777054845,Tolead Black Wood Nightstand with Charging Station 2 Storage Drawer & Open Shelf Bedroom Office Adult,2038710,,,NY,,,North Bangor,12966,Marketplace standard,49.67,39.09,6.90,15.00,45.99,0.00,0.00,0.00,0.00,0.00,0.00,0.00,0.00,0.00,0.00,0,0.00,0.00,0.00,0.00,3.68,0.00,0.00,0.00,0.00,0.00,0.00,0.00,0.00,0.00,0.00,0.00,0.00,3.68,Y,,,,-6.90,Furniture,Furniture & Decor,Nightstands,BSE-82-2.0,,,N,Seller Fulfilled,Delivery,,0.00,,,,
200012064354751,1,108919256867459,1,,SALE,07/09/2024,1,NFN056NL-WL,06976391060005,Tolead Wood Sideboard Buffet Cabinet with Storage Rattan Doors Rustic Modern Kitchen Shelf,2038710,,,UT,,,West Valley City,84118,Marketplace value,96.51,76.49,13.50,15.00,89.99,0.00,0.00,0.00,0.00,0.00,0.00,0.00,0.00,0.00,0.00,0,0.00,0.00,0.00,0.00,6.52,0.00,0.00,0.00,0.00,0.00,0.00,0.00,0.00,0.00,0.00,0.00,0.00,6.52,Y,,,,-13.50,Furniture,Furniture & Decor,Credenzas & Sideboards,BSE-82-2.0,,,N,Seller Fulfilled,Delivery,,0.00,,,,New
200012063479954,1,108918428875774,1,,SALE,07/01/2024,1,BPK002SL,06976391064126,Tolead Raised Toilet Seat with Handles Adjustable Bedside Commode Width w/Side Pocket,2038710,,,TX,,,San Antonio,78251,Marketplace value,75.76,63.69,6.30,9.00,69.99,0.00,0.00,0.00,0.00,0.00,0.00,0.00,0.00,0.00,0.00,0,0.00,0.00,0.00,0.00,5.77,0.00,0.00,0.00,0.00,0.00,0.00,0.00,0.00,0.00,0.00,0.00,0.00,5.77,Y,,,,-10.50,Medicine & Supplements,Home & Garden,Toilet Seats,SCE-19940_19850,,,N,Seller Fulfilled,Delivery,Others,4.20,,,,
200012062896084,1,108918328450713,1,,SALE,07/01/2024,1,NFP012GR,06973813987711,Tolead 6pcs Adjustable Orthopedic Bed Wedge Pillow Set Sleeping Sitting Pillow Gray,2039972,,,KY,,,Louisville,40219,Marketplace expedited,105.99,84.99,15.00,15.00,99.99,0.00,0.00,0.00,0.00,0.00,0.00,0.00,0.00,0.00,0.00,0,0.00,0.00,0.00,0.00,6.00,0.00,0.00,0.00,0.00,0.00,0.00,0.00,0.00,0.00,0.00,0.00,0.00,6.00,Y,,,,-15.00,Bedding,Home & Garden,Wedge Pillows,BSE-67-9.0,,,N,Walmart-fulfilled(WFS),Delivery,,0.00,,,,New
200012062896084,1,108918328450713,1,,ADJMNT,07/02/2024,1,NFP012GR,06973813987711,Tolead 6pcs Adjustable Orthopedic Bed Wedge Pillow Set Sleeping Sitting Pillow Gray,2039972,,,KY,,,Louisville,40219,Marketplace expedited,0.00,-14.95,14.95,0.00,0.00,0.00,0.00,0.00,0.00,0.00,0.00,0.00,0.00,0.00,0.00,0,0.00,0.00,0.00,0.00,0.00,0.00,0.00,0.00,0.00,0.00,0.00,0.00,0.00,0.00,0.00,0.00,0.00,0.00,Y,WFS Fulfillment fee,5041,,,Bedding,Home & Garden,,,,,N,Walmart-fulfilled(WFS),,,,,,,New
200012062853305,4,108919564831459,1,,SALE,07/11/2024,1,NFN002NL,06973813984277,Tolead Rattan Nightstand Boho Side Table with Handmade Rattan Decorated Drawer Bedroom Living Room Natural,2038710,,,FL,,,Orlando,32832,Marketplace value,66.02,52.69,9.30,15.00,61.99,0.00,0.00,0.00,0.00,0.00,0.00,0.00,0.00,0.00,0.00,0,0.00,0.00,0.00,0.00,4.03,0.00,0.00,0.00,0.00,0.00,0.00,0.00,0.00,0.00,0.00,0.00,0.00,4.03,Y,,,,-9.30,Furniture,Furniture & Decor,Nightstands,BSE-82-2.0,,,N,Seller Fulfilled,Delivery,,0.00,,,,
200012062836174,1,108918532967396,1,,SALE,07/01/2024,1,OFL004PU-WL,06973813984413,Tolead 2 Pack Expandable Faux Privacy Fence Decorative Faux Ivy Greenery Fencing Panel Artificial Hedges Screen for Balcony Patio Outdoor Garden Purple Flower,2038710,,,CO,,,Louisville,80027,Marketplace value,69.41,62.04,10.95,15.00,65.99,0.00,0.00,0.00,0.00,0.00,0.00,0.00,0.00,0.00,0.00,0,0.00,0.00,0.00,0.00,3.42,0.00,0.00,0.00,0.00,0.00,0.00,0.00,0.00,0.00,0.00,0.00,0.00,3.42,Y,,,72.99,-10.95,Home Decor  Kitchen  & Other,Home & Garden,Artificial Greenery Panel,BSE-65-6.0,,,N,Seller Fulfilled,Delivery,,0.00,,-7.00,CAP,New
200012061002181,1,108919151946834,1,,SALE,07/08/2024,1,JGWLMD030WH,06976391060555,Tolead Toilet Storage Cabinet with Toilet Paper Holder Stand White,2038710,,,OH,,,Marion,43302,Marketplace standard,136.20,107.94,19.05,15.00,126.99,0.00,0.00,0.00,0.00,0.00,0.00,0.00,0.00,0.00,0.00,0,0.00,0.00,0.00,0.00,9.21,0.00,0.00,0.00,0.00,0.00,0.00,0.00,0.00,0.00,0.00,0.00,0.00,9.21,Y,,,,-19.05,Furniture,Furniture & Decor,Bar Stools,BSE-82-2.0,,,N,Seller Fulfilled,Delivery,,0.00,,,,
200012060613230,1,108919254148978,1,,SALE,07/08/2024,1,NFN019NL,06973813985595,Tolead Rattan Nightstand with Charging Station Boho Side Table with Handmade Rattan Decorated Door Bedroom Living Room Natural,2038710,,,NM,,,Albuquerque,87112,Marketplace value,72.64,57.37,10.12,15.00,67.49,0.00,0.00,0.00,0.00,0.00,0.00,0.00,0.00,0.00,0.00,0,0.00,0.00,0.00,0.00,5.15,0.00,0.00,0.00,0.00,0.00,0.00,0.00,0.00,0.00,0.00,0.00,0.00,5.15,Y,,,,-10.12,Furniture,Furniture & Decor,Nightstands,BSE-82-2.0,,,N,Seller Fulfilled,Delivery,,0.00,,,,New
200012059799362,1,108919357919825,1,,SALE,07/09/2024,1,NFN040NL,06973813988428,Tolead 2pcs Rattan Nightstand Set with Handmade Rattan Decorated Drawer and Door Natural,2038710,,,WA,,,Tacoma,98402,Marketplace value,132.35,101.99,18.00,15.00,119.99,0.00,0.00,0.00,0.00,0.00,0.00,0.00,0.00,0.00,0.00,0,0.00,0.00,0.00,0.00,12.36,0.00,0.00,0.00,0.00,0.00,0.00,0.00,0.00,0.00,0.00,0.00,0.00,12.36,Y,,,,-18.00,Furniture,Furniture & Decor,Nightstands,BSE-82-2.0,,,N,Seller Fulfilled,Delivery,,0.00,,,,
200012059741228,1,108919357783077,1,,SALE,07/09/2024,1,NFN056NL-WL,06976391060005,Tolead Wood Sideboard Buffet Cabinet with Storage Rattan Doors Rustic Modern Kitchen Shelf,2038710,,,TX,,,Flower Mound,75028,Marketplace value,97.41,76.49,13.50,15.00,89.99,0.00,0.00,0.00,0.00,0.00,0.00,0.00,0.00,0.00,0.00,0,0.00,0.00,0.00,0.00,7.42,0.00,0.00,0.00,0.00,0.00,0.00,0.00,0.00,0.00,0.00,0.00,0.00,7.42,Y,,,,-13.50,Furniture,Furniture & Decor,Credenzas & Sideboards,BSE-82-2.0,,,N,Seller Fulfilled,Delivery,,0.00,,,,New
200012059741228,1,108919357783077,2,,SALE,07/09/2024,1,NFN056NL-WL,06976391060005,Tolead Wood Sideboard Buffet Cabinet with Storage Rattan Doors Rustic Modern Kitchen Shelf,2038710,,,TX,,,Flower Mound,75028,Marketplace value,97.41,76.49,13.50,15.00,89.99,0.00,0.00,0.00,0.00,0.00,0.00,0.00,0.00,0.00,0.00,0,0.00,0.00,0.00,0.00,7.42,0.00,0.00,0.00,0.00,0.00,0.00,0.00,0.00,0.00,0.00,0.00,0.00,7.42,Y,,,,-13.50,Furniture,Furniture & Decor,Credenzas & Sideboards,BSE-82-2.0,,,N,Seller Fulfilled,Delivery,,0.00,,,,New
200012059741228,1,108919357783077,3,,SALE,07/09/2024,1,NFN056NL-WL,06976391060005,Tolead Wood Sideboard Buffet Cabinet with Storage Rattan Doors Rustic Modern Kitchen Shelf,2038710,,,TX,,,Flower Mound,75028,Marketplace value,97.41,76.49,13.50,15.00,89.99,0.00,0.00,0.00,0.00,0.00,0.00,0.00,0.00,0.00,0.00,0,0.00,0.00,0.00,0.00,7.42,0.00,0.00,0.00,0.00,0.00,0.00,0.00,0.00,0.00,0.00,0.00,0.00,7.42,Y,,,,-13.50,Furniture,Furniture & Decor,Credenzas & Sideboards,BSE-82-2.0,,,N,Seller Fulfilled,Delivery,,0.00,,,,New
200012058446094,1,108918944752173,1,,SALE,07/05/2024,1,NFN007WH,06973813984130,Tolead Farmhouse Style TV Stand for 65+ TVs Top Sturdy Dvds Tall Entertainment Center White,2038710,,,TX,,,Converse,78109,Marketplace value,205.65,161.48,28.50,15.00,189.98,0.00,0.00,0.00,0.00,0.00,0.00,0.00,0.00,0.00,0.00,0,0.00,0.00,0.00,0.00,15.67,0.00,0.00,0.00,0.00,0.00,0.00,0.00,0.00,0.00,0.00,0.00,0.00,15.67,Y,,,,-28.50,Furniture,Furniture & Decor,Television Stands,BSE-82-2.0,,,N,Seller Fulfilled,Delivery,,0.00,,,,
200012056989125,1,108918739017559,1,,SALE,07/04/2024,1,NFD007BN,06973813989944,Tolead Wooden Twin Daybed with Trundle and Storage Drawers Captains Bed Frame with Pull Out Bed Brown,2038710,,,VT,,,Brandon,05733,Marketplace standard,251.44,201.48,33.51,14.26,234.99,0.00,0.00,0.00,0.00,0.00,0.00,0.00,0.00,0.00,0.00,0,0.00,0.00,0.00,0.00,16.45,0.00,0.00,0.00,0.00,0.00,0.00,0.00,0.00,0.00,0.00,0.00,0.00,16.45,Y,,,,-33.51,Furniture,Furniture & Decor,Daybeds,BSE-82-2.0,,,N,Seller Fulfilled,Delivery,,0.00,,,,
200012055632278,2,108918328351764,1,,SALE,06/30/2024,1,NFN051NL,06976391060470,Tolead Rattan Low Profile TV Stands with Sliding Doors up to 65 TV Natural,2038710,,,IA,,,Iowa City,52246,Marketplace value,114.47,91.79,16.20,15.00,107.99,0.00,0.00,0.00,0.00,0.00,0.00,0.00,0.00,0.00,0.00,0,0.00,0.00,0.00,0.00,6.48,0.00,0.00,0.00,0.00,0.00,0.00,0.00,0.00,0.00,0.00,0.00,0.00,6.48,Y,,,,-16.20,Furniture,Furniture & Decor,Television Stands,BSE-82-2.0,,,N,Seller Fulfilled,Delivery,,0.00,,,,
200012055308972,2,108918535499826,1,,ADJMNT,07/03/2024,1,NFN014BU,06973813987063,Tolead Kitchen Single Trash Cabinet Tilt Out Free Standing Storage Can with Hideaway Drawer and Countertop Wood Blue,2038710,,,WI,,,Oakfield,53065,Marketplace expedited,0.00,-16.95,16.95,0.00,0.00,0.00,0.00,0.00,0.00,0.00,0.00,0.00,0.00,0.00,0.00,0,0.00,0.00,0.00,0.00,0.00,0.00,0.00,0.00,0.00,0.00,0.00,0.00,0.00,0.00,0.00,0.00,0.00,0.00,Y,WFS Fulfillment fee,5041,,,Home Decor  Kitchen  & Other,Home & Garden,,,,,N,Walmart-fulfilled(WFS),,,,,,,New
200012055308972,2,108918535499826,1,,SALE,07/03/2024,1,NFN014BU,06973813987063,Tolead Kitchen Single Trash Cabinet Tilt Out Free Standing Storage Can with Hideaway Drawer and Countertop Wood Blue,2038710,,,WI,,,Oakfield,53065,Marketplace expedited,105.49,84.99,15.00,15.00,99.99,0.00,0.00,0.00,0.00,0.00,0.00,0.00,0.00,0.00,0.00,0,0.00,0.00,0.00,0.00,5.50,0.00,0.00,0.00,0.00,0.00,0.00,0.00,0.00,0.00,0.00,0.00,0.00,5.50,Y,,,,-15.00,Home Decor  Kitchen  & Other,Home & Garden,Garbage Cans & Wastebaskets,BSE-66-7.0,,,N,Walmart-fulfilled(WFS),Delivery,,0.00,,,,New
200012053496757,3,108919566710791,1,,SALE,07/12/2024,1,NFJ003BG,06973813980309,Tolead Living Room Chair Royal Velvet High Back Armless Chairs Retro Elegant Luxury Throne Chair Upholstered Tufted Accent Seat w/Storage Living Room Beige,2038710,,,MA,,,New Bedford,02740,Marketplace standard,169.98,135.98,24.00,15.00,159.98,0.00,0.00,0.00,0.00,0.00,0.00,0.00,0.00,0.00,0.00,0,0.00,0.00,0.00,0.00,10.00,0.00,0.00,0.00,0.00,0.00,0.00,0.00,0.00,0.00,0.00,0.00,0.00,10.00,Y,,,,-24.00,Furniture,Furniture & Decor,Armchairs & Accent Chairs,BSE-82-2.0,,,N,Seller Fulfilled,Delivery,,0.00,,,,
200012052799033,3,108919047678409,1,,SALE,07/07/2024,1,PTB001SL,06973813984239,Tolead Large Metal Chicken Coop Upgrade Tri-Supporting Wire Mesh Chicken Run with Water-Resident Anti-UV Cover,2038710,,,OH,,,Baltimore,43105,Marketplace standard,149.44,118.99,21.00,15.00,139.99,0.00,0.00,0.00,0.00,0.00,0.00,0.00,0.00,0.00,0.00,0,0.00,0.00,0.00,0.00,9.45,0.00,0.00,0.00,0.00,0.00,0.00,0.00,0.00,0.00,0.00,0.00,0.00,9.45,Y,,,,-21.00,Animal Accessories,Pet Supplies,Chicken Coops,BSE-53-12.0,,,N,Seller Fulfilled,Delivery,,0.00,,,,New
200012051783624,2,108919152799816,1,,SALE,07/08/2024,1,PTB019SL,06973813989784,Tolead Large Metal Chicken Coop Upgrade Tri-Supporting Wire Mesh Chicken Run Chicken Pen with Water-Resident and Anti-UV CoverDuck Rabbit House Outdoor,2038710,,,CA,,,San Diego,92108,Marketplace standard,150.84,127.49,22.50,15.00,139.99,0.00,0.00,0.00,0.00,0.00,0.00,0.00,0.00,0.00,0.00,0,0.00,0.00,0.00,0.00,10.85,0.00,0.00,0.00,0.00,0.00,0.00,0.00,0.00,0.00,0.00,0.00,0.00,10.85,Y,,,149.99,-22.50,Animal Accessories,Pet Supplies,Chicken Coops,BSE-53-12.0,,,N,Seller Fulfilled,Delivery,,0.00,,-10.00,WM_DISC,
200012051311018,7,108918123280762,1,,SALE,06/30/2024,1,NFN056NL-WL,06976391060005,Tolead Wood Sideboard Buffet Cabinet with Storage Rattan Doors Rustic Modern Kitchen Shelf,2038710,,,AL,,,Fruithurst,36262,Marketplace value,97.19,76.49,13.50,15.00,89.99,0.00,0.00,0.00,0.00,0.00,0.00,0.00,0.00,0.00,0.00,0,0.00,0.00,0.00,0.00,7.20,0.00,0.00,0.00,0.00,0.00,0.00,0.00,0.00,0.00,0.00,0.00,0.00,7.20,Y,,,,-13.50,Furniture,Furniture & Decor,Credenzas & Sideboards,BSE-82-2.0,,,N,Seller Fulfilled,Delivery,,0.00,,,,New
200012051311018,7,108918123280762,2,,SALE,06/30/2024,1,NFN056NL-WL,06976391060005,Tolead Wood Sideboard Buffet Cabinet with Storage Rattan Doors Rustic Modern Kitchen Shelf,2038710,,,AL,,,Fruithurst,36262,Marketplace value,97.19,76.49,13.50,15.00,89.99,0.00,0.00,0.00,0.00,0.00,0.00,0.00,0.00,0.00,0.00,0,0.00,0.00,0.00,0.00,7.20,0.00,0.00,0.00,0.00,0.00,0.00,0.00,0.00,0.00,0.00,0.00,0.00,7.20,Y,,,,-13.50,Furniture,Furniture & Decor,Credenzas & Sideboards,BSE-82-2.0,,,N,Seller Fulfilled,Delivery,,0.00,,,,New
200012051311018,7,108918123280762,3,,SALE,06/30/2024,1,NFN056NL-WL,06976391060005,Tolead Wood Sideboard Buffet Cabinet with Storage Rattan Doors Rustic Modern Kitchen Shelf,2038710,,,AL,,,Fruithurst,36262,Marketplace value,97.19,76.49,13.50,15.00,89.99,0.00,0.00,0.00,0.00,0.00,0.00,0.00,0.00,0.00,0.00,0,0.00,0.00,0.00,0.00,7.20,0.00,0.00,0.00,0.00,0.00,0.00,0.00,0.00,0.00,0.00,0.00,0.00,7.20,Y,,,,-13.50,Furniture,Furniture & Decor,Credenzas & Sideboards,BSE-82-2.0,,,N,Seller Fulfilled,Delivery,,0.00,,,,New
200012048396137,2,108919152542149,1,,SALE,07/08/2024,1,NFN013BK,06973813987483,Tolead Kitchen Double Trash Cabinet Tilt Out Free Standing Storage Can with Hideaway Drawer and Countertop Wood Black,2038710,,,SC,,,Duncan,29334,Marketplace value,171.19,144.49,25.50,15.00,159.99,0.00,0.00,0.00,0.00,0.00,0.00,0.00,0.00,0.00,0.00,0,0.00,0.00,0.00,0.00,11.20,0.00,0.00,0.00,0.00,0.00,0.00,0.00,0.00,0.00,0.00,0.00,0.00,11.20,Y,,,169.99,-25.50,Home Decor  Kitchen  & Other,Furniture & Decor,Credenzas & Sideboards,BSE-82-2.0,,,N,Seller Fulfilled,Delivery,,0.00,,-10.00,WM_DISC,
200012045687285,2,108914486289636,1,,ADJMNT,07/07/2024,1,NFN065BK-WL,06976391060517,Tolead Modern Diamond Embossed Nightstand with 2 Drawers Luxury Metal Legs Living room Bedroom Black,2038710,,,CA,,,Oxnard,93036,Marketplace standard,0.00,-19.56,0.00,0.00,0.00,0.00,0.00,0.00,0.00,0.00,0.00,0.00,0.00,0.00,0.00,0,0.00,0.00,0.00,0.00,0.00,0.00,0.00,0.00,0.00,0.00,0.00,0.00,0.00,0.00,0.00,0.00,0.00,0.00,Y,Walmart Return Shipping Charge,5013,,,Furniture,Furniture & Decor,,,,,N,Seller Fulfilled,,,,,,,
200012044052251,3,108918225101473,1,,SALE,06/30/2024,1,BPK002SL,06976391064126,Tolead Raised Toilet Seat with Handles Adjustable Bedside Commode Width w/Side Pocket,2038710,,,SC,,,Duncan,29334,Marketplace value,74.89,63.69,6.30,9.00,69.99,0.00,0.00,0.00,0.00,0.00,0.00,0.00,0.00,0.00,0.00,0,0.00,0.00,0.00,0.00,4.90,0.00,0.00,0.00,0.00,0.00,0.00,0.00,0.00,0.00,0.00,0.00,0.00,4.90,Y,,,,-10.50,Medicine & Supplements,Home & Garden,Toilet Seats,SCE-19940_19850,,,N,Seller Fulfilled,Delivery,Others,4.20,,,,
200012044013762,2,108919049740015,1,,SALE,07/07/2024,1,NFP003BU-WL,06973813988183,Tolead 7.5 Inch Bed Inclined Wedge Pillow King Gray,2038710,,,MI,,,Lowell,49331,Marketplace value,126.13,101.14,17.85,15.00,118.99,0.00,0.00,0.00,0.00,0.00,0.00,0.00,0.00,0.00,0.00,0,0.00,0.00,0.00,0.00,7.14,0.00,0.00,0.00,0.00,0.00,0.00,0.00,0.00,0.00,0.00,0.00,0.00,7.14,Y,,,,-17.85,Bedding,Home & Garden,Grill Stands & Carts,BSE-66-7.0,,,N,Seller Fulfilled,Delivery,,0.00,,,,New
200012041925521,2,108918635922123,1,,SALE,07/02/2024,1,NFN051NL,06976391060470,Tolead Rattan Low Profile TV Stands with Sliding Doors up to 65 TV Natural,2038710,,,OR,,,Eugene,97408,Marketplace standard,107.99,91.79,16.20,15.00,107.99,0.00,0.00,0.00,0.00,0.00,0.00,0.00,0.00,0.00,0.00,0,0.00,0.00,0.00,0.00,0.00,0.00,0.00,0.00,0.00,0.00,0.00,0.00,0.00,0.00,0.00,0.00,0.00,0.00,N,,,,-16.20,Furniture,Furniture & Decor,Television Stands,BSE-82-2.0,,,N,Seller Fulfilled,Delivery,,0.00,,,,
200012040989350,2,108918328144208,1,,SALE,06/30/2024,1,NFN014BU,06973813987063,Tolead Kitchen Single Trash Cabinet Tilt Out Free Standing Storage Can with Hideaway Drawer and Countertop Wood Blue,2038710,,,PA,,,Pittsburgh,15210,Marketplace expedited,105.99,84.99,15.00,15.00,99.99,0.00,0.00,0.00,0.00,0.00,0.00,0.00,0.00,0.00,0.00,0,0.00,0.00,0.00,0.00,6.00,0.00,0.00,0.00,0.00,0.00,0.00,0.00,0.00,0.00,0.00,0.00,0.00,6.00,Y,,,,-15.00,Home Decor  Kitchen  & Other,Home & Garden,Garbage Cans & Wastebaskets,BSE-66-7.0,,,N,Walmart-fulfilled(WFS),Delivery,,0.00,,,,New
200012040989350,2,108918328144208,1,,ADJMNT,07/01/2024,1,NFN014BU,06973813987063,Tolead Kitchen Single Trash Cabinet Tilt Out Free Standing Storage Can with Hideaway Drawer and Countertop Wood Blue,2038710,,,PA,,,Pittsburgh,15210,Marketplace expedited,0.00,-16.95,16.95,0.00,0.00,0.00,0.00,0.00,0.00,0.00,0.00,0.00,0.00,0.00,0.00,0,0.00,0.00,0.00,0.00,0.00,0.00,0.00,0.00,0.00,0.00,0.00,0.00,0.00,0.00,0.00,0.00,0.00,0.00,Y,WFS Fulfillment fee,5041,,,Home Decor  Kitchen  & Other,Home & Garden,,,,,N,Walmart-fulfilled(WFS),,,,,,,New
200012038516179,12,108918636188460,1,,SALE,07/03/2024,1,NFP014BG,06973813986578,Tolead 5Pcs Bed Wedge Pillow Set Sit up Pillow Recovery Health Acid Reflux Comfort Memory Foam Beige,2039972,,,WV,,,South Charleston,25309,Marketplace standard,96.29,76.49,13.50,15.00,89.99,0.00,0.00,0.00,0.00,0.00,0.00,0.00,0.00,0.00,0.00,0,0.00,0.00,0.00,0.00,6.30,0.00,0.00,0.00,0.00,0.00,0.00,0.00,0.00,0.00,0.00,0.00,0.00,6.30,Y,,,,-13.50,Bedding,Home & Garden,Wedge Pillows,BSE-67-9.0,,,N,Seller Fulfilled,Delivery,,0.00,,,,
200012037664472,1,108919464642194,1,,SALE,07/11/2024,1,NFP012GR,06973813987711,Tolead 6pcs Adjustable Orthopedic Bed Wedge Pillow Set Sleeping Sitting Pillow Gray,2039972,,,MN,,,Bloomington,55420,Marketplace value,98.11,76.49,13.50,15.00,89.99,0.00,0.00,0.00,0.00,0.00,0.00,0.00,0.00,0.00,0.00,0,0.00,0.00,0.00,0.00,8.12,0.00,0.00,0.00,0.00,0.00,0.00,0.00,0.00,0.00,0.00,0.00,0.00,8.12,Y,,,,-13.50,Bedding,Home & Garden,Wedge Pillows,BSE-67-9.0,,,N,Seller Fulfilled,Delivery,,0.00,,,,New
200012037033273,1,108919357575040,1,,SALE,07/09/2024,1,TLH013NL,06976391060364,Tolead 60 Heavy-Duty Adjustable Workbench with Power Outlets Rubber Wood Shop Table Metal Wheels Workstation,2038710,,,FL,,,Jacksonville,32258,Marketplace value,222.50,175.93,31.05,15.00,206.98,0.00,0.00,0.00,0.00,0.00,0.00,0.00,0.00,0.00,0.00,0,0.00,0.00,0.00,0.00,15.52,0.00,0.00,0.00,0.00,0.00,0.00,0.00,0.00,0.00,0.00,0.00,0.00,15.52,Y,,,,-31.05,Tools & Hardware Other,Tools & Home Improvement,Workbenches,BSE-61-16.0,,,N,Seller Fulfilled,Delivery,,0.00,,,,
200012035043069,1,108918432034375,1,,SALE,07/01/2024,1,TLH001NL,06973813983973,Tolead 48 Heavy-Duty Adjustable Workbench Rubber Wood Shop Table Metal Wheels Workstation,2038710,,,FL,,,Ponte Vedra,32081,Marketplace value,155.47,130.03,22.95,15.00,145.98,0.00,0.00,0.00,0.00,0.00,0.00,0.00,0.00,0.00,0.00,0,0.00,0.00,0.00,0.00,9.49,0.00,0.00,0.00,0.00,0.00,0.00,0.00,0.00,0.00,0.00,0.00,0.00,9.49,Y,,,152.98,-22.95,Tools & Hardware Other,Tools & Home Improvement,Workbenches,BSE-61-16.0,,,N,Seller Fulfilled,Delivery,,0.00,,-7.00,WM_DISC,New
200012033986661,1,108918635767135,1,,SALE,07/02/2024,1,NFD004WH-WL,06973813989883,Tolead Twin Daybed with Trundle Wood Sofa Bed Frame for Kids & Teens Rustic Sturdy White,2038710,,,AZ,,,Tolleson,85353,Marketplace standard,217.19,172.68,30.31,14.93,199.99,0.00,0.00,0.00,0.00,0.00,0.00,0.00,0.00,0.00,0.00,0,0.00,0.00,0.00,0.00,17.20,0.00,0.00,0.00,0.00,0.00,0.00,0.00,0.00,0.00,0.00,0.00,0.00,17.20,Y,,,202.99,-30.31,Furniture,Furniture & Decor,Daybeds,BSE-82-2.0,,,N,Seller Fulfilled,Delivery,,0.00,,-3.00,WM_DISC,
200012032235546,1,108919462364688,1,,SALE,07/11/2024,1,NFN017NL,06973813988381,Tolead 2Pcs Rattan Nightstand Set Boho Side Table with Handmade Rattan Decorated Drawer Natural,2038710,,,NC,,,Greensboro,27410,Marketplace value,128.09,101.99,18.00,15.00,119.99,0.00,0.00,0.00,0.00,0.00,0.00,0.00,0.00,0.00,0.00,0,0.00,0.00,0.00,0.00,8.10,0.00,0.00,0.00,0.00,0.00,0.00,0.00,0.00,0.00,0.00,0.00,0.00,8.10,Y,,,,-18.00,Furniture,Furniture & Decor,Nightstands,BSE-82-2.0,,,N,Seller Fulfilled,Delivery,,0.00,,,,
200012031202479,1,108918123374398,1,,SALE,06/30/2024,1,NFN008GR,06973813985144,Tolead TV Stand with Sliding Barn Door Up to 65 TV Dark Gray,2038710,,,OR,,,Salem,97305,Marketplace standard,189.99,169.98,30.00,15.00,189.99,0.00,0.00,0.00,0.00,0.00,0.00,0.00,0.00,0.00,0.00,0,0.00,0.00,0.00,0.00,0.00,0.00,0.00,0.00,0.00,0.00,0.00,0.00,0.00,0.00,0.00,0.00,0.00,0.00,N,,,199.98,-30.00,Furniture,Furniture & Decor,Television Stands,BSE-82-2.0,,,N,Seller Fulfilled,Delivery,,0.00,,-9.99,WM_DISC,
200012030161739,2,108918226065307,1,,SALE,06/30/2024,1,NFJ002GR,06973813984550,Tolead Convertible Folding Sleeper Sofa Chair Bed with Adjustable Backrest Reading Bedroom Living Room,2038710,,,MS,,,Southaven,38671,Marketplace value,236.46,188.88,32.11,14.53,220.99,0.00,0.00,0.00,0.00,0.00,0.00,0.00,0.00,0.00,0.00,0,0.00,0.00,0.00,0.00,15.47,0.00,0.00,0.00,0.00,0.00,0.00,0.00,0.00,0.00,0.00,0.00,0.00,15.47,Y,,,,-32.11,Furniture,Furniture & Decor,Sofas & Couches,BSE-82-2.0,,,N,Seller Fulfilled,Delivery,,0.00,,,,
200012028869855,1,108918429467561,1,,SALE,06/30/2024,1,BPK002SL,06976391064126,Tolead Raised Toilet Seat with Handles Adjustable Bedside Commode Width w/Side Pocket,2038710,,,LA,,,Franklinton,70438,Marketplace value,75.90,63.69,6.30,9.00,69.99,0.00,0.00,0.00,0.00,0.00,0.00,0.00,0.00,0.00,0.00,0,0.00,0.00,0.00,0.00,5.91,0.00,0.00,0.00,0.00,0.00,0.00,0.00,0.00,0.00,0.00,0.00,0.00,5.91,Y,,,,-10.50,Medicine & Supplements,Home & Garden,Toilet Seats,SCE-19940_19850,,,N,Seller Fulfilled,Delivery,Others,4.20,,,,
200012027381390,1,108919565034245,1,,SALE,07/11/2024,1,NFJ003BG,06973813980309,Tolead Living Room Chair Royal Velvet High Back Armless Chairs Retro Elegant Luxury Throne Chair Upholstered Tufted Accent Seat w/Storage Living Room Beige,2038710,,,DE,,,Newark,19713,Marketplace standard,159.98,135.98,24.00,15.00,159.98,0.00,0.00,0.00,0.00,0.00,0.00,0.00,0.00,0.00,0.00,0,0.00,0.00,0.00,0.00,0.00,0.00,0.00,0.00,0.00,0.00,0.00,0.00,0.00,0.00,0.00,0.00,0.00,0.00,N,,,,-24.00,Furniture,Furniture & Decor,Armchairs & Accent Chairs,BSE-82-2.0,,,N,Seller Fulfilled,Delivery,,0.00,,,,
200012027381390,1,108919565034245,2,,SALE,07/11/2024,1,NFJ003BG,06973813980309,Tolead Living Room Chair Royal Velvet High Back Armless Chairs Retro Elegant Luxury Throne Chair Upholstered Tufted Accent Seat w/Storage Living Room Beige,2038710,,,DE,,,Newark,19713,Marketplace standard,159.98,135.98,24.00,15.00,159.98,0.00,0.00,0.00,0.00,0.00,0.00,0.00,0.00,0.00,0.00,0,0.00,0.00,0.00,0.00,0.00,0.00,0.00,0.00,0.00,0.00,0.00,0.00,0.00,0.00,0.00,0.00,0.00,0.00,N,,,,-24.00,Furniture,Furniture & Decor,Armchairs & Accent Chairs,BSE-82-2.0,,,N,Seller Fulfilled,Delivery,,0.00,,,,
200012027032665,1,108919152668795,1,,SALE,07/08/2024,1,NFN026NL,06973813988411,Tolead 2Pcs Rattan Nightstand with Charging Station Boho Side Table with Handmade Rattan Decorated Door Bedroom Living Room Natural,2038710,,,LA,,,Metairie,70006,Marketplace value,140.97,110.49,19.50,15.00,129.99,0.00,0.00,0.00,0.00,0.00,0.00,0.00,0.00,0.00,0.00,0,0.00,0.00,0.00,0.00,10.98,0.00,0.00,0.00,0.00,0.00,0.00,0.00,0.00,0.00,0.00,0.00,0.00,10.98,Y,,,,-19.50,Furniture,Furniture & Decor,Nightstands,BSE-82-2.0,,,N,Seller Fulfilled,Delivery,,0.00,,,,
200012025619656,1,108919565304854,1,,SALE,07/11/2024,1,TLH001NL,06973813983973,Tolead 48 Heavy-Duty Adjustable Workbench Rubber Wood Shop Table Metal Wheels Workstation,2038710,,,NY,,,Howard Beach,11414,Marketplace standard,151.31,130.03,22.95,15.00,138.98,0.00,0.00,0.00,0.00,0.00,0.00,0.00,0.00,0.00,0.00,0,0.00,0.00,0.00,0.00,12.33,0.00,0.00,0.00,0.00,0.00,0.00,0.00,0.00,0.00,0.00,0.00,0.00,12.33,Y,,,152.98,-22.95,Tools & Hardware Other,Tools & Home Improvement,Workbenches,BSE-61-16.0,,,N,Seller Fulfilled,Delivery,,0.00,,-14.00,WM_DISC,New
200012023444566,1,108918944468651,1,,SALE,07/06/2024,1,NFP003GR-WL,06973813983768,Tolead 5pcs Orthopedic Washable Bed Wedge Pillow Set Adjustable Acid Reflux Reading Recovery Health Surgery,2039972,,,MO,,,Saint Louis,63131,Marketplace standard,89.62,76.49,13.50,15.00,85.99,0.00,0.00,0.00,0.00,0.00,0.00,0.00,0.00,0.00,0.00,0,0.00,0.00,0.00,0.00,3.63,0.00,0.00,0.00,0.00,0.00,0.00,0.00,0.00,0.00,0.00,0.00,0.00,3.63,Y,,,89.99,-13.50,Bedding,Home & Garden,Wedge Pillows,BSE-67-9.0,,,N,Walmart-fulfilled(WFS),Delivery,,0.00,,-4.00,WM_DISC,
200012023444566,1,108918944468651,1,,ADJMNT,07/07/2024,1,NFP003GR-WL,06973813983768,Tolead 5pcs Orthopedic Washable Bed Wedge Pillow Set Adjustable Acid Reflux Reading Recovery Health Surgery,2039972,,,MO,,,Saint Louis,63131,Marketplace standard,0.00,-14.55,14.55,0.00,0.00,0.00,0.00,0.00,0.00,0.00,0.00,0.00,0.00,0.00,0.00,0,0.00,0.00,0.00,0.00,0.00,0.00,0.00,0.00,0.00,0.00,0.00,0.00,0.00,0.00,0.00,0.00,0.00,0.00,Y,WFS Fulfillment fee,5041,89.99,,Bedding,Home & Garden,,,,,N,Walmart-fulfilled(WFS),,,,,,,
200012022372451,2,108919565238508,1,,SALE,07/11/2024,1,NFP014BG,06973813986578,Tolead 5Pcs Bed Wedge Pillow Set Sit up Pillow Recovery Health Acid Reflux Comfort Memory Foam Beige,2039972,,,IL,,,Peoria Heights,61616,Marketplace value,83.75,68.84,12.15,15.00,80.99,0.00,0.00,0.00,0.00,0.00,0.00,0.00,0.00,0.00,0.00,0,0.00,0.00,0.00,0.00,6.74,0.00,0.00,0.00,0.00,0.00,0.00,0.00,0.00,0.00,0.00,0.00,0.00,6.74,Y,,,,-12.15,Bedding,Home & Garden,Wedge Pillows,BSE-67-9.0,,,N,Seller Fulfilled,Delivery,,0.00,,-3.98,,
200012021066130,1,108919151068356,1,,SALE,07/08/2024,1,NFP012GR,06973813987711,Tolead 6pcs Adjustable Orthopedic Bed Wedge Pillow Set Sleeping Sitting Pillow Gray,2039972,,,IL,,,Chicago,60643,Marketplace value,99.21,76.49,13.50,15.00,89.99,0.00,0.00,0.00,0.00,0.00,0.00,0.00,0.00,0.00,0.00,0,0.00,0.00,0.00,0.00,9.22,0.00,0.00,0.00,0.00,0.00,0.00,0.00,0.00,0.00,0.00,0.00,0.00,9.22,Y,,,,-13.50,Bedding,Home & Garden,Wedge Pillows,BSE-67-9.0,,,N,Seller Fulfilled,Delivery,,0.00,,,,New
200012020979305,1,108918535030646,1,,SALE,07/02/2024,1,JGWLMC006GL,06976391061408,Tolead 3-in-1 Convertible Baby High Chair with 2-Level Height Adjustable Legs 3-Level Adjustable Tray for Babies and Toddlers Baby Highchair with 5-Point Safety Belt & Footrest Light Gray,2038710,,,KY,,,Louisville,40245,Marketplace value,66.76,53.53,9.45,15.00,62.98,0.00,0.00,0.00,0.00,0.00,0.00,0.00,0.00,0.00,0.00,0,0.00,0.00,0.00,0.00,3.78,0.00,0.00,0.00,0.00,0.00,0.00,0.00,0.00,0.00,0.00,0.00,0.00,3.78,Y,,,,-9.45,Baby Furniture,Baby,Baby Feeding Chairs,BSE-48-11.0,,,N,Seller Fulfilled,Delivery,,0.00,,,,
200012019879257,2,108916250578296,2,,REFUNDED,07/03/2024,1,NFN056NL-WL,06976391060005,Tolead Wood Sideboard Buffet Cabinet with Storage Rattan Doors Rustic Modern Kitchen Shelf,2038710,,,,,,Purling,12470,,-97.19,-76.49,-13.50,0.00,0.00,-89.99,0.00,0.00,0.00,0.00,0.00,0.00,0.00,0.00,0.00,0,0.00,0.00,0.00,0.00,0.00,0.00,0.00,0.00,0.00,-7.20,0.00,0.00,0.00,0.00,0.00,0.00,0.00,-7.20,Y,Return Refund,5010,,,Furniture,Furniture & Decor,,,1018,Not as described/pictured,N,Seller Fulfilled,,,,,,,
200012019879257,2,108916250578296,1,,REFUNDED,07/03/2024,1,NFN056NL-WL,06976391060005,Tolead Wood Sideboard Buffet Cabinet with Storage Rattan Doors Rustic Modern Kitchen Shelf,2038710,,,,,,Purling,12470,,-97.19,-76.49,-13.50,0.00,0.00,-89.99,0.00,0.00,0.00,0.00,0.00,0.00,0.00,0.00,0.00,0,0.00,0.00,0.00,0.00,0.00,0.00,0.00,0.00,0.00,-7.20,0.00,0.00,0.00,0.00,0.00,0.00,0.00,-7.20,Y,Return Refund,5010,,,Furniture,Furniture & Decor,,,1018,Not as described/pictured,N,Seller Fulfilled,,,,,,,
200012019879257,2,108916250578296,3,,REFUNDED,07/11/2024,1,NFN056NL-WL,06976391060005,Tolead Wood Sideboard Buffet Cabinet with Storage Rattan Doors Rustic Modern Kitchen Shelf,2038710,,,,,,Purling,12470,,-97.19,-76.49,-13.50,0.00,0.00,-89.99,0.00,0.00,0.00,0.00,0.00,0.00,0.00,0.00,0.00,0,0.00,0.00,0.00,0.00,0.00,0.00,0.00,0.00,0.00,-7.20,0.00,0.00,0.00,0.00,0.00,0.00,0.00,-7.20,Y,Return Refund,5010,,,Furniture,Furniture & Decor,,,1018,Not as described/pictured,N,Seller Fulfilled,,,,,,,
200012019815084,1,108918430840295,1,,SALE,07/01/2024,1,NFN051NL,06976391060470,Tolead Rattan Low Profile TV Stands with Sliding Doors up to 65 TV Natural,2038710,,,FL,,,Panama City Beach,32407,Marketplace value,115.55,91.79,16.20,15.00,107.99,0.00,0.00,0.00,0.00,0.00,0.00,0.00,0.00,0.00,0.00,0,0.00,0.00,0.00,0.00,7.56,0.00,0.00,0.00,0.00,0.00,0.00,0.00,0.00,0.00,0.00,0.00,0.00,7.56,Y,,,,-16.20,Furniture,Furniture & Decor,Television Stands,BSE-82-2.0,,,N,Seller Fulfilled,Delivery,,0.00,,,,
200012013429967,1,108919049534112,1,,SALE,07/07/2024,1,TLH010NL,06973813987445,Tolead 48 Heavy-Duty Adjustable Workbench with Power Outlets Rubber Wood Shop Table Workstation,2038710,,,NY,,,Montauk,11954,Marketplace standard,171.07,133.87,23.62,15.00,157.49,0.00,0.00,0.00,0.00,0.00,0.00,0.00,0.00,0.00,0.00,0,0.00,0.00,0.00,0.00,13.58,0.00,0.00,0.00,0.00,0.00,0.00,0.00,0.00,0.00,0.00,0.00,0.00,13.58,Y,,,,-23.62,Tools & Hardware Other,Tools & Home Improvement,Workbenches,BSE-61-16.0,,,N,Seller Fulfilled,Delivery,,0.00,,,,
200012011992480,1,108918532710312,1,,SALE,07/02/2024,1,NFP003GR-WL,06973813983768,Tolead 5pcs Orthopedic Washable Bed Wedge Pillow Set Adjustable Acid Reflux Reading Recovery Health Surgery,2039972,,,VA,,,Virginia Beach,23453,Marketplace standard,91.15,76.49,13.50,15.00,85.99,0.00,0.00,0.00,0.00,0.00,0.00,0.00,0.00,0.00,0.00,0,0.00,0.00,0.00,0.00,5.16,0.00,0.00,0.00,0.00,0.00,0.00,0.00,0.00,0.00,0.00,0.00,0.00,5.16,Y,,,89.99,-13.50,Bedding,Home & Garden,Wedge Pillows,BSE-67-9.0,,,N,Walmart-fulfilled(WFS),Delivery,,0.00,,-4.00,WM_DISC,
200012011992480,1,108918532710312,1,,ADJMNT,07/03/2024,1,NFP003GR-WL,06973813983768,Tolead 5pcs Orthopedic Washable Bed Wedge Pillow Set Adjustable Acid Reflux Reading Recovery Health Surgery,2039972,,,VA,,,Virginia Beach,23453,Marketplace standard,0.00,-14.55,14.55,0.00,0.00,0.00,0.00,0.00,0.00,0.00,0.00,0.00,0.00,0.00,0.00,0,0.00,0.00,0.00,0.00,0.00,0.00,0.00,0.00,0.00,0.00,0.00,0.00,0.00,0.00,0.00,0.00,0.00,0.00,Y,WFS Fulfillment fee,5041,89.99,,Bedding,Home & Garden,,,,,N,Walmart-fulfilled(WFS),,,,,,,
200012010672030,1,108918842949984,1,,SALE,07/05/2024,1,NFN017NL,06973813988381,Tolead 2Pcs Rattan Nightstand Set Boho Side Table with Handmade Rattan Decorated Drawer Natural,2038710,,,SC,,,Lexington,29072,Marketplace value,128.39,101.99,18.00,15.00,119.99,0.00,0.00,0.00,0.00,0.00,0.00,0.00,0.00,0.00,0.00,0,0.00,0.00,0.00,0.00,8.40,0.00,0.00,0.00,0.00,0.00,0.00,0.00,0.00,0.00,0.00,0.00,0.00,8.40,Y,,,,-18.00,Furniture,Furniture & Decor,Nightstands,BSE-82-2.0,,,N,Seller Fulfilled,Delivery,,0.00,,,,
200012010257797,3,108918429461290,1,,SALE,06/30/2024,1,NFN056NL-WL,06976391060005,Tolead Wood Sideboard Buffet Cabinet with Storage Rattan Doors Rustic Modern Kitchen Shelf,2038710,,,IL,,,Sandwich,60548,Marketplace value,96.51,76.49,13.50,15.00,89.99,0.00,0.00,0.00,0.00,0.00,0.00,0.00,0.00,0.00,0.00,0,0.00,0.00,0.00,0.00,6.52,0.00,0.00,0.00,0.00,0.00,0.00,0.00,0.00,0.00,0.00,0.00,0.00,6.52,Y,,,,-13.50,Furniture,Furniture & Decor,Credenzas & Sideboards,BSE-82-2.0,,,N,Seller Fulfilled,Delivery,,0.00,,,,New
200012010257797,3,108918429461290,2,,SALE,06/30/2024,1,NFN056NL-WL,06976391060005,Tolead Wood Sideboard Buffet Cabinet with Storage Rattan Doors Rustic Modern Kitchen Shelf,2038710,,,IL,,,Sandwich,60548,Marketplace value,96.51,76.49,13.50,15.00,89.99,0.00,0.00,0.00,0.00,0.00,0.00,0.00,0.00,0.00,0.00,0,0.00,0.00,0.00,0.00,6.52,0.00,0.00,0.00,0.00,0.00,0.00,0.00,0.00,0.00,0.00,0.00,0.00,6.52,Y,,,,-13.50,Furniture,Furniture & Decor,Credenzas & Sideboards,BSE-82-2.0,,,N,Seller Fulfilled,Delivery,,0.00,,,,New
200012010257797,3,108918429461290,3,,SALE,06/30/2024,1,NFN056NL-WL,06976391060005,Tolead Wood Sideboard Buffet Cabinet with Storage Rattan Doors Rustic Modern Kitchen Shelf,2038710,,,IL,,,Sandwich,60548,Marketplace value,96.51,76.49,13.50,15.00,89.99,0.00,0.00,0.00,0.00,0.00,0.00,0.00,0.00,0.00,0.00,0,0.00,0.00,0.00,0.00,6.52,0.00,0.00,0.00,0.00,0.00,0.00,0.00,0.00,0.00,0.00,0.00,0.00,6.52,Y,,,,-13.50,Furniture,Furniture & Decor,Credenzas & Sideboards,BSE-82-2.0,,,N,Seller Fulfilled,Delivery,,0.00,,,,New
200012009356979,1,108919254872703,1,,SALE,07/09/2024,1,NFN006WH,06973813984574,Tolead Wooden Bathroom Storage Over The Toilet with Adjustable Shelves and Sliding Doors Towels Wood White,2038710,,,NY,,,Buffalo,14204,Marketplace standard,97.86,76.49,13.50,15.00,89.99,0.00,0.00,0.00,0.00,0.00,0.00,0.00,0.00,0.00,0.00,0,0.00,0.00,0.00,0.00,7.87,0.00,0.00,0.00,0.00,0.00,0.00,0.00,0.00,0.00,0.00,0.00,0.00,7.87,Y,,,,-13.50,Furniture,Home & Garden,Bathtub & Shower Organizers,BSE-65-6.0,,,N,Seller Fulfilled,Delivery,,0.00,,,,New
200012009318733,1,108919565064254,1,,SALE,07/11/2024,1,NFN004BK,08711777054845,Tolead Black Wood Nightstand with Charging Station 2 Storage Drawer & Open Shelf Bedroom Office Adult,2038710,,,FL,,,Hialeah,33014,Marketplace value,49.21,39.09,6.90,15.00,45.99,0.00,0.00,0.00,0.00,0.00,0.00,0.00,0.00,0.00,0.00,0,0.00,0.00,0.00,0.00,3.22,0.00,0.00,0.00,0.00,0.00,0.00,0.00,0.00,0.00,0.00,0.00,0.00,3.22,Y,,,,-6.90,Furniture,Furniture & Decor,Nightstands,BSE-82-2.0,,,N,Seller Fulfilled,Delivery,,0.00,,,,
200012009210695,1,108918225358057,1,,SALE,06/30/2024,1,NFP014BU,06973813986561,Tolead 5pcs Adjustable Orthopedic Bed Wedge Pillow Set Blue,2039972,,,MD,,,Baltimore,21202,Marketplace standard,91.15,76.49,13.50,15.00,85.99,0.00,0.00,0.00,0.00,0.00,0.00,0.00,0.00,0.00,0.00,0,0.00,0.00,0.00,0.00,5.16,0.00,0.00,0.00,0.00,0.00,0.00,0.00,0.00,0.00,0.00,0.00,0.00,5.16,Y,,,89.99,-13.50,Bedding,Home & Garden,Wedge Pillows,BSE-67-9.0,,,N,Seller Fulfilled,Delivery,,0.00,,-4.00,WM_DISC,
200012006394331,1,108919049327559,1,,SALE,07/07/2024,1,NFN056NL-WL,06976391060005,Tolead Wood Sideboard Buffet Cabinet with Storage Rattan Doors Rustic Modern Kitchen Shelf,2038710,,,MS,,,carriere,39426,Marketplace value,96.29,76.49,13.50,15.00,89.99,0.00,0.00,0.00,0.00,0.00,0.00,0.00,0.00,0.00,0.00,0,0.00,0.00,0.00,0.00,6.30,0.00,0.00,0.00,0.00,0.00,0.00,0.00,0.00,0.00,0.00,0.00,0.00,6.30,Y,,,,-13.50,Furniture,Furniture & Decor,Credenzas & Sideboards,BSE-82-2.0,,,N,Seller Fulfilled,Delivery,,0.00,,,,New
200012006394331,1,108919049327559,2,,SALE,07/07/2024,1,NFN056NL-WL,06976391060005,Tolead Wood Sideboard Buffet Cabinet with Storage Rattan Doors Rustic Modern Kitchen Shelf,2038710,,,MS,,,carriere,39426,Marketplace value,96.29,76.49,13.50,15.00,89.99,0.00,0.00,0.00,0.00,0.00,0.00,0.00,0.00,0.00,0.00,0,0.00,0.00,0.00,0.00,6.30,0.00,0.00,0.00,0.00,0.00,0.00,0.00,0.00,0.00,0.00,0.00,0.00,6.30,Y,,,,-13.50,Furniture,Furniture & Decor,Credenzas & Sideboards,BSE-82-2.0,,,N,Seller Fulfilled,Delivery,,0.00,,,,New
200012006394331,1,108919049327559,3,,SALE,07/07/2024,1,NFN056NL-WL,06976391060005,Tolead Wood Sideboard Buffet Cabinet with Storage Rattan Doors Rustic Modern Kitchen Shelf,2038710,,,MS,,,carriere,39426,Marketplace value,96.29,76.49,13.50,15.00,89.99,0.00,0.00,0.00,0.00,0.00,0.00,0.00,0.00,0.00,0.00,0,0.00,0.00,0.00,0.00,6.30,0.00,0.00,0.00,0.00,0.00,0.00,0.00,0.00,0.00,0.00,0.00,0.00,6.30,Y,,,,-13.50,Furniture,Furniture & Decor,Credenzas & Sideboards,BSE-82-2.0,,,N,Seller Fulfilled,Delivery,,0.00,,,,New
200012006394331,1,108919049327559,4,,SALE,07/07/2024,1,NFN056NL-WL,06976391060005,Tolead Wood Sideboard Buffet Cabinet with Storage Rattan Doors Rustic Modern Kitchen Shelf,2038710,,,MS,,,carriere,39426,Marketplace value,96.29,76.49,13.50,15.00,89.99,0.00,0.00,0.00,0.00,0.00,0.00,0.00,0.00,0.00,0.00,0,0.00,0.00,0.00,0.00,6.30,0.00,0.00,0.00,0.00,0.00,0.00,0.00,0.00,0.00,0.00,0.00,0.00,6.30,Y,,,,-13.50,Furniture,Furniture & Decor,Credenzas & Sideboards,BSE-82-2.0,,,N,Seller Fulfilled,Delivery,,0.00,,,,New
200012005615646,2,108916767760517,1,,REFUNDED,07/02/2024,1,OFE006GR,06973813988633,Tolead Outdoor Aluminum Patio Furniture Set with 5 Cushion & Wide Armrest & Backrest Balcony Garden Dark Gray,2038710,,,,,,Deal,07723,,-458.48,-376.97,-53.02,0.00,0.00,-429.99,0.00,0.00,0.00,0.00,0.00,0.00,0.00,0.00,0.00,0,0.00,0.00,0.00,0.00,0.00,0.00,0.00,0.00,0.00,-28.49,0.00,0.00,0.00,0.00,0.00,0.00,0.00,-28.49,Y,Return Refund,5010,,,Garden & Patio,Home & Garden,,,1000,No Longer Wanted,N,Seller Fulfilled,,,,,,,New
200012002007402,2,108919461096111,1,,SALE,07/10/2024,1,NFN056NL-WL,06976391060005,Tolead Wood Sideboard Buffet Cabinet with Storage Rattan Doors Rustic Modern Kitchen Shelf,2038710,,,MO,,,Barnhart,63012,Marketplace value,96.60,76.49,13.50,15.00,89.99,0.00,0.00,0.00,0.00,0.00,0.00,0.00,0.00,0.00,0.00,0,0.00,0.00,0.00,0.00,6.61,0.00,0.00,0.00,0.00,0.00,0.00,0.00,0.00,0.00,0.00,0.00,0.00,6.61,Y,,,,-13.50,Furniture,Furniture & Decor,Credenzas & Sideboards,BSE-82-2.0,,,N,Seller Fulfilled,Delivery,,0.00,,,,New
200012001969076,1,108919152462407,1,,SALE,07/08/2024,1,NFN026NL,06973813988411,Tolead 2Pcs Rattan Nightstand with Charging Station Boho Side Table with Handmade Rattan Decorated Door Bedroom Living Room Natural,2038710,,,MO,,,Saint Louis,63109,Marketplace value,142.57,110.49,19.50,15.00,129.99,0.00,0.00,0.00,0.00,0.00,0.00,0.00,0.00,0.00,0.00,0,0.00,0.00,0.00,0.00,12.58,0.00,0.00,0.00,0.00,0.00,0.00,0.00,0.00,0.00,0.00,0.00,0.00,12.58,Y,,,,-19.50,Furniture,Furniture & Decor,Nightstands,BSE-82-2.0,,,N,Seller Fulfilled,Delivery,,0.00,,,,
200012000493107,2,108918533295888,1,,SALE,07/02/2024,1,JGWLMC012GR,06973813986431,Tolead 2 Piece Barnwood Rustic Nightstand with Barn Door and Drawers Living Room Bedroom Gray,2038710,,,TN,,,Stewart,37175,Marketplace value,135.52,104.97,18.52,15.00,123.49,0.00,0.00,0.00,0.00,0.00,0.00,0.00,0.00,0.00,0.00,0,0.00,0.00,0.00,0.00,12.03,0.00,0.00,0.00,0.00,0.00,0.00,0.00,0.00,0.00,0.00,0.00,0.00,12.03,Y,,,,-18.52,Furniture,Furniture & Decor,Nightstands,BSE-82-2.0,,,N,Seller Fulfilled,Delivery,,0.00,,,,
200012000341665,1,108918843551670,1,,SALE,07/05/2024,1,NFN056NL-WL,06976391060005,Tolead Wood Sideboard Buffet Cabinet with Storage Rattan Doors Rustic Modern Kitchen Shelf,2038710,,,AL,,,Huntsville,35806,Marketplace value,97.19,76.49,13.50,15.00,89.99,0.00,0.00,0.00,0.00,0.00,0.00,0.00,0.00,0.00,0.00,0,0.00,0.00,0.00,0.00,7.20,0.00,0.00,0.00,0.00,0.00,0.00,0.00,0.00,0.00,0.00,0.00,0.00,7.20,Y,,,,-13.50,Furniture,Furniture & Decor,Credenzas & Sideboards,BSE-82-2.0,,,N,Seller Fulfilled,Delivery,,0.00,,,,New
200012000341665,1,108918843551670,2,,SALE,07/05/2024,1,NFN056NL-WL,06976391060005,Tolead Wood Sideboard Buffet Cabinet with Storage Rattan Doors Rustic Modern Kitchen Shelf,2038710,,,AL,,,Huntsville,35806,Marketplace value,97.19,76.49,13.50,15.00,89.99,0.00,0.00,0.00,0.00,0.00,0.00,0.00,0.00,0.00,0.00,0,0.00,0.00,0.00,0.00,7.20,0.00,0.00,0.00,0.00,0.00,0.00,0.00,0.00,0.00,0.00,0.00,0.00,7.20,Y,,,,-13.50,Furniture,Furniture & Decor,Credenzas & Sideboards,BSE-82-2.0,,,N,Seller Fulfilled,Delivery,,0.00,,,,New
200012000041505,1,108915010934946,1,,ADJMNT,06/30/2024,1,OFK002WG,06973813988688,Tolead 6 x 4 Metal Outdoor Galvanized Steel Tools Storage Building Shed 30 sq ft Dark Gray,2038710,,,MD,,,Catonsville,21228,Marketplace value,0.00,-51.70,0.00,0.00,0.00,0.00,0.00,0.00,0.00,0.00,0.00,0.00,0.00,0.00,0.00,0,0.00,0.00,0.00,0.00,0.00,0.00,0.00,0.00,0.00,0.00,0.00,0.00,0.00,0.00,0.00,0.00,0.00,0.00,Y,Walmart Return Shipping Charge,5013,,,Garden & Patio,Home & Garden,,,,,N,Seller Fulfilled,,,,,,,New
200011999584956,2,108917386071127,1,,REFUNDED,07/02/2024,1,NFN004BK,08711777054845,Tolead Black Wood Nightstand with Charging Station 2 Storage Drawer & Open Shelf Bedroom Office Adult,2038710,,,,,,West Jordan,84081,,-49.32,-39.09,-6.90,0.00,0.00,-45.99,0.00,0.00,0.00,0.00,0.00,0.00,0.00,0.00,0.00,0,0.00,0.00,0.00,0.00,0.00,0.00,0.00,0.00,0.00,-3.33,0.00,0.00,0.00,0.00,0.00,0.00,0.00,-3.33,Y,Return Refund,5010,,,Furniture,Furniture & Decor,,,1018,Not as described/pictured,N,Seller Fulfilled,,,,,,,
200011997868418,1,108918121863942,1,,SALE,06/30/2024,1,PTB002WH,06973813984260,Tolead Wooden Hidden Cat Litter Box Enclosure with Drawer and Shelf White,2038710,,,MA,,,Seekonk,02771,Marketplace standard,79.68,67.99,12.00,15.00,74.99,0.00,0.00,0.00,0.00,0.00,0.00,0.00,0.00,0.00,0.00,0,0.00,0.00,0.00,0.00,4.69,0.00,0.00,0.00,0.00,0.00,0.00,0.00,0.00,0.00,0.00,0.00,0.00,4.69,Y,,,79.99,-12.00,Furniture,Pet Supplies,Cat Litter Boxes,BSE-53-12.0,,,N,Seller Fulfilled,Delivery,,0.00,,-5.00,WM_DISC,
200011995497962,23,108918018342366,1,,ADJMNT,06/29/2024,1,NFP012GR,06973813987711,Tolead 6pcs Adjustable Orthopedic Bed Wedge Pillow Set Sleeping Sitting Pillow Gray,2039972,,,WA,,,Tacoma,98466,Marketplace standard,0.00,-14.95,14.95,0.00,0.00,0.00,0.00,0.00,0.00,0.00,0.00,0.00,0.00,0.00,0.00,0,0.00,0.00,0.00,0.00,0.00,0.00,0.00,0.00,0.00,0.00,0.00,0.00,0.00,0.00,0.00,0.00,0.00,0.00,Y,WFS Fulfillment fee,5041,,,Bedding,Home & Garden,,,,,N,Walmart-fulfilled(WFS),,,,,,,New
200011995035996,1,108919565246369,1,,SALE,07/11/2024,1,NFN002NL,06973813984277,Tolead Rattan Nightstand Boho Side Table with Handmade Rattan Decorated Drawer Bedroom Living Room Natural,2038710,,,AZ,,,Green Valley,85614,Marketplace standard,67.01,52.69,9.30,15.00,61.99,0.00,0.00,0.00,0.00,0.00,0.00,0.00,0.00,0.00,0.00,0,0.00,0.00,0.00,0.00,5.02,0.00,0.00,0.00,0.00,0.00,0.00,0.00,0.00,0.00,0.00,0.00,0.00,5.02,Y,,,,-9.30,Furniture,Furniture & Decor,Nightstands,BSE-82-2.0,,,N,Seller Fulfilled,Delivery,,0.00,,,,
200011994600722,2,108918946889965,1,,SALE,07/07/2024,1,BPK002SL,06976391064126,Tolead Raised Toilet Seat with Handles Adjustable Bedside Commode Width w/Side Pocket,2038710,,,WI,,,Whitehall,54773,Marketplace value,73.84,63.69,6.30,9.00,69.99,0.00,0.00,0.00,0.00,0.00,0.00,0.00,0.00,0.00,0.00,0,0.00,0.00,0.00,0.00,3.85,0.00,0.00,0.00,0.00,0.00,0.00,0.00,0.00,0.00,0.00,0.00,0.00,3.85,Y,,,,-10.50,Medicine & Supplements,Home & Garden,Toilet Seats,SCE-19940_19850,,,N,Seller Fulfilled,Delivery,Others,4.20,,,,
200011994114250,1,108918741457087,1,,SALE,07/04/2024,1,NFN040NL,06973813988428,Tolead 2pcs Rattan Nightstand Set with Handmade Rattan Decorated Drawer and Door Natural,2038710,,,PA,,,Philadelphia,19103,Marketplace standard,129.59,101.99,18.00,15.00,119.99,0.00,0.00,0.00,0.00,0.00,0.00,0.00,0.00,0.00,0.00,0,0.00,0.00,0.00,0.00,9.60,0.00,0.00,0.00,0.00,0.00,0.00,0.00,0.00,0.00,0.00,0.00,0.00,9.60,Y,,,,-18.00,Furniture,Furniture & Decor,Nightstands,BSE-82-2.0,,,N,Seller Fulfilled,Delivery,,0.00,,,,
200011992745104,1,108919152842891,1,,SALE,07/08/2024,1,BBK017MZ,06973813984598,Tolead Soft Climbing Toys for Toddlers Crawling and Sliding Pink Foam Block Soft Gym Play Sets for PreschoolShopping Mall Rest Areas Colorful,2038710,,,CA,,,Chula Vista,91913,Marketplace standard,152.24,118.99,21.00,15.00,139.99,0.00,0.00,0.00,0.00,0.00,0.00,0.00,0.00,0.00,0.00,0,0.00,0.00,0.00,0.00,12.25,0.00,0.00,0.00,0.00,0.00,0.00,0.00,0.00,0.00,0.00,0.00,0.00,12.25,Y,,,,-21.00,Toys,Furniture & Decor,Mirrors,BSE-51-11.0,,,N,Seller Fulfilled,Delivery,,0.00,,,,
200011992291702,1,108918429811983,1,,SALE,06/30/2024,1,NFN040NL,06973813988428,Tolead 2pcs Rattan Nightstand Set with Handmade Rattan Decorated Drawer and Door Natural,2038710,,,NJ,,,Hasbrouck Heights,07604,Marketplace standard,127.94,101.99,18.00,15.00,119.99,0.00,0.00,0.00,0.00,0.00,0.00,0.00,0.00,0.00,0.00,0,0.00,0.00,0.00,0.00,7.95,0.00,0.00,0.00,0.00,0.00,0.00,0.00,0.00,0.00,0.00,0.00,0.00,7.95,Y,,,,-18.00,Furniture,Furniture & Decor,Nightstands,BSE-82-2.0,,,N,Seller Fulfilled,Delivery,,0.00,,,,
200011992226577,3,108918431282798,1,,SALE,07/01/2024,1,NFN019NL,06973813985595,Tolead Rattan Nightstand with Charging Station Boho Side Table with Handmade Rattan Decorated Door Bedroom Living Room Natural,2038710,,,OR,,,Portland,97206,Marketplace standard,67.49,57.37,10.12,15.00,67.49,0.00,0.00,0.00,0.00,0.00,0.00,0.00,0.00,0.00,0.00,0,0.00,0.00,0.00,0.00,0.00,0.00,0.00,0.00,0.00,0.00,0.00,0.00,0.00,0.00,0.00,0.00,0.00,0.00,N,,,,-10.12,Furniture,Furniture & Decor,Nightstands,BSE-82-2.0,,,N,Seller Fulfilled,Delivery,,0.00,,,,New
200011991926458,1,108918327499720,1,,SALE,06/30/2024,1,JGWLMC007GD,06976391061422,Tolead 3-in-1 Convertible Baby High Chair with 2-Level Height Adjustable Legs 3-Level Adjustable Tray for Babies and Toddlers Baby Highchair with 5-Point Safety Belt & Footrest Dark Gray,2038710,,,CA,,,Phelan,92371,Marketplace standard,67.86,53.53,9.45,15.00,62.98,0.00,0.00,0.00,0.00,0.00,0.00,0.00,0.00,0.00,0.00,0,0.00,0.00,0.00,0.00,4.88,0.00,0.00,0.00,0.00,0.00,0.00,0.00,0.00,0.00,0.00,0.00,0.00,4.88,Y,,,,-9.45,Baby Furniture,Baby,Baby Feeding Chairs,BSE-48-11.0,,,N,Seller Fulfilled,Delivery,,0.00,,,,
200011990425594,1,108915938999096,1,,ADJMNT,07/07/2024,1,NFP014BG,06973813986578,Tolead 5Pcs Bed Wedge Pillow Set Sit up Pillow Recovery Health Acid Reflux Comfort Memory Foam Beige,2039972,,,ND,,,West Fargo,58078,Marketplace value,0.00,-12.71,0.00,0.00,0.00,0.00,0.00,0.00,0.00,0.00,0.00,0.00,0.00,0.00,0.00,0,0.00,0.00,0.00,0.00,0.00,0.00,0.00,0.00,0.00,0.00,0.00,0.00,0.00,0.00,0.00,0.00,0.00,0.00,Y,Walmart Return Shipping Charge,5013,,,Bedding,Home & Garden,,,,,N,Seller Fulfilled,,,,,,,
200011990148199,1,108919152848806,1,,SALE,07/08/2024,1,NFN007WH,06973813984130,Tolead Farmhouse Style TV Stand for 65+ TVs Top Sturdy Dvds Tall Entertainment Center White,2038710,,,FL,,,West Palm Beach,33411,Marketplace value,203.28,161.48,28.50,15.00,189.98,0.00,0.00,0.00,0.00,0.00,0.00,0.00,0.00,0.00,0.00,0,0.00,0.00,0.00,0.00,13.30,0.00,0.00,0.00,0.00,0.00,0.00,0.00,0.00,0.00,0.00,0.00,0.00,13.30,Y,,,,-28.50,Furniture,Furniture & Decor,Television Stands,BSE-82-2.0,,,N,Seller Fulfilled,Delivery,,0.00,,,,
200011990142576,1,108918637461559,1,,SALE,07/03/2024,1,PTB010SL,06973813986066,Tolead Large Metal Chicken Coop Upgrade Tri-Supporting Wire Mesh Chicken Run Chicken Pen with Water-Resident and Anti-UV CoverDuck Rabbit House Outdoor,2038710,,,MI,,,Otisville,48463,Marketplace value,275.59,229.49,40.50,15.00,259.99,0.00,0.00,0.00,0.00,0.00,0.00,0.00,0.00,0.00,0.00,0,0.00,0.00,0.00,0.00,15.60,0.00,0.00,0.00,0.00,0.00,0.00,0.00,0.00,0.00,0.00,0.00,0.00,15.60,Y,,,269.99,-40.50,Animal Accessories,Pet Supplies,Chicken Coops,BSE-53-12.0,,,N,Seller Fulfilled,Delivery,,0.00,,-10.00,WM_DISC,New
200011985907767,3,108918326641919,1,,SALE,06/30/2024,1,NFN056NL-WL,06976391060005,Tolead Wood Sideboard Buffet Cabinet with Storage Rattan Doors Rustic Modern Kitchen Shelf,2038710,,,IN,,,Garrett,46738,Marketplace value,96.29,76.49,13.50,15.00,89.99,0.00,0.00,0.00,0.00,0.00,0.00,0.00,0.00,0.00,0.00,0,0.00,0.00,0.00,0.00,6.30,0.00,0.00,0.00,0.00,0.00,0.00,0.00,0.00,0.00,0.00,0.00,0.00,6.30,Y,,,,-13.50,Furniture,Furniture & Decor,Credenzas & Sideboards,BSE-82-2.0,,,N,Seller Fulfilled,Delivery,,0.00,,,,New
200011985907767,3,108918326641919,2,,SALE,06/30/2024,1,NFN056NL-WL,06976391060005,Tolead Wood Sideboard Buffet Cabinet with Storage Rattan Doors Rustic Modern Kitchen Shelf,2038710,,,IN,,,Garrett,46738,Marketplace value,96.29,76.49,13.50,15.00,89.99,0.00,0.00,0.00,0.00,0.00,0.00,0.00,0.00,0.00,0.00,0,0.00,0.00,0.00,0.00,6.30,0.00,0.00,0.00,0.00,0.00,0.00,0.00,0.00,0.00,0.00,0.00,0.00,6.30,Y,,,,-13.50,Furniture,Furniture & Decor,Credenzas & Sideboards,BSE-82-2.0,,,N,Seller Fulfilled,Delivery,,0.00,,,,New
200011985907767,3,108918326641919,3,,SALE,06/30/2024,1,NFN056NL-WL,06976391060005,Tolead Wood Sideboard Buffet Cabinet with Storage Rattan Doors Rustic Modern Kitchen Shelf,2038710,,,IN,,,Garrett,46738,Marketplace value,96.29,76.49,13.50,15.00,89.99,0.00,0.00,0.00,0.00,0.00,0.00,0.00,0.00,0.00,0.00,0,0.00,0.00,0.00,0.00,6.30,0.00,0.00,0.00,0.00,0.00,0.00,0.00,0.00,0.00,0.00,0.00,0.00,6.30,Y,,,,-13.50,Furniture,Furniture & Decor,Credenzas & Sideboards,BSE-82-2.0,,,N,Seller Fulfilled,Delivery,,0.00,,,,New
200011983681474,1,108919150952746,1,,SALE,07/07/2024,1,NFP014BU,06973813986561,Tolead 5pcs Adjustable Orthopedic Bed Wedge Pillow Set Blue,2039972,,,AZ,,,Holbrook,86025,Marketplace value,88.63,68.84,12.15,15.00,80.99,0.00,0.00,0.00,0.00,0.00,0.00,0.00,0.00,0.00,0.00,0,0.00,0.00,0.00,0.00,7.64,0.00,0.00,0.00,0.00,0.00,0.00,0.00,0.00,0.00,0.00,0.00,0.00,7.64,Y,,,,-12.15,Bedding,Home & Garden,Wedge Pillows,BSE-67-9.0,,,N,Seller Fulfilled,Delivery,,0.00,,,,
200011976668098,1,108918947227580,1,,SALE,07/07/2024,1,NFN056NL-WL,06976391060005,Tolead Wood Sideboard Buffet Cabinet with Storage Rattan Doors Rustic Modern Kitchen Shelf,2038710,,,CA,,,Upland,91786,Marketplace standard,96.96,76.49,13.50,15.00,89.99,0.00,0.00,0.00,0.00,0.00,0.00,0.00,0.00,0.00,0.00,0,0.00,0.00,0.00,0.00,6.97,0.00,0.00,0.00,0.00,0.00,0.00,0.00,0.00,0.00,0.00,0.00,0.00,6.97,Y,,,,-13.50,Furniture,Furniture & Decor,Credenzas & Sideboards,BSE-82-2.0,,,N,Seller Fulfilled,Delivery,,0.00,,,,New
200011976668098,1,108918947227580,2,,SALE,07/07/2024,1,NFN056NL-WL,06976391060005,Tolead Wood Sideboard Buffet Cabinet with Storage Rattan Doors Rustic Modern Kitchen Shelf,2038710,,,CA,,,Upland,91786,Marketplace standard,96.96,76.49,13.50,15.00,89.99,0.00,0.00,0.00,0.00,0.00,0.00,0.00,0.00,0.00,0.00,0,0.00,0.00,0.00,0.00,6.97,0.00,0.00,0.00,0.00,0.00,0.00,0.00,0.00,0.00,0.00,0.00,0.00,6.97,Y,,,,-13.50,Furniture,Furniture & Decor,Credenzas & Sideboards,BSE-82-2.0,,,N,Seller Fulfilled,Delivery,,0.00,,,,New
200011976280607,1,108916767722799,1,,ADJMNT,07/07/2024,1,NFN019NL,06973813985595,Tolead Rattan Nightstand with Charging Station Boho Side Table with Handmade Rattan Decorated Door Bedroom Living Room Natural,2038710,,,NY,,,Woodhaven,11421,Marketplace standard,0.00,-15.90,0.00,0.00,0.00,0.00,0.00,0.00,0.00,0.00,0.00,0.00,0.00,0.00,0.00,0,0.00,0.00,0.00,0.00,0.00,0.00,0.00,0.00,0.00,0.00,0.00,0.00,0.00,0.00,0.00,0.00,0.00,0.00,Y,Walmart Return Shipping Charge,5013,,,Furniture,Furniture & Decor,,,,,N,Seller Fulfilled,,,,,,,New
200011976027486,1,108919567161834,1,,SALE,07/12/2024,1,NFN004BK,08711777054845,Tolead Black Wood Nightstand with Charging Station 2 Storage Drawer & Open Shelf Bedroom Office Adult,2038710,,,PA,,,Washington,15301,Marketplace standard,48.75,39.09,6.90,15.00,45.99,0.00,0.00,0.00,0.00,0.00,0.00,0.00,0.00,0.00,0.00,0,0.00,0.00,0.00,0.00,2.76,0.00,0.00,0.00,0.00,0.00,0.00,0.00,0.00,0.00,0.00,0.00,0.00,2.76,Y,,,,-6.90,Furniture,Furniture & Decor,Nightstands,BSE-82-2.0,,,N,Seller Fulfilled,Delivery,,0.00,,,,
200011975759013,1,108918224878615,1,,SALE,06/30/2024,1,PTB013SL,06973813987636,Tolead Large Metal Chicken Coop Upgrade Tri-Supporting Wire Mesh Chicken Run with Water-Resident and Anti-UV Cover,2038710,,,FL,,,Altha,32421,Marketplace value,275.19,217.59,38.40,15.00,255.99,0.00,0.00,0.00,0.00,0.00,0.00,0.00,0.00,0.00,0.00,0,0.00,0.00,0.00,0.00,19.20,0.00,0.00,0.00,0.00,0.00,0.00,0.00,0.00,0.00,0.00,0.00,0.00,19.20,Y,,,,-38.40,Animal Other,Pet Supplies,Chicken Coops,BSE-53-12.0,,,N,Seller Fulfilled,Delivery,,0.00,,,,
200011974730968,1,108918741433665,1,,SALE,07/04/2024,1,NFN002NL,06973813984277,Tolead Rattan Nightstand Boho Side Table with Handmade Rattan Decorated Drawer Bedroom Living Room Natural,2038710,,,OR,,,Portland,97239,Marketplace standard,61.99,52.69,9.30,15.00,61.99,0.00,0.00,0.00,0.00,0.00,0.00,0.00,0.00,0.00,0.00,0,0.00,0.00,0.00,0.00,0.00,0.00,0.00,0.00,0.00,0.00,0.00,0.00,0.00,0.00,0.00,0.00,0.00,0.00,N,,,,-9.30,Furniture,Furniture & Decor,Nightstands,BSE-82-2.0,,,N,Seller Fulfilled,Delivery,,0.00,,,,
200011974632921,1,108918223682326,1,,SALE,06/30/2024,1,NFP014BG,06973813986578,Tolead 5Pcs Bed Wedge Pillow Set Sit up Pillow Recovery Health Acid Reflux Comfort Memory Foam Beige,2039972,,,TN,,,Pleasantville,37033,Marketplace value,98.76,76.49,13.50,15.00,89.99,0.00,0.00,0.00,0.00,0.00,0.00,0.00,0.00,0.00,0.00,0,0.00,0.00,0.00,0.00,8.77,0.00,0.00,0.00,0.00,0.00,0.00,0.00,0.00,0.00,0.00,0.00,0.00,8.77,Y,,,,-13.50,Bedding,Home & Garden,Wedge Pillows,BSE-67-9.0,,,N,Seller Fulfilled,Delivery,,0.00,,,,
200011974127695,1,108918842668267,1,,SALE,07/05/2024,1,NFN017NL,06973813988381,Tolead 2Pcs Rattan Nightstand Set Boho Side Table with Handmade Rattan Decorated Drawer Natural,2038710,,,SC,,,Spartanburg,29301,Marketplace value,128.39,101.99,18.00,15.00,119.99,0.00,0.00,0.00,0.00,0.00,0.00,0.00,0.00,0.00,0.00,0,0.00,0.00,0.00,0.00,8.40,0.00,0.00,0.00,0.00,0.00,0.00,0.00,0.00,0.00,0.00,0.00,0.00,8.40,Y,,,,-18.00,Furniture,Furniture & Decor,Nightstands,BSE-82-2.0,,,N,Seller Fulfilled,Delivery,,0.00,,,,
200011973720877,1,108918225952074,1,,SALE,06/30/2024,1,NFN026NL,06973813988411,Tolead 2Pcs Rattan Nightstand with Charging Station Boho Side Table with Handmade Rattan Decorated Door Bedroom Living Room Natural,2038710,,,NY,,,Fairport,14450,Marketplace standard,140.39,110.49,19.50,15.00,129.99,0.00,0.00,0.00,0.00,0.00,0.00,0.00,0.00,0.00,0.00,0,0.00,0.00,0.00,0.00,10.40,0.00,0.00,0.00,0.00,0.00,0.00,0.00,0.00,0.00,0.00,0.00,0.00,10.40,Y,,,,-19.50,Furniture,Furniture & Decor,Nightstands,BSE-82-2.0,,,N,Seller Fulfilled,Delivery,,0.00,,,,
200011973014239,1,108918123188398,1,,ADJMNT,06/29/2024,1,NFP012GR,06973813987711,Tolead 6pcs Adjustable Orthopedic Bed Wedge Pillow Set Sleeping Sitting Pillow Gray,2039972,,,SC,,,Greer,29651,Marketplace expedited,0.00,-14.95,14.95,0.00,0.00,0.00,0.00,0.00,0.00,0.00,0.00,0.00,0.00,0.00,0.00,0,0.00,0.00,0.00,0.00,0.00,0.00,0.00,0.00,0.00,0.00,0.00,0.00,0.00,0.00,0.00,0.00,0.00,0.00,Y,WFS Fulfillment fee,5041,,,Bedding,Home & Garden,,,,,N,Walmart-fulfilled(WFS),,,,,,,New
200011973014239,1,108918123188398,1,,SALE,06/29/2024,1,NFP012GR,06973813987711,Tolead 6pcs Adjustable Orthopedic Bed Wedge Pillow Set Sleeping Sitting Pillow Gray,2039972,,,SC,,,Greer,29651,Marketplace expedited,106.99,84.99,15.00,15.00,99.99,0.00,0.00,0.00,0.00,0.00,0.00,0.00,0.00,0.00,0.00,0,0.00,0.00,0.00,0.00,7.00,0.00,0.00,0.00,0.00,0.00,0.00,0.00,0.00,0.00,0.00,0.00,0.00,7.00,Y,,,,-15.00,Bedding,Home & Garden,Wedge Pillows,BSE-67-9.0,,,N,Walmart-fulfilled(WFS),Delivery,,0.00,,,,New
200011972930222,1,108919668210953,1,,SALE,07/12/2024,1,NFP014BG,06973813986578,Tolead 5Pcs Bed Wedge Pillow Set Sit up Pillow Recovery Health Acid Reflux Comfort Memory Foam Beige,2039972,,,TN,,,Athens,37303,Marketplace value,88.89,68.84,12.15,15.00,80.99,0.00,0.00,0.00,0.00,0.00,0.00,0.00,0.00,0.00,0.00,0,0.00,0.00,0.00,0.00,7.90,0.00,0.00,0.00,0.00,0.00,0.00,0.00,0.00,0.00,0.00,0.00,0.00,7.90,Y,,,,-12.15,Bedding,Home & Garden,Wedge Pillows,BSE-67-9.0,,,N,Seller Fulfilled,Delivery,,0.00,,,,
200011972625427,1,108918635954705,1,,ADJMNT,07/03/2024,1,NFP012GR,06973813987711,Tolead 6pcs Adjustable Orthopedic Bed Wedge Pillow Set Sleeping Sitting Pillow Gray,2039972,,,MO,,,Branson,65616,Marketplace expedited,0.00,-14.95,14.95,0.00,0.00,0.00,0.00,0.00,0.00,0.00,0.00,0.00,0.00,0.00,0.00,0,0.00,0.00,0.00,0.00,0.00,0.00,0.00,0.00,0.00,0.00,0.00,0.00,0.00,0.00,0.00,0.00,0.00,0.00,Y,WFS Fulfillment fee,5041,,,Bedding,Home & Garden,,,,,N,Walmart-fulfilled(WFS),,,,,,,New
200011972625427,1,108918635954705,1,,SALE,07/03/2024,1,NFP012GR,06973813987711,Tolead 6pcs Adjustable Orthopedic Bed Wedge Pillow Set Sleeping Sitting Pillow Gray,2039972,,,MO,,,Branson,65616,Marketplace expedited,104.21,84.99,15.00,15.00,99.99,0.00,0.00,0.00,0.00,0.00,0.00,0.00,0.00,0.00,0.00,0,0.00,0.00,0.00,0.00,4.22,0.00,0.00,0.00,0.00,0.00,0.00,0.00,0.00,0.00,0.00,0.00,0.00,4.22,Y,,,,-15.00,Bedding,Home & Garden,Wedge Pillows,BSE-67-9.0,,,N,Walmart-fulfilled(WFS),Delivery,,0.00,,,,New
200011972625157,4,108918635834724,1,,ADJMNT,07/03/2024,1,NFP003GR-WL,06973813983768,Tolead 5pcs Orthopedic Washable Bed Wedge Pillow Set Adjustable Acid Reflux Reading Recovery Health Surgery,2039972,,,TN,,,Lawrenceburg,38464,Marketplace standard,0.00,-14.55,14.55,0.00,0.00,0.00,0.00,0.00,0.00,0.00,0.00,0.00,0.00,0.00,0.00,0,0.00,0.00,0.00,0.00,0.00,0.00,0.00,0.00,0.00,0.00,0.00,0.00,0.00,0.00,0.00,0.00,0.00,0.00,Y,WFS Fulfillment fee,5041,89.99,,Bedding,Home & Garden,,,,,N,Walmart-fulfilled(WFS),,,,,,,
200011972625157,4,108918635834724,1,,SALE,07/03/2024,1,NFP003GR-WL,06973813983768,Tolead 5pcs Orthopedic Washable Bed Wedge Pillow Set Adjustable Acid Reflux Reading Recovery Health Surgery,2039972,,,TN,,,Lawrenceburg,38464,Marketplace standard,94.37,76.49,13.50,15.00,85.99,0.00,0.00,0.00,0.00,0.00,0.00,0.00,0.00,0.00,0.00,0,0.00,0.00,0.00,0.00,8.38,0.00,0.00,0.00,0.00,0.00,0.00,0.00,0.00,0.00,0.00,0.00,0.00,8.38,Y,,,89.99,-13.50,Bedding,Home & Garden,Wedge Pillows,BSE-67-9.0,,,N,Walmart-fulfilled(WFS),Delivery,,0.00,,-4.00,WM_DISC,
200011971660268,1,108915117141552,1,,ADJMNT,06/30/2024,1,NFN002NL,06973813984277,Tolead Rattan Nightstand Boho Side Table with Handmade Rattan Decorated Drawer Bedroom Living Room Natural,2038710,,,FL,,,Miami,33133,Marketplace value,0.00,-19.56,0.00,0.00,0.00,0.00,0.00,0.00,0.00,0.00,0.00,0.00,0.00,0.00,0.00,0,0.00,0.00,0.00,0.00,0.00,0.00,0.00,0.00,0.00,0.00,0.00,0.00,0.00,0.00,0.00,0.00,0.00,0.00,Y,Walmart Return Shipping Charge,5013,,,Furniture,Furniture & Decor,,,,,N,Seller Fulfilled,,,,,,,
200011971059388,1,108918843171728,1,,SALE,07/05/2024,1,NFJ002GR,06973813984550,Tolead Convertible Folding Sleeper Sofa Chair Bed with Adjustable Backrest Reading Bedroom Living Room,2038710,,,MN,,,Bigfork,56628,Marketplace value,238.39,188.88,32.11,14.53,220.99,0.00,0.00,0.00,0.00,0.00,0.00,0.00,0.00,0.00,0.00,0,0.00,0.00,0.00,0.00,17.40,0.00,0.00,0.00,0.00,0.00,0.00,0.00,0.00,0.00,0.00,0.00,0.00,17.40,Y,,,,-32.11,Furniture,Furniture & Decor,Sofas & Couches,BSE-82-2.0,,,N,Seller Fulfilled,Delivery,,0.00,,,,
200011971059388,1,108918843171728,2,,SALE,07/05/2024,1,NFJ002GR,06973813984550,Tolead Convertible Folding Sleeper Sofa Chair Bed with Adjustable Backrest Reading Bedroom Living Room,2038710,,,MN,,,Bigfork,56628,Marketplace value,238.39,188.88,32.11,14.53,220.99,0.00,0.00,0.00,0.00,0.00,0.00,0.00,0.00,0.00,0.00,0,0.00,0.00,0.00,0.00,17.40,0.00,0.00,0.00,0.00,0.00,0.00,0.00,0.00,0.00,0.00,0.00,0.00,17.40,Y,,,,-32.11,Furniture,Furniture & Decor,Sofas & Couches,BSE-82-2.0,,,N,Seller Fulfilled,Delivery,,0.00,,,,
200011966539706,3,108919049678198,1,,SALE,07/07/2024,1,NFN013WH,06973813985687,Tolead Double Tilt Out Trash Cabinet Wooden Free Standing Laundry Sorter Cabinet with Hideaway Drawer White,2038710,,,UT,,,Park City,84098,Marketplace value,182.65,144.49,25.50,15.00,169.99,0.00,0.00,0.00,0.00,0.00,0.00,0.00,0.00,0.00,0.00,0,0.00,0.00,0.00,0.00,12.66,0.00,0.00,0.00,0.00,0.00,0.00,0.00,0.00,0.00,0.00,0.00,0.00,12.66,Y,,,,-25.50,Home Decor  Kitchen  & Other,Furniture & Decor,Cabinets,BSE-82-2.0,,,N,Seller Fulfilled,Delivery,,0.00,,,,New
200011965347347,1,108918431715751,1,,SALE,07/01/2024,1,BPK002SL,06976391064126,Tolead Raised Toilet Seat with Handles Adjustable Bedside Commode Width w/Side Pocket,2038710,,,NC,,,Cameron,28326,Marketplace value,74.89,63.69,6.30,9.00,69.99,0.00,0.00,0.00,0.00,0.00,0.00,0.00,0.00,0.00,0.00,0,0.00,0.00,0.00,0.00,4.90,0.00,0.00,0.00,0.00,0.00,0.00,0.00,0.00,0.00,0.00,0.00,0.00,4.90,Y,,,,-10.50,Medicine & Supplements,Home & Garden,Toilet Seats,SCE-19940_19850,,,N,Seller Fulfilled,Delivery,Others,4.20,,,,
200011964126156,1,108916561877833,1,,ADJMNT,07/07/2024,1,JGWLMD023GR,06973813984741,Tolead Dog Stroller for Medium to Large Dogs Pet Car Gray,2038710,,,NY,,,Syracuse,13206,Marketplace standard,0.00,-19.56,0.00,0.00,0.00,0.00,0.00,0.00,0.00,0.00,0.00,0.00,0.00,0.00,0.00,0,0.00,0.00,0.00,0.00,0.00,0.00,0.00,0.00,0.00,0.00,0.00,0.00,0.00,0.00,0.00,0.00,0.00,0.00,Y,Walmart Return Shipping Charge,5013,,,Animal Accessories,Pet Supplies,,,,,N,Seller Fulfilled,,,,,,,
200011963917551,1,108919565188559,1,,SALE,07/11/2024,1,JGWLMB028GR,06976391068025,Tolead 12 x 20 Outdoor Metal Carport Heavy Duty Galvanized Steel Car Canopy for Truck SUV Boat Grey,2038710,,,AL,,,Mobile,36618,Marketplace value,971.99,800.00,99.99,11.11,899.99,0.00,0.00,0.00,0.00,0.00,0.00,0.00,0.00,0.00,0.00,0,0.00,0.00,0.00,0.00,72.00,0.00,0.00,0.00,0.00,0.00,0.00,0.00,0.00,0.00,0.00,0.00,0.00,72.00,Y,,,,-99.99,Garden & Patio,Home & Garden,Carports,BSE-83-3.0,,,N,Seller Fulfilled,Delivery,,0.00,,,,
200011960415435,1,108918635784140,1,,SALE,07/02/2024,1,NFN056NL-WL,06976391060005,Tolead Wood Sideboard Buffet Cabinet with Storage Rattan Doors Rustic Modern Kitchen Shelf,2038710,,,TX,,,Buda,78610,Marketplace value,97.41,76.49,13.50,15.00,89.99,0.00,0.00,0.00,0.00,0.00,0.00,0.00,0.00,0.00,0.00,0,0.00,0.00,0.00,0.00,7.42,0.00,0.00,0.00,0.00,0.00,0.00,0.00,0.00,0.00,0.00,0.00,0.00,7.42,Y,,,,-13.50,Furniture,Furniture & Decor,Credenzas & Sideboards,BSE-82-2.0,,,N,Seller Fulfilled,Delivery,,0.00,,,,New
200011955973079,1,108918637199915,1,,SALE,07/03/2024,1,NFN056NL-WL,06976391060005,Tolead Wood Sideboard Buffet Cabinet with Storage Rattan Doors Rustic Modern Kitchen Shelf,2038710,,,NY,,,New York,10007,Marketplace standard,97.98,76.49,13.50,15.00,89.99,0.00,0.00,0.00,0.00,0.00,0.00,0.00,0.00,0.00,0.00,0,0.00,0.00,0.00,0.00,7.99,0.00,0.00,0.00,0.00,0.00,0.00,0.00,0.00,0.00,0.00,0.00,0.00,7.99,Y,,,,-13.50,Furniture,Furniture & Decor,Credenzas & Sideboards,BSE-82-2.0,,,N,Seller Fulfilled,Delivery,,0.00,,,,New
200011955867979,2,108919255223891,1,,SALE,07/09/2024,1,JGWLMC006GL,06976391061408,Tolead 3-in-1 Convertible Baby High Chair with 2-Level Height Adjustable Legs 3-Level Adjustable Tray for Babies and Toddlers Baby Highchair with 5-Point Safety Belt & Footrest Light Gray,2038710,,,FL,,,Sarasota,34237,Marketplace value,62.98,53.53,9.45,15.00,62.98,0.00,0.00,0.00,0.00,0.00,0.00,0.00,0.00,0.00,0.00,0,0.00,0.00,0.00,0.00,0.00,0.00,0.00,0.00,0.00,0.00,0.00,0.00,0.00,0.00,0.00,0.00,0.00,0.00,Y,,,,-9.45,Baby Furniture,Baby,Baby Feeding Chairs,BSE-48-11.0,,,N,Seller Fulfilled,Delivery,,0.00,,,,
200011954407266,2,108919358874773,1,,SALE,07/10/2024,1,NFN012BU,06973813986707,Tolead Wooden Double Tilt Out Trash Cabinet with Hideaway Drawer Blue,2038710,,,FL,,,Wellington,33414,Marketplace value,180.82,143.64,25.35,15.00,168.99,0.00,0.00,0.00,0.00,0.00,0.00,0.00,0.00,0.00,0.00,0,0.00,0.00,0.00,0.00,11.83,0.00,0.00,0.00,0.00,0.00,0.00,0.00,0.00,0.00,0.00,0.00,0.00,11.83,Y,,,,-25.35,Home Decor  Kitchen  & Other,Furniture & Decor,Cabinets,BSE-82-2.0,,,N,Seller Fulfilled,Delivery,,0.00,,,,
200011950660604,1,108919152400510,1,,SALE,07/08/2024,1,NFN002NL,06973813984277,Tolead Rattan Nightstand Boho Side Table with Handmade Rattan Decorated Drawer Bedroom Living Room Natural,2038710,,,CT,,,Central Village,06332,Marketplace standard,65.93,52.69,9.30,15.00,61.99,0.00,0.00,0.00,0.00,0.00,0.00,0.00,0.00,0.00,0.00,0,0.00,0.00,0.00,0.00,3.94,0.00,0.00,0.00,0.00,0.00,0.00,0.00,0.00,0.00,0.00,0.00,0.00,3.94,Y,,,,-9.30,Furniture,Furniture & Decor,Nightstands,BSE-82-2.0,,,N,Seller Fulfilled,Delivery,,0.00,,,,
200011950660604,1,108919152400510,2,,SALE,07/08/2024,1,NFN002NL,06973813984277,Tolead Rattan Nightstand Boho Side Table with Handmade Rattan Decorated Drawer Bedroom Living Room Natural,2038710,,,CT,,,Central Village,06332,Marketplace standard,65.92,52.69,9.30,15.00,61.99,0.00,0.00,0.00,0.00,0.00,0.00,0.00,0.00,0.00,0.00,0,0.00,0.00,0.00,0.00,3.93,0.00,0.00,0.00,0.00,0.00,0.00,0.00,0.00,0.00,0.00,0.00,0.00,3.93,Y,,,,-9.30,Furniture,Furniture & Decor,Nightstands,BSE-82-2.0,,,N,Seller Fulfilled,Delivery,,0.00,,,,
200011949294034,1,108918532557711,1,,SALE,07/01/2024,1,JGWLMC011GR,06973813987216,Tolead 2 Piece Barnwood Rustic Nightstand with Charging Station Barn Door and Drawers Bedroom Gray,2038710,,,MA,,,East Longmeadow,01028,Marketplace standard,126.43,101.14,17.85,15.00,118.99,0.00,0.00,0.00,0.00,0.00,0.00,0.00,0.00,0.00,0.00,0,0.00,0.00,0.00,0.00,7.44,0.00,0.00,0.00,0.00,0.00,0.00,0.00,0.00,0.00,0.00,0.00,0.00,7.44,Y,,,,-17.85,Furniture,Furniture & Decor,Nightstands,BSE-82-2.0,,,N,Seller Fulfilled,Delivery,,0.00,,,,
200011948382656,1,108918123186847,1,,SALE,06/30/2024,1,NFN056NL-WL,06976391060005,Tolead Wood Sideboard Buffet Cabinet with Storage Rattan Doors Rustic Modern Kitchen Shelf,2038710,,,CA,,,Chula Vista,91910,Marketplace standard,97.86,76.49,13.50,15.00,89.99,0.00,0.00,0.00,0.00,0.00,0.00,0.00,0.00,0.00,0.00,0,0.00,0.00,0.00,0.00,7.87,0.00,0.00,0.00,0.00,0.00,0.00,0.00,0.00,0.00,0.00,0.00,0.00,7.87,Y,,,,-13.50,Furniture,Furniture & Decor,Credenzas & Sideboards,BSE-82-2.0,,,N,Seller Fulfilled,Delivery,,0.00,,,,New
200011948382656,1,108918123186847,2,,SALE,06/30/2024,1,NFN056NL-WL,06976391060005,Tolead Wood Sideboard Buffet Cabinet with Storage Rattan Doors Rustic Modern Kitchen Shelf,2038710,,,CA,,,Chula Vista,91910,Marketplace standard,97.86,76.49,13.50,15.00,89.99,0.00,0.00,0.00,0.00,0.00,0.00,0.00,0.00,0.00,0.00,0,0.00,0.00,0.00,0.00,7.87,0.00,0.00,0.00,0.00,0.00,0.00,0.00,0.00,0.00,0.00,0.00,0.00,7.87,Y,,,,-13.50,Furniture,Furniture & Decor,Credenzas & Sideboards,BSE-82-2.0,,,N,Seller Fulfilled,Delivery,,0.00,,,,New
200011948055688,1,108911692325420,1,,ADJMNT,07/07/2024,1,JGWLMD037WH,06976391061385,Tolead 4 Drawer Dresser White Chest of Drawers with Gold Handle & Wide Drawers Adults,2038710,,,VA,,,Virginia Beach,23464,Marketplace standard,0.00,-38.97,0.00,0.00,0.00,0.00,0.00,0.00,0.00,0.00,0.00,0.00,0.00,0.00,0.00,0,0.00,0.00,0.00,0.00,0.00,0.00,0.00,0.00,0.00,0.00,0.00,0.00,0.00,0.00,0.00,0.00,0.00,0.00,Y,Walmart Return Shipping Charge,5013,,,Furniture,Furniture & Decor,,,,,N,Seller Fulfilled,,,,,,,
200011947445181,1,108918636182245,1,,SALE,07/03/2024,1,JGWLMA025GR,06973813988213,Tolead Single Tilt Out Trash Cabinet with Hideaway Drawer Coffee 10 Gallon Gray,2038710,,,NY,,,Baldwinsville,13027,Marketplace standard,118.79,93.49,16.50,15.00,109.99,0.00,0.00,0.00,0.00,0.00,0.00,0.00,0.00,0.00,0.00,0,0.00,0.00,0.00,0.00,8.80,0.00,0.00,0.00,0.00,0.00,0.00,0.00,0.00,0.00,0.00,0.00,0.00,8.80,Y,,,,-16.50,Furniture,Furniture & Decor,Cabinets,BSE-82-2.0,,,N,Walmart-fulfilled(WFS),Delivery,,0.00,,,,
200011947445181,1,108918636182245,1,,ADJMNT,07/04/2024,1,JGWLMA025GR,06973813988213,Tolead Single Tilt Out Trash Cabinet with Hideaway Drawer Coffee 10 Gallon Gray,2038710,,,NY,,,Baldwinsville,13027,Marketplace standard,0.00,-15.35,15.35,0.00,0.00,0.00,0.00,0.00,0.00,0.00,0.00,0.00,0.00,0.00,0.00,0,0.00,0.00,0.00,0.00,0.00,0.00,0.00,0.00,0.00,0.00,0.00,0.00,0.00,0.00,0.00,0.00,0.00,0.00,Y,WFS Fulfillment fee,5041,,,Furniture,Furniture & Decor,,,,,N,Walmart-fulfilled(WFS),,,,,,,
200011945215553,1,108918122792803,1,,SALE,06/30/2024,1,JGWLMC011GR,06973813987216,Tolead 2 Piece Barnwood Rustic Nightstand with Charging Station Barn Door and Drawers Bedroom Gray,2038710,,,CA,,,Santa Rosa,95403,Marketplace standard,129.10,101.14,17.85,15.00,118.99,0.00,0.00,0.00,0.00,0.00,0.00,0.00,0.00,0.00,0.00,0,0.00,0.00,0.00,0.00,10.11,0.00,0.00,0.00,0.00,0.00,0.00,0.00,0.00,0.00,0.00,0.00,0.00,10.11,Y,,,,-17.85,Furniture,Furniture & Decor,Nightstands,BSE-82-2.0,,,N,Seller Fulfilled,Delivery,,0.00,,,,
200011941343343,1,108919357964348,1,,SALE,07/09/2024,1,NFN017NL,06973813988381,Tolead 2Pcs Rattan Nightstand Set Boho Side Table with Handmade Rattan Decorated Drawer Natural,2038710,,,AL,,,Cullman,35055,Marketplace value,129.59,101.99,18.00,15.00,119.99,0.00,0.00,0.00,0.00,0.00,0.00,0.00,0.00,0.00,0.00,0,0.00,0.00,0.00,0.00,9.60,0.00,0.00,0.00,0.00,0.00,0.00,0.00,0.00,0.00,0.00,0.00,0.00,9.60,Y,,,,-18.00,Furniture,Furniture & Decor,Nightstands,BSE-82-2.0,,,N,Seller Fulfilled,Delivery,,0.00,,,,
200011941121201,2,108918843912978,1,,SALE,07/05/2024,1,NFN008BN,06973813984147,Tolead TV Stand with Sliding Barn Door Up to 65 TV Brown,2038710,,,OH,,,London,43140,Marketplace standard,192.58,152.98,27.00,15.00,179.98,0.00,0.00,0.00,0.00,0.00,0.00,0.00,0.00,0.00,0.00,0,0.00,0.00,0.00,0.00,12.60,0.00,0.00,0.00,0.00,0.00,0.00,0.00,0.00,0.00,0.00,0.00,0.00,12.60,Y,,,,-27.00,Furniture,Furniture & Decor,Television Stands,BSE-82-2.0,,,N,Seller Fulfilled,Delivery,,0.00,,,,
200011938067713,2,108919565918056,1,,SALE,07/12/2024,1,NFP014BG,06973813986578,Tolead 5Pcs Bed Wedge Pillow Set Sit up Pillow Recovery Health Acid Reflux Comfort Memory Foam Beige,2039972,,,TX,,,Llano,78643,Marketplace value,86.05,68.84,12.15,15.00,80.99,0.00,0.00,0.00,0.00,0.00,0.00,0.00,0.00,0.00,0.00,0,0.00,0.00,0.00,0.00,5.06,0.00,0.00,0.00,0.00,0.00,0.00,0.00,0.00,0.00,0.00,0.00,0.00,5.06,Y,,,,-12.15,Bedding,Home & Garden,Wedge Pillows,BSE-67-9.0,,,N,Seller Fulfilled,Delivery,,0.00,,,,
200011936751836,4,108918843061185,1,,SALE,07/05/2024,1,NFN018NL,06973813988398,Tolead 2 Piece Rattan Nightstand Set with Drawer & Open Shelf Natural,2038710,,,DC,,,Washington,20024,Marketplace standard,116.59,93.49,16.50,15.00,109.99,0.00,0.00,0.00,0.00,0.00,0.00,0.00,0.00,0.00,0.00,0,0.00,0.00,0.00,0.00,6.60,0.00,0.00,0.00,0.00,0.00,0.00,0.00,0.00,0.00,0.00,0.00,0.00,6.60,Y,,,,-16.50,Furniture,Furniture & Decor,Nightstands,BSE-82-2.0,,,N,Seller Fulfilled,Delivery,,0.00,,,,
200011936727375,14,108919567418485,1,,SALE,07/12/2024,1,NFP014BU,06973813986561,Tolead 5pcs Adjustable Orthopedic Bed Wedge Pillow Set Blue,2039972,,,TN,,,Murfreesboro,37129,Marketplace value,88.89,68.84,12.15,15.00,80.99,0.00,0.00,0.00,0.00,0.00,0.00,0.00,0.00,0.00,0.00,0,0.00,0.00,0.00,0.00,7.90,0.00,0.00,0.00,0.00,0.00,0.00,0.00,0.00,0.00,0.00,0.00,0.00,7.90,Y,,,,-12.15,Bedding,Home & Garden,Wedge Pillows,BSE-67-9.0,,,N,Seller Fulfilled,Delivery,,0.00,,,,
200011934456882,2,108919153103825,1,,SALE,07/08/2024,1,PTB002WH,06973813984260,Tolead Wooden Hidden Cat Litter Box Enclosure with Drawer and Shelf White,2038710,,,NC,,,Calabash,28467,Marketplace value,80.05,67.99,12.00,15.00,74.99,0.00,0.00,0.00,0.00,0.00,0.00,0.00,0.00,0.00,0.00,0,0.00,0.00,0.00,0.00,5.06,0.00,0.00,0.00,0.00,0.00,0.00,0.00,0.00,0.00,0.00,0.00,0.00,5.06,Y,,,79.99,-12.00,Furniture,Pet Supplies,Cat Litter Boxes,BSE-53-12.0,,,N,Seller Fulfilled,Delivery,,0.00,,-5.00,WM_DISC,
200011934346483,1,108919254234892,1,,SALE,07/08/2024,1,NFN002NL,06973813984277,Tolead Rattan Nightstand Boho Side Table with Handmade Rattan Decorated Drawer Bedroom Living Room Natural,2038710,,,RI,,,lincoln,02865,Marketplace standard,66.33,52.69,9.30,15.00,61.99,0.00,0.00,0.00,0.00,0.00,0.00,0.00,0.00,0.00,0.00,0,0.00,0.00,0.00,0.00,4.34,0.00,0.00,0.00,0.00,0.00,0.00,0.00,0.00,0.00,0.00,0.00,0.00,4.34,Y,,,,-9.30,Furniture,Furniture & Decor,Nightstands,BSE-82-2.0,,,N,Seller Fulfilled,Delivery,,0.00,,,,
200011934330045,1,108914074192888,1,,REFUNDED,06/03/2024,1,NFP003GR-WL,06973813983768,Tolead 5pcs Orthopedic Washable Bed Wedge Pillow Set Adjustable Acid Reflux Reading Recovery Health Surgery,2039972,,,,,,Lakewood,80227,,-94.49,-76.49,-13.50,0.00,0.00,-89.99,0.00,0.00,0.00,0.00,0.00,0.00,0.00,0.00,0.00,0,0.00,0.00,0.00,0.00,0.00,0.00,0.00,0.00,0.00,-4.50,0.00,0.00,0.00,0.00,0.00,0.00,0.00,-4.50,Y,Return Refund,5010,,,Bedding,Home & Garden,,,1000,No Longer Wanted,N,Seller Fulfilled,,,,,,,
200011933510014,1,108918842369508,1,,SALE,07/05/2024,1,NFN004BK,08711777054845,Tolead Black Wood Nightstand with Charging Station 2 Storage Drawer & Open Shelf Bedroom Office Adult,2038710,,,NC,,,Charlotte,28202,Marketplace value,49.32,39.09,6.90,15.00,45.99,0.00,0.00,0.00,0.00,0.00,0.00,0.00,0.00,0.00,0.00,0,0.00,0.00,0.00,0.00,3.33,0.00,0.00,0.00,0.00,0.00,0.00,0.00,0.00,0.00,0.00,0.00,0.00,3.33,Y,,,,-6.90,Furniture,Furniture & Decor,Nightstands,BSE-82-2.0,,,N,Seller Fulfilled,Delivery,,0.00,,,,
200011931657865,1,108919668510980,1,,SALE,07/12/2024,1,NFN019NL,06973813985595,Tolead Rattan Nightstand with Charging Station Boho Side Table with Handmade Rattan Decorated Door Bedroom Living Room Natural,2038710,,,FL,,,Davie,33314,Marketplace value,72.21,57.37,10.12,15.00,67.49,0.00,0.00,0.00,0.00,0.00,0.00,0.00,0.00,0.00,0.00,0,0.00,0.00,0.00,0.00,4.72,0.00,0.00,0.00,0.00,0.00,0.00,0.00,0.00,0.00,0.00,0.00,0.00,4.72,Y,,,,-10.12,Furniture,Furniture & Decor,Nightstands,BSE-82-2.0,,,N,Seller Fulfilled,Delivery,,0.00,,,,New
200011931657865,1,108919668510980,2,,SALE,07/12/2024,1,NFN019NL,06973813985595,Tolead Rattan Nightstand with Charging Station Boho Side Table with Handmade Rattan Decorated Door Bedroom Living Room Natural,2038710,,,FL,,,Davie,33314,Marketplace value,72.21,57.37,10.12,15.00,67.49,0.00,0.00,0.00,0.00,0.00,0.00,0.00,0.00,0.00,0.00,0,0.00,0.00,0.00,0.00,4.72,0.00,0.00,0.00,0.00,0.00,0.00,0.00,0.00,0.00,0.00,0.00,0.00,4.72,Y,,,,-10.12,Furniture,Furniture & Decor,Nightstands,BSE-82-2.0,,,N,Seller Fulfilled,Delivery,,0.00,,,,New
200011931556717,4,108918842898703,1,,SALE,07/05/2024,1,BBC003LG,06976391060210,Tolead Modular Kids Play Couch Child Sectional Sofa Imaginative Furniture Play Set Light Green,2038710,,,NY,,,Canton,13617,Marketplace standard,105.29,82.87,14.62,15.00,97.49,0.00,0.00,0.00,0.00,0.00,0.00,0.00,0.00,0.00,0.00,0,0.00,0.00,0.00,0.00,7.80,0.00,0.00,0.00,0.00,0.00,0.00,0.00,0.00,0.00,0.00,0.00,0.00,7.80,Y,,,,-14.62,Furniture,Toys & Games,Play Furniture Sets,BSE-62-9.0,,,N,Seller Fulfilled,Delivery,,0.00,,,,
200011931298622,4,108918535508032,1,,SALE,07/02/2024,1,NFN029WH,06973813987834,Tolead Barnwood Rustic Nightstand with Charging Station Side Table with Barn Door and Drawers Weathered Oak Style End Table Living Room Bedroom White,2038710,,,OH,,,Findlay,45840,Marketplace standard,74.71,63.74,11.25,15.00,69.99,0.00,0.00,0.00,0.00,0.00,0.00,0.00,0.00,0.00,0.00,0,0.00,0.00,0.00,0.00,4.72,0.00,0.00,0.00,0.00,0.00,0.00,0.00,0.00,0.00,0.00,0.00,0.00,4.72,Y,,,74.99,-11.25,Furniture,Furniture & Decor,Nightstands,BSE-82-2.0,,,N,Seller Fulfilled,Delivery,,0.00,,-5.00,WM_DISC,New
200011931298622,4,108918535508032,2,,SALE,07/02/2024,1,NFN029WH,06973813987834,Tolead Barnwood Rustic Nightstand with Charging Station Side Table with Barn Door and Drawers Weathered Oak Style End Table Living Room Bedroom White,2038710,,,OH,,,Findlay,45840,Marketplace standard,74.71,63.74,11.25,15.00,69.99,0.00,0.00,0.00,0.00,0.00,0.00,0.00,0.00,0.00,0.00,0,0.00,0.00,0.00,0.00,4.72,0.00,0.00,0.00,0.00,0.00,0.00,0.00,0.00,0.00,0.00,0.00,0.00,4.72,Y,,,74.99,-11.25,Furniture,Furniture & Decor,Nightstands,BSE-82-2.0,,,N,Seller Fulfilled,Delivery,,0.00,,-5.00,WM_DISC,New
200011931256330,2,108917797403647,1,,REFUNDED,07/04/2024,1,NFN070BK-WL,06973813987780,Tolead 2 Pcs Modern Diamond Embossed Black Nightstand with 2 Drawers Luxury Metal Legs Bedroom Black & Gold,2038710,,,,,,Lake Orion,48362,,-127.18,-106.24,-18.75,0.00,0.00,-119.98,0.00,0.00,0.00,0.00,0.00,0.00,0.00,0.00,0.00,0,0.00,0.00,0.00,0.00,0.00,0.00,0.00,0.00,0.00,-7.20,0.00,0.00,0.00,0.00,0.00,0.00,0.00,-7.20,Y,Return Refund,5010,124.99,,Furniture,Furniture & Decor,,,1018,Not as described/pictured,N,Seller Fulfilled,,,,,5.01,,
200011931009441,1,108919150751548,1,,SALE,07/07/2024,1,NFN026NL,06973813988411,Tolead 2Pcs Rattan Nightstand with Charging Station Boho Side Table with Handmade Rattan Decorated Door Bedroom Living Room Natural,2038710,,,VA,,,Sterling,20165,Marketplace standard,137.79,110.49,19.50,15.00,129.99,0.00,0.00,0.00,0.00,0.00,0.00,0.00,0.00,0.00,0.00,0,0.00,0.00,0.00,0.00,7.80,0.00,0.00,0.00,0.00,0.00,0.00,0.00,0.00,0.00,0.00,0.00,0.00,7.80,Y,,,,-19.50,Furniture,Furniture & Decor,Nightstands,BSE-82-2.0,,,N,Seller Fulfilled,Delivery,,0.00,,,,
200011916014829,12,108918638519877,1,,SALE,07/03/2024,1,NFN004BK,08711777054845,Tolead Black Wood Nightstand with Charging Station 2 Storage Drawer & Open Shelf Bedroom Office Adult,2038710,,,CA,,,Port Hueneme,93041,Marketplace standard,50.01,39.09,6.90,15.00,45.99,0.00,0.00,0.00,0.00,0.00,0.00,0.00,0.00,0.00,0.00,0,0.00,0.00,0.00,0.00,4.02,0.00,0.00,0.00,0.00,0.00,0.00,0.00,0.00,0.00,0.00,0.00,0.00,4.02,Y,,,,-6.90,Furniture,Furniture & Decor,Nightstands,BSE-82-2.0,,,N,Seller Fulfilled,Delivery,,0.00,,,,
200011916014829,12,108918638519877,2,,SALE,07/03/2024,1,NFN004BK,08711777054845,Tolead Black Wood Nightstand with Charging Station 2 Storage Drawer & Open Shelf Bedroom Office Adult,2038710,,,CA,,,Port Hueneme,93041,Marketplace standard,50.01,39.09,6.90,15.00,45.99,0.00,0.00,0.00,0.00,0.00,0.00,0.00,0.00,0.00,0.00,0,0.00,0.00,0.00,0.00,4.02,0.00,0.00,0.00,0.00,0.00,0.00,0.00,0.00,0.00,0.00,0.00,0.00,4.02,Y,,,,-6.90,Furniture,Furniture & Decor,Nightstands,BSE-82-2.0,,,N,Seller Fulfilled,Delivery,,0.00,,,,
200011915521847,4,108919360015739,1,,SALE,07/10/2024,1,NFN006WH,06973813984574,Tolead Wooden Bathroom Storage Over The Toilet with Adjustable Shelves and Sliding Doors Towels Wood White,2038710,,,OK,,,Seminole,74868,Marketplace value,95.16,76.49,13.50,15.00,89.99,0.00,0.00,0.00,0.00,0.00,0.00,0.00,0.00,0.00,0.00,0,0.00,0.00,0.00,0.00,5.17,0.00,0.00,0.00,0.00,0.00,0.00,0.00,0.00,0.00,0.00,0.00,0.00,5.17,Y,,,,-13.50,Furniture,Home & Garden,Bathtub & Shower Organizers,BSE-65-6.0,,,Y,Seller Fulfilled,Delivery,,0.00,,,,New
200011915521847,4,108919360015739,2,,SALE,07/10/2024,1,NFN006WH,06973813984574,Tolead Wooden Bathroom Storage Over The Toilet with Adjustable Shelves and Sliding Doors Towels Wood White,2038710,,,OK,,,Seminole,74868,Marketplace value,95.16,76.49,13.50,15.00,89.99,0.00,0.00,0.00,0.00,0.00,0.00,0.00,0.00,0.00,0.00,0,0.00,0.00,0.00,0.00,5.17,0.00,0.00,0.00,0.00,0.00,0.00,0.00,0.00,0.00,0.00,0.00,0.00,5.17,Y,,,,-13.50,Furniture,Home & Garden,Bathtub & Shower Organizers,BSE-65-6.0,,,Y,Seller Fulfilled,Delivery,,0.00,,,,New
200011912482541,1,108918122816666,1,,SALE,06/30/2024,1,NFN019NL,06973813985595,Tolead Rattan Nightstand with Charging Station Boho Side Table with Handmade Rattan Decorated Door Bedroom Living Room Natural,2038710,,,CA,,,Riverside,92508,Marketplace standard,72.72,57.37,10.12,15.00,67.49,0.00,0.00,0.00,0.00,0.00,0.00,0.00,0.00,0.00,0.00,0,0.00,0.00,0.00,0.00,5.23,0.00,0.00,0.00,0.00,0.00,0.00,0.00,0.00,0.00,0.00,0.00,0.00,5.23,Y,,,,-10.12,Furniture,Furniture & Decor,Nightstands,BSE-82-2.0,,,N,Seller Fulfilled,Delivery,,0.00,,,,New
200011911119290,1,108918018852968,1,,ADJMNT,06/29/2024,1,NFP012GR,06973813987711,Tolead 6pcs Adjustable Orthopedic Bed Wedge Pillow Set Sleeping Sitting Pillow Gray,2039972,,,WI,,,Sheboygan,53081,Marketplace expedited,0.00,-14.95,14.95,0.00,0.00,0.00,0.00,0.00,0.00,0.00,0.00,0.00,0.00,0.00,0.00,0,0.00,0.00,0.00,0.00,0.00,0.00,0.00,0.00,0.00,0.00,0.00,0.00,0.00,0.00,0.00,0.00,0.00,0.00,Y,WFS Fulfillment fee,5041,,,Bedding,Home & Garden,,,,,N,Walmart-fulfilled(WFS),,,,,,,New
200011908534385,1,108918741378204,1,,SALE,07/04/2024,1,NFN051NL,06976391060470,Tolead Rattan Low Profile TV Stands with Sliding Doors up to 65 TV Natural,2038710,,,NJ,,,Bordentown,08505,Marketplace standard,115.14,91.79,16.20,15.00,107.99,0.00,0.00,0.00,0.00,0.00,0.00,0.00,0.00,0.00,0.00,0,0.00,0.00,0.00,0.00,7.15,0.00,0.00,0.00,0.00,0.00,0.00,0.00,0.00,0.00,0.00,0.00,0.00,7.15,Y,,,,-16.20,Furniture,Furniture & Decor,Television Stands,BSE-82-2.0,,,N,Seller Fulfilled,Delivery,,0.00,,,,
200011900341608,2,108918741583207,1,,SALE,07/04/2024,1,JGWLMA024GR,06973813984529,Tolead 6pcs Modular Imaginative Furniture Play Set Couch Sectional Sofa Gray,2038710,,,FL,,,Homestead,33035,Marketplace value,171.19,135.99,24.00,15.00,159.99,0.00,0.00,0.00,0.00,0.00,0.00,0.00,0.00,0.00,0.00,0,0.00,0.00,0.00,0.00,11.20,0.00,0.00,0.00,0.00,0.00,0.00,0.00,0.00,0.00,0.00,0.00,0.00,11.20,Y,,,,-24.00,Toys,Toys & Games,Play Furniture Sets,BSE-62-9.0,,,N,Seller Fulfilled,Delivery,,0.00,,,,
200011886686824,1,108919049373232,1,,SALE,07/08/2024,1,NFN014BU,06973813987063,Tolead Kitchen Single Trash Cabinet Tilt Out Free Standing Storage Can with Hideaway Drawer and Countertop Wood Blue,2038710,,,NC,,,High Point,27265,Marketplace expedited,106.74,84.99,15.00,15.00,99.99,0.00,0.00,0.00,0.00,0.00,0.00,0.00,0.00,0.00,0.00,0,0.00,0.00,0.00,0.00,6.75,0.00,0.00,0.00,0.00,0.00,0.00,0.00,0.00,0.00,0.00,0.00,0.00,6.75,Y,,,,-15.00,Home Decor  Kitchen  & Other,Home & Garden,Garbage Cans & Wastebaskets,BSE-66-7.0,,,N,Walmart-fulfilled(WFS),Delivery,,0.00,,,,New
200011886686824,1,108919049373232,1,,ADJMNT,07/09/2024,1,NFN014BU,06973813987063,Tolead Kitchen Single Trash Cabinet Tilt Out Free Standing Storage Can with Hideaway Drawer and Countertop Wood Blue,2038710,,,NC,,,High Point,27265,Marketplace expedited,0.00,-16.95,16.95,0.00,0.00,0.00,0.00,0.00,0.00,0.00,0.00,0.00,0.00,0.00,0.00,0,0.00,0.00,0.00,0.00,0.00,0.00,0.00,0.00,0.00,0.00,0.00,0.00,0.00,0.00,0.00,0.00,0.00,0.00,Y,WFS Fulfillment fee,5041,,,Home Decor  Kitchen  & Other,Home & Garden,,,,,N,Walmart-fulfilled(WFS),,,,,,,New
200011884256418,1,108918532783634,1,,SALE,07/01/2024,1,JGWLMC011GR,06973813987216,Tolead 2 Piece Barnwood Rustic Nightstand with Charging Station Barn Door and Drawers Bedroom Gray,2038710,,,TX,,,San Antonio,78250,Marketplace value,128.81,101.14,17.85,15.00,118.99,0.00,0.00,0.00,0.00,0.00,0.00,0.00,0.00,0.00,0.00,0,0.00,0.00,0.00,0.00,9.82,0.00,0.00,0.00,0.00,0.00,0.00,0.00,0.00,0.00,0.00,0.00,0.00,9.82,Y,,,,-17.85,Furniture,Furniture & Decor,Nightstands,BSE-82-2.0,,,N,Seller Fulfilled,Delivery,,0.00,,,,
200011884221736,1,108918327795228,1,,SALE,06/30/2024,1,PTB008SL,06973813986080,Tolead Large Metal Chicken Coop  with Water-Resident and Anti-UV Cover Outdoor Silver,2038710,,,OR,,,Beaverton,97005,Marketplace standard,149.99,127.49,22.50,15.00,149.99,0.00,0.00,0.00,0.00,0.00,0.00,0.00,0.00,0.00,0.00,0,0.00,0.00,0.00,0.00,0.00,0.00,0.00,0.00,0.00,0.00,0.00,0.00,0.00,0.00,0.00,0.00,0.00,0.00,N,,,,-22.50,Animal Accessories,Pet Supplies,Chicken Coops,BSE-53-12.0,,,N,Seller Fulfilled,Delivery,,0.00,,,,New
200011882885069,1,108918122262928,1,,SALE,06/29/2024,1,NFP003GR-WL,06973813983768,Tolead 5pcs Orthopedic Washable Bed Wedge Pillow Set Adjustable Acid Reflux Reading Recovery Health Surgery,2039972,,,NY,,,Thornwood,10594,Marketplace standard,93.19,76.49,13.50,15.00,85.99,0.00,0.00,0.00,0.00,0.00,0.00,0.00,0.00,0.00,0.00,0,0.00,0.00,0.00,0.00,7.20,0.00,0.00,0.00,0.00,0.00,0.00,0.00,0.00,0.00,0.00,0.00,0.00,7.20,Y,,,89.99,-13.50,Bedding,Home & Garden,Wedge Pillows,BSE-67-9.0,,,N,Walmart-fulfilled(WFS),Delivery,,0.00,,-4.00,WM_DISC,
200011882885069,1,108918122262928,1,,ADJMNT,06/30/2024,1,NFP003GR-WL,06973813983768,Tolead 5pcs Orthopedic Washable Bed Wedge Pillow Set Adjustable Acid Reflux Reading Recovery Health Surgery,2039972,,,NY,,,Thornwood,10594,Marketplace standard,0.00,-14.55,14.55,0.00,0.00,0.00,0.00,0.00,0.00,0.00,0.00,0.00,0.00,0.00,0.00,0,0.00,0.00,0.00,0.00,0.00,0.00,0.00,0.00,0.00,0.00,0.00,0.00,0.00,0.00,0.00,0.00,0.00,0.00,Y,WFS Fulfillment fee,5041,89.99,,Bedding,Home & Garden,,,,,N,Walmart-fulfilled(WFS),,,,,,,
200011880419397,2,108919359834306,1,,SALE,07/10/2024,1,NFN017NL,06973813988381,Tolead 2Pcs Rattan Nightstand Set Boho Side Table with Handmade Rattan Decorated Drawer Natural,2038710,,,FL,,,St Augustine,32084,Marketplace value,127.79,101.99,18.00,15.00,119.99,0.00,0.00,0.00,0.00,0.00,0.00,0.00,0.00,0.00,0.00,0,0.00,0.00,0.00,0.00,7.80,0.00,0.00,0.00,0.00,0.00,0.00,0.00,0.00,0.00,0.00,0.00,0.00,7.80,Y,,,,-18.00,Furniture,Furniture & Decor,Nightstands,BSE-82-2.0,,,N,Seller Fulfilled,Delivery,,0.00,,,,
200011879047876,1,108917593368812,1,,REFUNDED,06/25/2024,1,NFN056NL-WL,06976391060005,Tolead Wood Sideboard Buffet Cabinet with Storage Rattan Doors Rustic Modern Kitchen Shelf,2038710,,,,,,Warrington,18976,,-95.39,-76.49,-13.50,0.00,0.00,-89.99,0.00,0.00,0.00,0.00,0.00,0.00,0.00,0.00,0.00,0,0.00,0.00,0.00,0.00,0.00,0.00,0.00,0.00,0.00,-5.40,0.00,0.00,0.00,0.00,0.00,0.00,0.00,-5.40,Y,Return Refund,5010,,,Furniture,Furniture & Decor,,,1018,Not as described/pictured,N,Seller Fulfilled,,,,,,,New
200011878112616,1,108916147632191,1,,ADJMNT,07/07/2024,1,JGWLMD023GR,06973813984741,Tolead Dog Stroller for Medium to Large Dogs Pet Car Gray,2038710,,,NV,,,Henderson,89052,Marketplace standard,0.00,-19.56,0.00,0.00,0.00,0.00,0.00,0.00,0.00,0.00,0.00,0.00,0.00,0.00,0.00,0,0.00,0.00,0.00,0.00,0.00,0.00,0.00,0.00,0.00,0.00,0.00,0.00,0.00,0.00,0.00,0.00,0.00,0.00,Y,Walmart Return Shipping Charge,5013,,,Animal Accessories,Pet Supplies,,,,,N,Seller Fulfilled,,,,,,,
200011875123069,1,108918223765185,1,,SALE,06/30/2024,1,PTB019SL,06973813989784,Tolead Large Metal Chicken Coop Upgrade Tri-Supporting Wire Mesh Chicken Run Chicken Pen with Water-Resident and Anti-UV CoverDuck Rabbit House Outdoor,2038710,,,AR,,,Camden,71701,Marketplace value,151.89,127.49,22.50,15.00,139.99,0.00,0.00,0.00,0.00,0.00,0.00,0.00,0.00,0.00,0.00,0,0.00,0.00,0.00,0.00,11.90,0.00,0.00,0.00,0.00,0.00,0.00,0.00,0.00,0.00,0.00,0.00,0.00,11.90,Y,,,149.99,-22.50,Animal Accessories,Pet Supplies,Chicken Coops,BSE-53-12.0,,,N,Seller Fulfilled,Delivery,,0.00,,-10.00,WM_DISC,
200011870245546,1,108918533243283,1,,SALE,07/02/2024,1,JGWLMD022SL,06973813987612,Tolead 9.2 Diameter Hexagonal Chicken Coop with Galvanized Steel Frame & Water-Resistant Oxford Tarp,2038710,,,CA,,,Irvine,92617,Marketplace standard,150.84,127.49,22.50,15.00,139.99,0.00,0.00,0.00,0.00,0.00,0.00,0.00,0.00,0.00,0.00,0,0.00,0.00,0.00,0.00,10.85,0.00,0.00,0.00,0.00,0.00,0.00,0.00,0.00,0.00,0.00,0.00,0.00,10.85,Y,,,149.99,-22.50,Animal Accessories,Pet Supplies,Chicken Coops,BSE-53-12.0,,,N,Seller Fulfilled,Delivery,,0.00,,-10.00,WM_DISC,
200011849360292,1,108918429400126,1,,SALE,06/30/2024,1,JGWLMC009BK,06973813985878,Tolead 3 Piece 47-63 Wood Dining Table Set with 2 Benches for 4-8 Person Home Kitchen Dining Black,2038710,,,NY,,,Rotterdam,12306,Marketplace standard,183.59,144.49,25.50,15.00,169.99,0.00,0.00,0.00,0.00,0.00,0.00,0.00,0.00,0.00,0.00,0,0.00,0.00,0.00,0.00,13.60,0.00,0.00,0.00,0.00,0.00,0.00,0.00,0.00,0.00,0.00,0.00,0.00,13.60,Y,,,,-25.50,Furniture,Furniture & Decor,Dining Furniture Sets,BSE-82-2.0,,,N,Seller Fulfilled,Delivery,,0.00,,,,
200011849360292,1,108918429400126,1,,REFUNDED,07/02/2024,1,JGWLMC009BK,06973813985878,Tolead 3 Piece 47-63 Wood Dining Table Set with 2 Benches for 4-8 Person Home Kitchen Dining Black,2038710,,,,,,Rotterdam,12306,,-183.59,-144.49,-25.50,0.00,0.00,-169.99,0.00,0.00,0.00,0.00,0.00,0.00,0.00,0.00,0.00,0,0.00,0.00,0.00,0.00,0.00,0.00,0.00,0.00,0.00,-13.60,0.00,0.00,0.00,0.00,0.00,0.00,0.00,-13.60,Y,Return Refund,5010,,,Furniture,Furniture & Decor,,,1007,Item arrived damaged,N,Seller Fulfilled,,,,,,,
200011842319267,1,108918327589568,1,,SALE,06/30/2024,1,JGWLMD030WH,06976391060555,Tolead Toilet Storage Cabinet with Toilet Paper Holder Stand White,2038710,,,WA,,,Clarkston,99403,Marketplace value,137.40,107.94,19.05,15.00,126.99,0.00,0.00,0.00,0.00,0.00,0.00,0.00,0.00,0.00,0.00,0,0.00,0.00,0.00,0.00,10.41,0.00,0.00,0.00,0.00,0.00,0.00,0.00,0.00,0.00,0.00,0.00,0.00,10.41,Y,,,,-19.05,Furniture,Furniture & Decor,Bar Stools,BSE-82-2.0,,,N,Seller Fulfilled,Delivery,,0.00,,,,
200011819787881,2,108918739530845,1,,SALE,07/04/2024,1,NFN051NL,06976391060470,Tolead Rattan Low Profile TV Stands with Sliding Doors up to 65 TV Natural,2038710,,,NJ,,,Jersey City,07302,Marketplace standard,115.14,91.79,16.20,15.00,107.99,0.00,0.00,0.00,0.00,0.00,0.00,0.00,0.00,0.00,0.00,0,0.00,0.00,0.00,0.00,7.15,0.00,0.00,0.00,0.00,0.00,0.00,0.00,0.00,0.00,0.00,0.00,0.00,7.15,Y,,,,-16.20,Furniture,Furniture & Decor,Television Stands,BSE-82-2.0,,,N,Seller Fulfilled,Delivery,,0.00,,,,
200011818479973,1,108919048863619,1,,SALE,07/07/2024,1,NFN009WH,06973813985113,Tolead 46 Wood Kitchen Sideboard Cabinet Coffee Bar Large Farmhouse Buffet White,2038710,,,FL,,,Punta Gorda,33982,Marketplace value,155.14,123.24,21.75,15.00,144.99,0.00,0.00,0.00,0.00,0.00,0.00,0.00,0.00,0.00,0.00,0,0.00,0.00,0.00,0.00,10.15,0.00,0.00,0.00,0.00,0.00,0.00,0.00,0.00,0.00,0.00,0.00,0.00,10.15,Y,,,,-21.75,Furniture,Furniture & Decor,Credenzas & Sideboards,BSE-82-2.0,,,N,Seller Fulfilled,Delivery,,0.00,,,,
200011817691227,3,108914278226680,2,,ADJMNT,06/30/2024,1,NFN056NL-WL,06976391060005,Tolead Wood Sideboard Buffet Cabinet with Storage Rattan Doors Rustic Modern Kitchen Shelf,2038710,,,KS,,,Bel Aire,67226,Marketplace value,0.00,-13.14,0.00,0.00,0.00,0.00,0.00,0.00,0.00,0.00,0.00,0.00,0.00,0.00,0.00,0,0.00,0.00,0.00,0.00,0.00,0.00,0.00,0.00,0.00,0.00,0.00,0.00,0.00,0.00,0.00,0.00,0.00,0.00,Y,Walmart Return Shipping Charge,5013,,,Furniture,Furniture & Decor,,,,,N,Seller Fulfilled,,,,,,,
200011817691227,3,108914278226680,3,,ADJMNT,06/30/2024,1,NFN056NL-WL,06976391060005,Tolead Wood Sideboard Buffet Cabinet with Storage Rattan Doors Rustic Modern Kitchen Shelf,2038710,,,KS,,,Bel Aire,67226,Marketplace value,0.00,-13.15,0.00,0.00,0.00,0.00,0.00,0.00,0.00,0.00,0.00,0.00,0.00,0.00,0.00,0,0.00,0.00,0.00,0.00,0.00,0.00,0.00,0.00,0.00,0.00,0.00,0.00,0.00,0.00,0.00,0.00,0.00,0.00,Y,Walmart Return Shipping Charge,5013,,,Furniture,Furniture & Decor,,,,,N,Seller Fulfilled,,,,,,,
200011817691227,3,108914278226680,1,,ADJMNT,06/30/2024,1,NFN056NL-WL,06976391060005,Tolead Wood Sideboard Buffet Cabinet with Storage Rattan Doors Rustic Modern Kitchen Shelf,2038710,,,KS,,,Bel Aire,67226,Marketplace value,0.00,-26.29,0.00,0.00,0.00,0.00,0.00,0.00,0.00,0.00,0.00,0.00,0.00,0.00,0.00,0,0.00,0.00,0.00,0.00,0.00,0.00,0.00,0.00,0.00,0.00,0.00,0.00,0.00,0.00,0.00,0.00,0.00,0.00,Y,Walmart Return Shipping Charge,5013,,,Furniture,Furniture & Decor,,,,,N,Seller Fulfilled,,,,,,,
200011796946812,2,108918740838533,1,,SALE,07/04/2024,1,NFP014BU,06973813986561,Tolead 5pcs Adjustable Orthopedic Bed Wedge Pillow Set Blue,2039972,,,IA,,,Le Claire,52753,Marketplace value,92.01,76.49,13.50,15.00,85.99,0.00,0.00,0.00,0.00,0.00,0.00,0.00,0.00,0.00,0.00,0,0.00,0.00,0.00,0.00,6.02,0.00,0.00,0.00,0.00,0.00,0.00,0.00,0.00,0.00,0.00,0.00,0.00,6.02,Y,,,89.99,-13.50,Bedding,Home & Garden,Wedge Pillows,BSE-67-9.0,,,N,Seller Fulfilled,Delivery,,0.00,,-4.00,WM_DISC,
200011784310621,1,108913352255566,1,,ADJMNT,06/30/2024,1,PTB003SL,06973813984246,Tolead Large Metal Chicken Coop Upgrade Tri-Supporting Wire Mesh Chicken RunChicken Pen with Water-Resident and Anti-UV CoverDuck Rabbit House Outdoor,2038710,,,NY,,,East Aurora,14052,Marketplace standard,0.00,-32.43,0.00,0.00,0.00,0.00,0.00,0.00,0.00,0.00,0.00,0.00,0.00,0.00,0.00,0,0.00,0.00,0.00,0.00,0.00,0.00,0.00,0.00,0.00,0.00,0.00,0.00,0.00,0.00,0.00,0.00,0.00,0.00,Y,Walmart Return Shipping Charge,5013,199.99,,Animal Other,Pet Supplies,,,,,N,Seller Fulfilled,,,,,,,
